iliad,23,1,SDDDDA,ὣς οἳ μὲν στενάχοντο ,κατὰ πτόλιν αὐτὰρ ἀχαιοὶ
iliad,23,2,SSDSDA,ἐπεὶ δὴ νῆάς ,τε καὶ ἑλλήσποντον ἵκοντο
iliad,23,3,DSDDDA,οἳ μὲν ἄρ ἐσκίδναντο ,ἑὴν ἐπὶ νῆα ἕκαστος
iliad,23,4,DSDSDA,μυρμιδόνας δ οὐκ εἴα ,ἀποσκίδνασθαι ἀχιλλεύς
iliad,23,5,DDDDDA,ἀλλ ὅ γε οἷς ἑτάροισι ,φιλοπτολέμοισι μετηύδα
iliad,23,6,DDDDDA,‘μυρμιδόνες ταχύπωλοι ,ἐμοὶ ἐρίηρες ἑταῖροι
iliad,23,7,SDDDDA,μὴ δή πω ὑπ ὄχεσφι ,λυώμεθα μώνυχας ἵππους
iliad,23,8,SSDDDA,ἀλλ αὐτοῖς ἵπποισι ,καὶ ἅρμασιν ἆσσον ἰόντες
iliad,23,9,SSDDDA,πάτροκλον κλαίωμεν ,ὃ γὰρ γέρας ἐστὶ θανόντων
iliad,23,10,DDDSDA,αὐτὰρ ἐπεί κ ὀλοοῖο ,τεταρπώμεσθα γόοιο
iliad,23,11,SDSDDA,ἵππους λυσάμενοι ,δορπήσομεν ἐνθάδε πάντες
iliad,23,12,DSDDDA,ὣς ἔφαθ οἳ δ ᾤμωξαν ,ἀολλέες ἦρχε δ ἀχιλλεύς
iliad,23,13,SDDDDA,οἳ δὲ τρὶς περὶ νεκρὸν ,ἐΰτριχας ἤλασαν ἵππους
iliad,23,14,DDDDDA,μυρόμενοι μετὰ δέ ,σφι θέτις γόου ἵμερον ὦρσε
iliad,23,15,SDSDDA,δεύοντο ψάμαθοι ,δεύοντο δὲ τεύχεα φωτῶν
iliad,23,16,DSDSDA,δάκρυσι τοῖον γὰρ ,πόθεον μήστωρα φόβοιο
iliad,23,17,DDDSDA,τοῖσι δὲ πηλεΐδης ,ἁδινοῦ ἐξῆρχε γόοιο
iliad,23,18,DDDSDA,χεῖρας ἐπ ἀνδροφόνους ,θέμενος στήθεσσιν ἑταίρου
iliad,23,19,DSDDDA,χαῖρέ μοι ὦ πάτροκλε ,καὶ εἰν ἀΐδαο δόμοισι
iliad,23,20,DSDDDA,πάντα γὰρ ἤδη τοι ,τελέω τὰ πάροιθεν ὑπέστην
iliad,23,21,DDSDDA,ἕκτορα δεῦρ ἐρύσας ,δώσειν κυσὶν ὠμὰ δάσασθαι
iliad,23,22,DDDDDA,δώδεκα δὲ προπάροιθε ,πυρῆς ἀποδειροτομήσειν
iliad,23,23,SDDDDA,τρώων ἀγλαὰ τέκνα ,σέθεν κταμένοιο χολωθείς
iliad,23,24,DDDDDA,ἦ ῥα καὶ ἕκτορα δῖον ,ἀεικέα μήδετο ἔργα
iliad,23,25,DDDDDA,πρηνέα πὰρ λεχέεσσι ,μενοιτιάδαο τανύσσας
iliad,23,26,DSDSDA,ἐν κονίῃς οἳ δ ἔντε ,ἀφωπλίζοντο ἕκαστος
iliad,23,27,DSDSDA,χάλκεα μαρμαίροντα ,λύον δ ὑψηχέας ἵππους
iliad,23,28,SDDDDA,κὰδ δ ἷζον παρὰ νηῒ ,ποδώκεος αἰακίδαο
iliad,23,29,DDDDDA,μυρίοι αὐτὰρ ὃ τοῖσι ,τάφον μενοεικέα δαίνυ
iliad,23,30,SDDDDA,πολλοὶ μὲν βόες ἀργοὶ ,ὀρέχθεον ἀμφὶ σιδήρῳ
iliad,23,31,DSDSDA,σφαζόμενοι πολλοὶ ,δ ὄϊες καὶ μηκάδες αἶγες
iliad,23,32,SDDDDA,πολλοὶ δ ἀργιόδοντες ,ὕες θαλέθοντες ἀλοιφῇ
iliad,23,33,DDDDSA,εὑόμενοι τανύοντο ,διὰ φλογὸς ἡφαίστοιο
iliad,23,34,SDDDDA,πάντῃ δ ἀμφὶ νέκυν ,κοτυλήρυτον ἔρρεεν αἷμα
iliad,23,35,SDDDDA,αὐτὰρ τόν γε ἄνακτα ,ποδώκεα πηλεΐωνα
iliad,23,36,DDDDDA,εἰς ἀγαμέμνονα δῖον ,ἄγον βασιλῆες ἀχαιῶν
iliad,23,37,SDDSDA,σπουδῇ παρπεπιθόντες ,ἑταίρου χωόμενον κῆρ
iliad,23,38,DDDDDA,οἳ δ ὅτε δὴ κλισίην ,ἀγαμέμνονος ἷξον ἰόντες
iliad,23,39,DSDSDA,αὐτίκα κηρύκεσσι ,λιγυφθόγγοισι κέλευσαν
iliad,23,40,DSDDDA,ἀμφὶ πυρὶ στῆσαι ,τρίποδα μέγαν εἰ πεπίθοιεν
iliad,23,41,DSDDDA,πηλεΐδην λούσασθαι ,ἄπο βρότον αἱματόεντα
iliad,23,42,DSDDDA,αὐτὰρ ὅ γ ἠρνεῖτο ,στερεῶς ἐπὶ δ ὅρκον ὄμοσσεν
iliad,23,43,SSDDDA,‘οὐ μὰ ζῆν ὅς τίς ,τε θεῶν ὕπατος καὶ ἄριστος
iliad,23,44,DDDDDA,οὐ θέμις ἐστὶ λοετρὰ ,καρήατος ἆσσον ἱκέσθαι
iliad,23,45,DSDDDA,πρίν γ ἐνὶ πάτροκλον ,θέμεναι πυρὶ σῆμά τε χεῦαι
iliad,23,46,SDDDDA,κείρασθαί τε κόμην ,ἐπεὶ οὔ μ ἔτι δεύτερον ὧδε
iliad,23,47,DDSSDA,ἵξετ ἄχος κραδίην ,ὄφρα ζωοῖσι μετείω
iliad,23,48,SSDSDA,ἀλλ ἤτοι νῦν μὲν ,στυγερῇ πειθώμεθα δαιτί
iliad,23,49,SSDSDA,ἠῶθεν δ ὄτρυνον ,ἄναξ ἀνδρῶν ἀγάμεμνον
iliad,23,50,SDDSDA,ὕλην τ ἀξέμεναι ,παρά τε σχεῖν ὅσσ ἐπιεικὲς
iliad,23,51,DDDDDA,νεκρὸν ἔχοντα νέεσθαι ,ὑπὸ ζόφον ἠερόεντα
iliad,23,52,SSDDDA,ὄφρ ἤτοι τοῦτον ,μὲν ἐπιφλέγῃ ἀκάματον πῦρ
iliad,23,53,DSSDDA,θᾶσσον ἀπ ὀφθαλμῶν ,λαοὶ δ ἐπὶ ἔργα τράπωνται
iliad,23,54,DDDDDA,ὣς ἔφαθ οἳ δ ἄρα τοῦ ,μάλα μὲν κλύον ἠδὲ πίθοντο
iliad,23,55,DDDSDA,ἐσσυμένως δ ἄρα δόρπον ,ἐφοπλίσσαντες ἕκαστοι
iliad,23,56,SDDDDA,δαίνυντ οὐδέ τι θυμὸς ,ἐδεύετο δαιτὸς ἐΐσης
iliad,23,57,DDDDDA,αὐτὰρ ἐπεὶ πόσιος ,καὶ ἐδητύος ἐξ ἔρον ἕντο
iliad,23,58,SSDDDA,οἳ μὲν κακκείοντες ,ἔβαν κλισίην δὲ ἕκαστος
iliad,23,59,DDDSDA,πηλεΐδης δ ἐπὶ θινὶ ,πολυφλοίσβοιο θαλάσσης
iliad,23,60,DDDDDA,κεῖτο βαρὺ στενάχων ,πολέσιν μετὰ μυρμιδόνεσσιν
iliad,23,61,DDDDSA,ἐν καθαρῷ ὅθι κύματ ,ἐπ ἠϊόνος κλύζεσκον
iliad,23,62,DDDDDA,εὖτε τὸν ὕπνος ἔμαρπτε ,λύων μελεδήματα θυμοῦ
iliad,23,63,DDDDDA,νήδυμος ἀμφιχυθείς ,μάλα γὰρ κάμε φαίδιμα γυῖα
iliad,23,64,DSDDDA,ἕκτορ ἐπαΐσσων ,προτὶ ἴλιον ἠνεμόεσσαν
iliad,23,65,DSSSSA,ἦλθε δ ἐπὶ ψυχὴ ,πατροκλῆος δειλοῖο
iliad,23,66,SDDDDA,πάντ αὐτῷ μέγεθός ,τε καὶ ὄμματα κάλ ἐϊκυῖα
iliad,23,67,SSDDDA,καὶ φωνήν καὶ τοῖα ,περὶ χροῒ εἵματα ἕστο
iliad,23,68,DDSSDA,στῆ δ ἄρ ὑπὲρ κεφαλῆς ,καί μιν πρὸς μῦθον ἔειπεν
iliad,23,69,SDDDDA,‘εὕδεις αὐτὰρ ἐμεῖο ,λελασμένος ἔπλευ ἀχιλλεῦ
iliad,23,70,SSDSDA,οὐ μέν μευ ζώοντος ,ἀκήδεις ἀλλὰ θανόντος
iliad,23,71,DDDDDA,θάπτέ με ὅττι τάχιστα ,πύλας ἀΐδαο περήσω
iliad,23,72,DSSSDA,τῆλέ με εἴργουσι ,ψυχαὶ εἴδωλα καμόντων
iliad,23,73,DSDDDA,οὐδέ μέ πω μίσγεσθαι ,ὑπὲρ ποταμοῖο ἐῶσιν
iliad,23,74,SDDDDA,ἀλλ αὔτως ἀλάλημαι ,ἀν εὐρυπυλὲς ἄϊδος δῶ
iliad,23,75,SSDDDA,καί μοι δὸς τὴν χεῖρ ,ὀλοφύρομαι οὐ γὰρ ἔτ αὖτις
iliad,23,76,DDDDDA,νίσομαι ἐξ ἀΐδαο ,ἐπήν με πυρὸς λελάχητε
iliad,23,77,SSDDDA,οὐ μὲν γὰρ ζωοί ,γε φίλων ἀπάνευθεν ἑταίρων
iliad,23,78,SDSDDA,βουλὰς ἑζόμενοι ,βουλεύσομεν ἀλλ ἐμὲ μὲν κὴρ
iliad,23,79,DDSDDA,ἀμφέχανε στυγερή ,ἥ περ λάχε γιγνόμενόν περ
iliad,23,80,DSDDDA,καὶ δὲ σοὶ αὐτῷ μοῖρα ,θεοῖς ἐπιείκελ ἀχιλλεῦ
iliad,23,81,DSSDDA,τείχει ὕπο τρώων ,εὐηφενέων ἀπολέσθαι
iliad,23,82,DDDDDA,ἄλλο δέ τοι ἐρέω ,καὶ ἐφήσομαι αἴ κε πίθηαι
iliad,23,83,DDDDDA,μὴ ἐμὰ σῶν ἀπάνευθε ,τιθήμεναι ὀστέ ἀχιλλεῦ
iliad,23,84,DDDDDA,ἀλλ ὁμοῦ ὡς ἐτράφημεν ,ἐν ὑμετέροισι δόμοισιν
iliad,23,85,DDDDDA,εὖτέ με τυτθὸν ἐόντα ,μενοίτιος ἐξ ὀπόεντος
iliad,23,86,DDSDDA,ἤγαγεν ὑμέτερόνδ ,ἀνδροκτασίης ὕπο λυγρῆς
iliad,23,87,DDDDDA,ἤματι τῷ ὅτε παῖδα ,κατέκτανον ἀμφιδάμαντος
iliad,23,88,DDSDDA,νήπιος οὐκ ἐθέλων ,ἀμφ ἀστραγάλοισι χολωθείς
iliad,23,89,DDSDDA,ἔνθά με δεξάμενος ,ἐν δώμασιν ἱππότα πηλεὺς
iliad,23,90,DDSDDA,ἔτραφέ τ ἐνδυκέως ,καὶ σὸν θεράποντ ὀνόμηνεν
iliad,23,91,DDDDDA,ὣς δὲ καὶ ὀστέα νῶϊν ,ὁμὴ σορὸς ἀμφικαλύπτοι
iliad,23,92,DDSDDA,χρύσεος ἀμφιφορεύς ,τόν τοι πόρε πότνια μήτηρ
iliad,23,93,DDDDDA,τὸν δ ἀπαμειβόμενος ,προσέφη πόδας ὠκὺς ἀχιλλεύς
iliad,23,94,DSDSSA,‘τίπτέ μοι ἠθείη ,κεφαλὴ δεῦρ εἰλήλουθας
iliad,23,95,SDDDDA,καί μοι ταῦτα ἕκαστ ,ἐπιτέλλεαι αὐτὰρ ἐγώ τοι
iliad,23,96,DDSDDA,πάντα μάλ ἐκτελέω ,καὶ πείσομαι ὡς σὺ κελεύεις
iliad,23,97,DSDDDA,ἀλλά μοι ἆσσον στῆθι ,μίνυνθά περ ἀμφιβαλόντε
iliad,23,98,SDDSDA,ἀλλήλους ὀλοοῖο ,τεταρπώμεσθα γόοιο
iliad,23,99,DSSDDA,ὣς ἄρα φωνήσας ,ὠρέξατο χερσὶ φίλῃσιν
iliad,23,100,DSDDDA,οὐδ ἔλαβε ψυχὴ ,δὲ κατὰ χθονὸς ἠΰτε καπνὸς
iliad,23,101,DSDDDA,ᾤχετο τετριγυῖα ,ταφὼν δ ἀνόρουσεν ἀχιλλεὺς
iliad,23,102,DDDDDA,χερσί τε συμπλατάγησεν ,ἔπος δ ὀλοφυδνὸν ἔειπεν
iliad,23,103,DDDDDA,‘ὢ πόποι ἦ ῥά τίς ἐστι ,καὶ εἰν ἀΐδαο δόμοισι
iliad,23,104,SSDDDA,ψυχὴ καὶ εἴδωλον ,ἀτὰρ φρένες οὐκ ἔνι πάμπαν
iliad,23,105,DSSSSA,παννυχίη γάρ μοι ,πατροκλῆος δειλοῖο
iliad,23,106,DSDDDA,ψυχὴ ἐφεστήκει ,γοόωσά τε μυρομένη τε
iliad,23,107,DDDDDA,καί μοι ἕκαστ ἐπέτελλεν ,ἔϊκτο δὲ θέσκελον αὐτῷ
iliad,23,108,DDDDDA,ὣς φάτο τοῖσι δὲ πᾶσιν ,ὑφ ἵμερον ὦρσε γόοιο
iliad,23,109,DDDDDA,μυρομένοισι δὲ τοῖσι ,φάνη ῥοδοδάκτυλος ἠὼς
iliad,23,110,DDDSDA,ἀμφὶ νέκυν ἐλεεινόν ,ἀτὰρ κρείων ἀγαμέμνων
iliad,23,111,SDSDDA,οὐρῆάς τ ὄτρυνε ,καὶ ἀνέρας ἀξέμεν ὕλην
iliad,23,112,DDDSDA,πάντοθεν ἐκ κλισιῶν ,ἐπὶ δ ἀνὴρ ἐσθλὸς ὀρώρει
iliad,23,113,DDDDDA,μηριόνης θεράπων ,ἀγαπήνορος ἰδομενῆος
iliad,23,114,DDDSDA,οἳ δ ἴσαν ὑλοτόμους ,πελέκεας ἐν χερσὶν ἔχοντες
iliad,23,115,SSDSDA,σειράς τ εὐπλέκτους ,πρὸ δ ἄρ οὐρῆες κίον αὐτῶν
iliad,23,116,DDDDDA,πολλὰ δ ἄναντα κάταντα ,πάραντά τε δόχμιά τ ἦλθον
iliad,23,117,DSDDDA,ἀλλ ὅτε δὴ κνημοὺς ,προσέβαν πολυπίδακος ἴδης
iliad,23,118,DSDDDA,αὐτίκ ἄρα δρῦς ὑψικόμους ,ταναήκεϊ χαλκῷ
iliad,23,119,DDSDDA,τάμνον ἐπειγόμενοι ,ταὶ δὲ μεγάλα κτυπέουσαι
iliad,23,120,SDDSDA,πῖπτον τὰς μὲν ἔπειτα ,διαπλήσσοντες ἀχαιοὶ
iliad,23,121,DDSDDA,ἔκδεον ἡμιόνων ,ταὶ δὲ χθόνα ποσσὶ δατεῦντο
iliad,23,122,DDDSDA,ἐλδόμεναι πεδίοιο ,διὰ ῥωπήϊα πυκνά
iliad,23,123,SDSDDA,πάντες δ ὑλοτόμοι ,φιτροὺς φέρον ὡς γὰρ ἀνώγει
iliad,23,124,DDDDDA,μηριόνης θεράπων ,ἀγαπήνορος ἰδομενῆος
iliad,23,125,DSDDDA,κὰδ δ ἄρ ἐπ ἀκτῆς βάλλον ,ἐπισχερώ ἔνθ ἄρ ἀχιλλεὺς
iliad,23,126,DSDDDA,φράσσατο πατρόκλῳ ,μέγα ἠρίον ἠδὲ οἷ αὐτῷ
iliad,23,127,DSDDDA,αὐτὰρ ἐπεὶ πάντῃ ,παρακάββαλον ἄσπετον ὕλην
iliad,23,128,DDDDDA,ἥατ ἄρ αὖθι μένοντες ,ἀολλέες αὐτὰρ ἀχιλλεὺς
iliad,23,129,DDDDDA,αὐτίκα μυρμιδόνεσσι ,φιλοπτολέμοισι κέλευσε
iliad,23,130,SSSDDA,χαλκὸν ζώννυσθαι ,ζεῦξαι δ ὑπ ὄχεσφιν ἕκαστον
iliad,23,131,SSDSDA,ἵππους οἳ δ ὄρνυντο ,καὶ ἐν τεύχεσσιν ἔδυνον
iliad,23,132,DSDDDA,ἂν δ ἔβαν ἐν δίφροισι ,παραιβάται ἡνίοχοί τε
iliad,23,133,DSDDDA,πρόσθε μὲν ἱππῆες ,μετὰ δὲ νέφος εἵπετο πεζῶν
iliad,23,134,DDDSDA,μυρίοι ἐν δὲ μέσοισι ,φέρον πάτροκλον ἑταῖροι
iliad,23,135,DDDDDA,θριξὶ δὲ πάντα νέκυν ,καταείνυσαν ἃς ἐπέβαλλον
iliad,23,136,DDDDDA,κειρόμενοι ὄπιθεν ,δὲ κάρη ἔχε δῖος ἀχιλλεὺς
iliad,23,137,DDDDDA,ἀχνύμενος ἕταρον ,γὰρ ἀμύμονα πέμπ ἄϊδος δέ
iliad,23,138,DDDDDA,οἳ δ ὅτε χῶρον ἵκανον ,ὅθί σφισι πέφραδ ἀχιλλεὺς
iliad,23,139,DDDDDA,κάτθεσαν αἶψα δέ οἱ ,μενοεικέα νήεον ὕλην
iliad,23,140,SDDSDA,ἔνθ αὖτ ἄλλ ἐνόησε ,ποδάρκης δῖος ἀχιλλεύς
iliad,23,141,DDSDDA,στὰς ἀπάνευθε πυρῆς ,ξανθὴν ἀπεκείρατο χαίτην
iliad,23,142,SSDDDA,τήν ῥα σπερχειῷ ,ποταμῷ τρέφε τηλεθόωσαν
iliad,23,143,SDDDDA,ὀχθήσας δ ἄρα εἶπεν ,ἰδὼν ἐπὶ οἴνοπα πόντον
iliad,23,144,SSDSDA,σπερχεί ἄλλως σοί ,γε πατὴρ ἠρήσατο πηλεὺς
iliad,23,145,DSDSDA,κεῖσέ με νοστήσαντα ,φίλην ἐς πατρίδα γαῖαν
iliad,23,146,DDSDDA,σοί τε κόμην κερέειν ,ῥέξειν θ ἱερὴν ἑκατόμβην
iliad,23,147,SDDDDA,πεντήκοντα δ ἔνορχα ,παρ αὐτόθι μῆλ ἱερεύσειν
iliad,23,148,SDDSDA,ἐς πηγάς ὅθι τοι ,τέμενος βωμός τε θυήεις
iliad,23,149,SDDDDA,ὣς ἠρᾶθ ὃ γέρων ,σὺ δέ οἱ νόον οὐκ ἐτέλεσσας
iliad,23,150,DDDSDA,νῦν δ ἐπεὶ οὐ νέομαί ,γε φίλην ἐς πατρίδα γαῖαν
iliad,23,151,SSDDDA,πατρόκλῳ ἥρωϊ ,κόμην ὀπάσαιμι φέρεσθαι
iliad,23,152,SSDDDA,ὣς εἰπὼν ἐν χερσὶ ,κόμην ἑτάροιο φίλοιο
iliad,23,153,SDDDDA,θῆκεν τοῖσι δὲ πᾶσιν ,ὑφ ἵμερον ὦρσε γόοιο
iliad,23,154,DDDDDA,καί νύ κ ὀδυρομένοισιν ,ἔδυ φάος ἠελίοιο
iliad,23,155,DSDDDA,εἰ μὴ ἀχιλλεὺς αἶψ ,ἀγαμέμνονι εἶπε παραστάς
iliad,23,156,DSDDDA,ἀτρεΐδη σοὶ γάρ ,τε μάλιστά γε λαὸς ἀχαιῶν
iliad,23,157,SSDDDA,πείσονται μύθοισι ,γόοιο μὲν ἔστι καὶ ἆσαι
iliad,23,158,DDDSDA,νῦν δ ἀπὸ πυρκαϊῆς ,σκέδασον καὶ δεῖπνον ἄνωχθι
iliad,23,159,SDDDDA,ὅπλεσθαι τάδε δ ἀμφὶ ,πονησόμεθ οἷσι μάλιστα
iliad,23,160,DDDDDA,κήδεός ἐστι νέκυς ,παρὰ δ οἵ τ ἀγοὶ ἄμμι μενόντων
iliad,23,161,DDDSDA,αὐτὰρ ἐπεὶ τό γ ἄκουσεν ,ἄναξ ἀνδρῶν ἀγαμέμνων
iliad,23,162,DSDDDA,αὐτίκα λαὸν μὲν ,σκέδασεν κατὰ νῆας ἐΐσας
iliad,23,163,DDDSDA,κηδεμόνες δὲ παρ αὖθι ,μένον καὶ νήεον ὕλην
iliad,23,164,SDDDDA,ποίησαν δὲ πυρὴν ,ἑκατόμπεδον ἔνθα καὶ ἔνθα
iliad,23,165,DDSDDA,ἐν δὲ πυρῇ ὑπάτῃ ,νεκρὸν θέσαν ἀχνύμενοι κῆρ
iliad,23,166,DDDDDA,πολλὰ δὲ ἴφια μῆλα ,καὶ εἰλίποδας ἕλικας βοῦς
iliad,23,167,DDDDDA,πρόσθε πυρῆς ἔδερόν ,τε καὶ ἄμφεπον ἐκ δ ἄρα πάντων
iliad,23,168,DDDDDA,δημὸν ἑλὼν ἐκάλυψε ,νέκυν μεγάθυμος ἀχιλλεὺς
iliad,23,169,DDDDDA,ἐς πόδας ἐκ κεφαλῆς ,περὶ δὲ δρατὰ σώματα νήει
iliad,23,170,DDDDDA,ἐν δ ἐτίθει μέλιτος ,καὶ ἀλείφατος ἀμφιφορῆας
iliad,23,171,DSDDDA,πρὸς λέχεα κλίνων ,πίσυρας δ ἐριαύχενας ἵππους
iliad,23,172,DDDDDA,ἐσσυμένως ἐνέβαλλε ,πυρῇ μεγάλα στεναχίζων
iliad,23,173,DDDSDA,ἐννέα τῷ γε ἄνακτι ,τραπεζῆες κύνες ἦσαν
iliad,23,174,SDDDDA,καὶ μὲν τῶν ἐνέβαλλε ,πυρῇ δύο δειροτομήσας
iliad,23,175,DSDSDA,δώδεκα δὲ τρώων ,μεγαθύμων υἱέας ἐσθλοὺς
iliad,23,176,SDDDDA,χαλκῷ δηϊόων ,κακὰ δὲ φρεσὶ μήδετο ἔργα
iliad,23,177,DDDDDA,ἐν δὲ πυρὸς μένος ἧκε ,σιδήρεον ὄφρα νέμοιτο
iliad,23,178,SDDDDA,ᾤμωξέν τ ἄρ ἔπειτα ,φίλον δ ὀνόμηνεν ἑταῖρον
iliad,23,179,DSDDDA,‘χαῖρέ μοι ὦ πάτροκλε ,καὶ εἰν ἀΐδαο δόμοισι
iliad,23,180,DSDDDA,πάντα γὰρ ἤδη τοι ,τελέω τὰ πάροιθεν ὑπέστην
iliad,23,181,DSDSDA,δώδεκα μὲν τρώων ,μεγαθύμων υἱέας ἐσθλοὺς
iliad,23,182,DSSDDA,τοὺς ἅμα σοὶ πάντας ,πῦρ ἐσθίει ἕκτορα δ οὔ τι
iliad,23,183,SDDDDA,δώσω πριαμίδην ,πυρὶ δαπτέμεν ἀλλὰ κύνεσσιν
iliad,23,184,DSSDDA,ὣς φάτ ἀπειλήσας ,τὸν δ οὐ κύνες ἀμφεπένοντο
iliad,23,185,DDDDDA,ἀλλὰ κύνας μὲν ἄλαλκε ,διὸς θυγάτηρ ἀφροδίτη
iliad,23,186,DSDDDA,ἤματα καὶ νύκτας ,ῥοδόεντι δὲ χρῖεν ἐλαίῳ
iliad,23,187,DDDDSA,ἀμβροσίῳ ἵνα μή ,μιν ἀποδρύφοι ἑλκυστάζων
iliad,23,188,DDDDDA,τῷ δ ἐπὶ κυάνεον ,νέφος ἤγαγε φοῖβος ἀπόλλων
iliad,23,189,DDDDDA,οὐρανόθεν πεδίον ,δέ κάλυψε δὲ χῶρον ἅπαντα
iliad,23,190,DDSDDA,ὅσσον ἐπεῖχε νέκυς ,μὴ πρὶν μένος ἠελίοιο
iliad,23,191,SDDDDA,σκήλει ἀμφὶ περὶ ,χρόα ἴνεσιν ἠδὲ μέλεσσιν
iliad,23,192,DSDDSA,οὐδὲ πυρὴ πατρόκλου ,ἐκαίετο τεθνηῶτος
iliad,23,193,SDDSDA,ἔνθ αὖτ ἀλλ ἐνόησε ,ποδάρκης δῖος ἀχιλλεύς
iliad,23,194,DDSSDA,στὰς ἀπάνευθε πυρῆς ,δοιοῖς ἠρᾶτ ἀνέμοισι
iliad,23,195,SDDDDA,‘βορέῃ καὶ ζεφύρῳ ,καὶ ὑπίσχετο ἱερὰ καλά
iliad,23,196,DSDDDA,πολλὰ δὲ καὶ σπένδων ,χρυσέῳ δέπαϊ λιτάνευεν
iliad,23,197,DDDDDA,ἐλθέμεν ὄφρα τάχιστα ,πυρὶ φλεγεθοίατο νεκροί
iliad,23,198,SSDDDA,ὕλη τε σεύαιτο ,καήμεναι ὦκα δὲ ἶρις
iliad,23,199,SDDDDA,ἀράων ἀΐουσα ,μετάγγελος ἦλθ ἀνέμοισιν
iliad,23,200,DDDDDA,οἳ μὲν ἄρα ζεφύροιο ,δυσαέος ἀθρόοι ἔνδον
iliad,23,201,DSDDDA,εἰλαπίνην δαίνυντο ,θέουσα δὲ ἶρις ἐπέστη
iliad,23,202,DDSDSA,βηλῷ ἔπι λιθέῳ ,τοὶ δ ὡς ἴδον ὀφθαλμοῖσι
iliad,23,203,DSDDDA,πάντες ἀνήϊξαν ,κάλεόν τέ μιν εἰς ἓ ἕκαστος
iliad,23,204,SSDDDA,ἣ δ αὖθ ἕζεσθαι ,μὲν ἀνήνατο εἶπε δὲ μῦθον
iliad,23,205,DDDDDA,οὐχ ἕδος εἶμι γὰρ αὖτις ,ἐπ ὠκεανοῖο ῥέεθρα
iliad,23,206,DSDSDA,αἰθιόπων ἐς γαῖαν ,ὅθι ῥέζουσ ἑκατόμβας
iliad,23,207,DDDDDA,ἀθανάτοις ἵνα δὴ ,καὶ ἐγὼ μεταδαίσομαι ἱρῶν
iliad,23,208,DDSDDA,ἀλλ ἀχιλεὺς βορέην ,ἠδὲ ζέφυρον κελαδεινὸν
iliad,23,209,SSDDDA,ἐλθεῖν ἀρᾶται ,καὶ ὑπίσχεται ἱερὰ καλά
iliad,23,210,DSDDDA,ὄφρα πυρὴν ὄρσητε ,καήμεναι ᾗ ἔνι κεῖται
iliad,23,211,SSDDDA,πάτροκλος τὸν πάντες ,ἀναστενάχουσιν ἀχαιοί
iliad,23,212,DSDDDA,ἣ μὲν ἄρ ὣς εἰποῦσ ,ἀπεβήσετο τοὶ δ ὀρέοντο
iliad,23,213,SDDDDA,ἠχῇ θεσπεσίῃ ,νέφεα κλονέοντε πάροιθεν
iliad,23,214,DDDDDA,αἶψα δὲ πόντον ἵκανον ,ἀήμεναι ὦρτο δὲ κῦμα
iliad,23,215,DDSDDA,πνοιῇ ὕπο λιγυρῇ ,τροίην δ ἐρίβωλον ἱκέσθην
iliad,23,216,DDDDDA,ἐν δὲ πυρῇ πεσέτην ,μέγα δ ἴαχε θεσπιδαὲς πῦρ
iliad,23,217,DDDDDA,παννύχιοι δ ἄρα τοί ,γε πυρῆς ἄμυδις φλόγ ἔβαλλον
iliad,23,218,SDDDDA,φυσῶντες λιγέως ,ὃ δὲ πάννυχος ὠκὺς ἀχιλλεὺς
iliad,23,219,DSDDDA,χρυσέου ἐκ κρητῆρος ,ἑλὼν δέπας ἀμφικύπελλον
iliad,23,220,DDDDDA,οἶνον ἀφυσσόμενος ,χαμάδις χέε δεῦε δὲ γαῖαν
iliad,23,221,SSSSSA,ψυχὴν κικλήσκων ,πατροκλῆος δειλοῖο
iliad,23,222,DSDDDA,ὡς δὲ πατὴρ οὗ παιδὸς ,ὀδύρεται ὀστέα καίων
iliad,23,223,DDSDDA,νυμφίου ὅς τε θανὼν ,δειλοὺς ἀκάχησε τοκῆας
iliad,23,224,DDDDDA,ὣς ἀχιλεὺς ἑτάροιο ,ὀδύρετο ὀστέα καίων
iliad,23,225,SDDDDA,ἑρπύζων παρὰ πυρκαϊὴν ,ἁδινὰ στεναχίζων
iliad,23,226,NNNNNN,NA,NA
iliad,23,227,DDDDDA,ὅν τε μέτα κροκόπεπλος ,ὑπεὶρ ἅλα κίδναται ἠώς
iliad,23,228,SDDDDA,τῆμος πυρκαϊὴ ,ἐμαραίνετο παύσατο δὲ φλόξ
iliad,23,229,DDDSDA,οἳ δ ἄνεμοι πάλιν αὖτις ,ἔβαν οἶκον δὲ νέεσθαι
iliad,23,230,DDDDDA,θρηΐκιον κατὰ πόντον ,ὃ δ ἔστενεν οἴδματι θύων
iliad,23,231,DDDDDA,πηλεΐδης δ ἀπὸ πυρκαϊῆς ,ἑτέρωσε λιασθεὶς
iliad,23,232,SSDDDA,κλίνθη κεκμηώς ,ἐπὶ δὲ γλυκὺς ὕπνος ὄρουσεν
iliad,23,233,SDDDDA,οἳ δ ἀμφ ἀτρεΐωνα ,ἀολλέες ἠγερέθοντο
iliad,23,234,DDDSDA,τῶν μιν ἐπερχομένων ,ὅμαδος καὶ δοῦπος ἔγειρεν
iliad,23,235,DSSSDA,ἕζετο δ ὀρθωθεὶς ,καί σφεας πρὸς μῦθον ἔειπεν
iliad,23,236,DDDSDA,‘ἀτρεΐδη τε καὶ ἄλλοι ,ἀριστῆες παναχαιῶν
iliad,23,237,SDDDDA,πρῶτον μὲν κατὰ πυρκαϊὴν ,σβέσατ αἴθοπι οἴνῳ
iliad,23,238,DDDDDA,πᾶσαν ὁπόσσον ἐπέσχε ,πυρὸς μένος αὐτὰρ ἔπειτα
iliad,23,239,DSDDDA,ὀστέα πατρόκλοιο ,μενοιτιάδαο λέγωμεν
iliad,23,240,DSDDDA,εὖ διαγιγνώσκοντες ,ἀριφραδέα δὲ τέτυκται
iliad,23,241,SDDSDA,ἐν μέσσῃ γὰρ ἔκειτο ,πυρῇ τοὶ δ ἄλλοι ἄνευθεν
iliad,23,242,DSDSDA,ἐσχατιῇ καίοντ ,ἐπιμὶξ ἵπποι τε καὶ ἄνδρες
iliad,23,243,DDDSDA,καὶ τὰ μὲν ἐν χρυσέῃ ,φιάλῃ καὶ δίπλακι δημῷ
iliad,23,244,DDDDSA,θείομεν εἰς ὅ κεν αὐτὸς ,ἐγὼν ἄϊδι κεύθωμαι
iliad,23,245,SDDDDA,τύμβον δ οὐ μάλα πολλὸν ,ἐγὼ πονέεσθαι ἄνωγα
iliad,23,246,DDDDDA,ἀλλ ἐπιεικέα τοῖον ,ἔπειτα δὲ καὶ τὸν ἀχαιοὶ
iliad,23,247,SSDDDA,εὐρύν θ ὑψηλόν ,τε τιθήμεναι οἵ κεν ἐμεῖο
iliad,23,248,DSDSDA,δεύτεροι ἐν νήεσσι ,πολυκλήϊσι λίπησθε
iliad,23,249,DDDDDA,ὣς ἔφαθ οἳ δ ἐπίθοντο ,ποδώκεϊ πηλεΐωνι
iliad,23,250,SDDDDA,πρῶτον μὲν κατὰ πυρκαϊὴν ,σβέσαν αἴθοπι οἴνῳ
iliad,23,251,DSDDDA,ὅσσον ἐπὶ φλὸξ ἦλθε ,βαθεῖα δὲ κάππεσε τέφρη
iliad,23,252,SDDDDA,κλαίοντες δ ἑτάροιο ,ἐνηέος ὀστέα λευκὰ
iliad,23,253,DDDSDA,ἄλλεγον ἐς χρυσέην ,φιάλην καὶ δίπλακα δημόν
iliad,23,254,DDDSDA,ἐν κλισίῃσι δὲ θέντες ,ἑανῷ λιτὶ κάλυψαν
iliad,23,255,SDDDDA,τορνώσαντο δὲ σῆμα ,θεμείλιά τε προβάλοντο
iliad,23,256,DSDDDA,ἀμφὶ πυρήν εἶθαρ ,δὲ χυτὴν ἐπὶ γαῖαν ἔχευαν
iliad,23,257,SDDDDA,χεύαντες δὲ τὸ σῆμα ,πάλιν κίον αὐτὰρ ἀχιλλεὺς
iliad,23,258,SDDDDA,αὐτοῦ λαὸν ἔρυκε ,καὶ ἵζανεν εὐρὺν ἀγῶνα
iliad,23,259,SDDSDA,νηῶν δ ἔκφερ ἄεθλα ,λέβητάς τε τρίποδάς τε
iliad,23,260,SDDSDA,ἵππους θ ἡμιόνους ,τε βοῶν τ ἴφθιμα κάρηνα
iliad,23,261,DDSDDA,ἠδὲ γυναῖκας ἐϋζώνους ,πολιόν τε σίδηρον
iliad,23,262,SSDDDA,ἱππεῦσιν μὲν πρῶτα ,ποδώκεσιν ἀγλά ἄεθλα
iliad,23,263,DDDDDA,θῆκε γυναῖκα ἄγεσθαι ,ἀμύμονα ἔργα ἰδυῖαν
iliad,23,264,DSDSDA,καὶ τρίποδ ὠτώεντα ,δυωκαιεικοσίμετρον
iliad,23,265,SDSDDA,τῷ πρώτῳ ἀτὰρ αὖ ,τῷ δευτέρῳ ἵππον ἔθηκεν
iliad,23,266,DSDDDA,ἑξέτε ἀδμήτην ,βρέφος ἡμίονον κυέουσαν
iliad,23,267,SDDDDA,αὐτὰρ τῷ τριτάτῳ ,ἄπυρον κατέθηκε λέβητα
iliad,23,268,SDDDDA,καλὸν τέσσαρα μέτρα ,κεχανδότα λευκὸν ἔτ αὔτως
iliad,23,269,DSDSDA,τῷ δὲ τετάρτῳ θῆκε ,δύω χρυσοῖο τάλαντα
iliad,23,270,SDDDDA,πέμπτῳ δ ἀμφίθετον ,φιάλην ἀπύρωτον ἔθηκε
iliad,23,271,SSDSDA,στῆ δ ὀρθὸς καὶ μῦθον ,ἐν ἀργείοισιν ἔειπεν
iliad,23,272,DDDSDA,‘ἀτρεΐδη τε καὶ ἄλλοι ,ἐϋκνήμιδες ἀχαιοὶ
iliad,23,273,SDDDDA,ἱππῆας τάδ ἄεθλα ,δεδεγμένα κεῖτ ἐν ἀγῶνι
iliad,23,274,SDDSDA,εἰ μὲν νῦν ἐπὶ ἄλλῳ ,ἀεθλεύοιμεν ἀχαιοὶ
iliad,23,275,DSDDDA,ἦ τ ἂν ἐγὼ τὰ πρῶτα ,λαβὼν κλισίην δὲ φεροίμην
iliad,23,276,DDDDDA,ἴστε γὰρ ὅσσον ἐμοὶ ,ἀρετῇ περιβάλλετον ἵπποι
iliad,23,277,DDDSDA,ἀθάνατοί τε γάρ εἰσι ,ποσειδάων δὲ πόρ αὐτοὺς
iliad,23,278,DSDDDA,πατρὶ ἐμῷ πηλῆϊ ,ὃ δ αὖτ ἐμοὶ ἐγγυάλιξεν
iliad,23,279,SDDSDA,ἀλλ ἤτοι μὲν ἐγὼ ,μενέω καὶ μώνυχες ἵπποι
iliad,23,280,SDDDDA,τοίου γὰρ κλέος ἐσθλὸν ,ἀπώλεσαν ἡνιόχοιο
iliad,23,281,DSDDDA,ἠπίου ὅς σφωϊν ,μάλα πολλάκις ὑγρὸν ἔλαιον
iliad,23,282,SDDSDA,χαιτάων κατέχευε ,λοέσσας ὕδατι λευκῷ
iliad,23,283,SDSDDA,τὸν τώ γ ἑσταότες ,πενθείετον οὔδεϊ δέ σφι
iliad,23,284,DDSDDA,χαῖται ἐρηρέδαται ,τὼ δ ἕστατον ἀχνυμένω κῆρ
iliad,23,285,SSDDDA,ἄλλοι δὲ στέλλεσθε ,κατὰ στρατόν ὅς τις ἀχαιῶν
iliad,23,286,SDDDSA,ἵπποισίν τε πέποιθε ,καὶ ἅρμασι κολλητοῖσιν
iliad,23,287,DDDSDA,ὣς φάτο πηλεΐδης ,ταχέες δ ἱππῆες ἄγερθεν
iliad,23,288,DSDSSA,ὦρτο πολὺ πρῶτος ,μὲν ἄναξ ἀνδρῶν εὔμηλος
iliad,23,289,SDDDDA,ἀδμήτου φίλος υἱός ,ὃς ἱπποσύνῃ ἐκέκαστο
iliad,23,290,DDSDDA,τῷ δ ἐπὶ τυδεΐδης ,ὦρτο κρατερὸς διομήδης
iliad,23,291,SSDDDA,ἵππους δὲ τρῳοὺς ,ὕπαγε ζυγόν οὕς ποτ ἀπηύρα
iliad,23,292,SDDDDA,αἰνείαν ἀτὰρ αὐτὸν ,ὑπεξεσάωσεν ἀπόλλων
iliad,23,293,DDSSDA,τῷ δ ἄρ ἐπ ἀτρεΐδης ,ὦρτο ξανθὸς μενέλαος
iliad,23,294,DDDDDA,διογενής ὑπὸ δὲ ,ζυγὸν ἤγαγεν ὠκέας ἵππους
iliad,23,295,SDDDDA,αἴθην τὴν ἀγαμεμνονέην ,τὸν ἑόν τε πόδαργον
iliad,23,296,DDSDDA,τὴν ἀγαμέμνονι δῶκ ,ἀγχισιάδης ἐχέπωλος
iliad,23,297,DDDDDA,δῶρ ἵνα μή οἱ ἕποιθ ,ὑπὸ ἴλιον ἠνεμόεσσαν
iliad,23,298,SSDDDA,ἀλλ αὐτοῦ τέρποιτο ,μένων μέγα γάρ οἱ ἔδωκε
iliad,23,299,DSDDDA,ζεὺς ἄφενος ναῖεν ,δ ὅ γ ἐν εὐρυχόρῳ σικυῶνι
iliad,23,300,DDDDDA,τὴν ὅ γ ὑπὸ ζυγὸν ἦγε ,μέγα δρόμου ἰσχανόωσαν
iliad,23,301,DDDDDA,ἀντίλοχος δὲ τέταρτος ,ἐΰτριχας ὁπλίσαθ ἵππους
iliad,23,302,DDDSDA,νέστορος ἀγλαὸς υἱὸς ,ὑπερθύμοιο ἄνακτος
iliad,23,303,SDDDDA,τοῦ νηληϊάδαο ,πυλοιγενέες δέ οἱ ἵπποι
iliad,23,304,DDDDDA,ὠκύποδες φέρον ἅρμα ,πατὴρ δέ οἱ ἄγχι παραστὰς
iliad,23,305,SDDDDA,μυθεῖτ εἰς ἀγαθὰ ,φρονέων νοέοντι καὶ αὐτῷ
iliad,23,306,DSDDDA,‘ἀντίλοχ ἤτοι μέν ,σε νέον περ ἐόντ ἐφίλησαν
iliad,23,307,DSDDDA,ζεύς τε ποσειδάων ,τε καὶ ἱπποσύνας ἐδίδαξαν
iliad,23,308,SSDDDA,παντοίας τὼ καί ,σε διδασκέμεν οὔ τι μάλα χρεώ
iliad,23,309,DDDDDA,οἶσθα γὰρ εὖ περὶ τέρμαθ ,ἑλισσέμεν ἀλλά τοι ἵπποι
iliad,23,310,SSSSDA,βάρδιστοι θείειν ,τώ τ οἴω λοίγι ἔσεσθαι
iliad,23,311,SDDDDA,τῶν δ ἵπποι μὲν ἔασιν ,ἀφάρτεροι οὐδὲ μὲν αὐτοὶ
iliad,23,312,DSDSSA,πλείονα ἴσασιν ,σέθεν αὐτοῦ μητίσασθαι
iliad,23,313,DDSSDA,ἀλλ ἄγε δὴ σὺ φίλος ,μῆτιν ἐμβάλλεο θυμῷ
iliad,23,314,SDDDDA,παντοίην ἵνα μή ,σε παρεκπροφύγῃσιν ἄεθλα
iliad,23,315,SDDSDA,μήτι τοι δρυτόμος ,μέγ ἀμείνων ἠὲ βίηφι
iliad,23,316,SDSDDA,μήτι δ αὖτε κυβερνήτης ,ἐνὶ οἴνοπι πόντῳ
iliad,23,317,DSDDDA,νῆα θοὴν ἰθύνει ,ἐρεχθομένην ἀνέμοισι
iliad,23,318,SDDDDA,μήτι δ ἡνίοχος ,περιγίγνεται ἡνιόχοιο
iliad,23,319,SSDDDA,ἀλλ ὃς μέν θ ἵπποισι ,καὶ ἅρμασιν οἷσι πεποιθὼς
iliad,23,320,DDDDDA,ἀφραδέως ἐπὶ πολλὸν ,ἑλίσσεται ἔνθα καὶ ἔνθα
iliad,23,321,SDDDDA,ἵπποι δὲ πλανόωνται ,ἀνὰ δρόμον οὐδὲ κατίσχει
iliad,23,322,DDDSDA,ὃς δέ κε κέρδεα εἰδῇ ,ἐλαύνων ἥσσονας ἵππους
iliad,23,323,SDDDDA,αἰεὶ τέρμ ὁρόων ,στρέφει ἐγγύθεν οὐδέ ἑ λήθει
iliad,23,324,SSDDDA,ὅππως τὸ πρῶτον ,τανύσῃ βοέοισιν ἱμᾶσιν
iliad,23,325,DDSSDA,ἀλλ ἔχει ἀσφαλέως ,καὶ τὸν προὔχοντα δοκεύει
iliad,23,326,DDDDDA,σῆμα δέ τοι ἐρέω ,μάλ ἀριφραδές οὐδέ σε λήσει
iliad,23,327,SDDSDA,ἕστηκε ξύλον αὖον ,ὅσον τ ὄργυι ὑπὲρ αἴης
iliad,23,328,DSDDDA,ἢ δρυὸς ἢ πεύκης ,τὸ μὲν οὐ καταπύθεται ὄμβρῳ
iliad,23,329,DDDDDA,λᾶε δὲ τοῦ ἑκάτερθεν ,ἐρηρέδαται δύο λευκὼ
iliad,23,330,DDSSDA,ἐν ξυνοχῇσιν ὁδοῦ ,λεῖος δ ἱππόδρομος ἀμφὶς
iliad,23,331,SDDDSA,ἤ τευ σῆμα βροτοῖο ,πάλαι κατατεθνηῶτος
iliad,23,332,DDDDSA,ἢ τό γε νύσσα τέτυκτο ,ἐπὶ προτέρων ἀνθρώπων
iliad,23,333,SDDSDA,καὶ νῦν τέρματ ἔθηκε ,ποδάρκης δῖος ἀχιλλεύς
iliad,23,334,DSDDDA,τῷ σὺ μάλ ἐγχρίμψας ,ἐλάαν σχεδὸν ἅρμα καὶ ἵππους
iliad,23,335,SSDSDA,αὐτὸς δὲ κλινθῆναι ,ἐϋπλέκτῳ ἐνὶ δίφρῳ
iliad,23,336,DDDSDA,ἦκ ἐπ ἀριστερὰ τοῖιν ,ἀτὰρ τὸν δεξιὸν ἵππον
iliad,23,337,DSSDDA,κένσαι ὁμοκλήσας ,εἶξαί τέ οἱ ἡνία χερσίν
iliad,23,338,SDDDSA,ἐν νύσσῃ δέ τοι ἵππος ,ἀριστερὸς ἐγχριμφθήτω
iliad,23,339,SSDDDA,ὡς ἄν τοι πλήμνη ,γε δοάσσεται ἄκρον ἱκέσθαι
iliad,23,340,SSDDDA,κύκλου ποιητοῖο ,λίθου δ ἀλέασθαι ἐπαυρεῖν
iliad,23,341,SSSDDA,μή πως ἵππους τε ,τρώσῃς κατά θ ἅρματα ἄξῃς
iliad,23,342,DSDSDA,χάρμα δὲ τοῖς ἄλλοισιν ,ἐλεγχείη δὲ σοὶ αὐτῷ
iliad,23,343,DDDDDA,ἔσσεται ἀλλὰ φίλος ,φρονέων πεφυλαγμένος εἶναι
iliad,23,344,SSDDDA,εἰ γάρ κ ἐν νύσσῃ ,γε παρεξελάσῃσθα διώκων
iliad,23,345,SDDDDA,οὐκ ἔσθ ὅς κέ σ ἕλῃσι ,μετάλμενος οὐδὲ παρέλθῃ
iliad,23,346,SDDDDA,οὐδ εἴ κεν μετόπισθεν ,ἀρίονα δῖον ἐλαύνοι
iliad,23,347,SDDDDA,ἀδρήστου ταχὺν ἵππον ,ὃς ἐκ θεόφιν γένος ἦεν
iliad,23,348,SDDDDA,ἢ τοὺς λαομέδοντος ,οἳ ἐνθάδε γ ἔτραφεν ἐσθλοί
iliad,23,349,SSSDDA,ὣς εἰπὼν νέστωρ ,νηλήϊος ἂψ ἐνὶ χώρῃ
iliad,23,350,DSDSDA,ἕζετ ἐπεὶ ᾧ παιδὶ ,ἑκάστου πείρατ ἔειπε
iliad,23,351,DDDDDA,μηριόνης δ ἄρα πέμπτος ,ἐΰτριχας ὁπλίσαθ ἵππους
iliad,23,352,DSSSDA,ἂν δ ἔβαν ἐς δίφρους ,ἐν δὲ κλήρους ἐβάλοντο
iliad,23,353,DSSDDA,πάλλ ἀχιλεύς ἐκ δὲ ,κλῆρος θόρε νεστορίδαο
iliad,23,354,DDDSSA,ἀντιλόχου μετὰ τὸν ,δ ἔλαχε κρείων εὔμηλος
iliad,23,355,DDSSDA,τῷ δ ἄρ ἐπ ἀτρεΐδης ,δουρὶ κλειτὸς μενέλαος
iliad,23,356,DDDDDA,τῷ δ ἐπὶ μηριόνης ,λάχ ἐλαυνέμεν ὕστατος αὖτε
iliad,23,357,DDDDDA,τυδεΐδης ὄχ ἄριστος ,ἐὼν λάχ ἐλαυνέμεν ἵππους
iliad,23,358,DSSDDA,στὰν δὲ μεταστοιχί ,σήμηνε δὲ τέρματ ἀχιλλεὺς
iliad,23,359,DSDDDA,τηλόθεν ἐν λείῳ ,πεδίῳ παρὰ δὲ σκοπὸν εἷσεν
iliad,23,360,DSDDDA,ἀντίθεον φοίνικα ,ὀπάονα πατρὸς ἑοῖο
iliad,23,361,SDDSDA,ὡς μεμνέῳτο δρόμους ,καὶ ἀληθείην ἀποείποι
iliad,23,362,DDSSDA,οἳ δ ἅμα πάντες ἐφ ἵπποιιν ,μάστιγας ἄειραν
iliad,23,363,SSDSDA,πέπληγόν θ ἱμᾶσιν ,ὁμόκλησάν τ ἐπέεσσιν
iliad,23,364,DSDSDA,ἐσσυμένως οἳ δ ὦκα ,διέπρησσον πεδίοιο
iliad,23,365,DDDSDA,νόσφι νεῶν ταχέως ,ὑπὸ δὲ στέρνοισι κονίη
iliad,23,366,DDSDDA,ἵστατ ἀειρομένη ,ὥς τε νέφος ἠὲ θύελλα
iliad,23,367,SSDSDA,χαῖται δ ἐρρώοντο ,μετὰ πνοιῇς ἀνέμοιο
iliad,23,368,DDDDDA,ἅρματα δ ἄλλοτε μὲν ,χθονὶ πίλνατο πουλυβοτείρῃ
iliad,23,369,DSDDDA,ἄλλοτε δ ἀΐξασκε ,μετήορα τοὶ δ ἐλατῆρες
iliad,23,370,DSDDDA,ἕστασαν ἐν δίφροισι ,πάτασσε δὲ θυμὸς ἑκάστου
iliad,23,371,SDSDDA,νίκης ἱεμένων ,κέκλοντο δὲ οἷσιν ἕκαστος
iliad,23,372,SDDSDA,ἵπποις οἳ δ ἐπέτοντο ,κονίοντες πεδίοιο
iliad,23,373,DDDDDA,ἀλλ ὅτε δὴ πύματον ,τέλεον δρόμον ὠκέες ἵπποι
iliad,23,374,DDDDDA,ἂψ ἐφ ἁλὸς πολιῆς ,τότε δὴ ἀρετή γε ἑκάστου
iliad,23,375,DSDDDA,φαίνετ ἄφαρ δ ἵπποισι ,τάθη δρόμος ὦκα δ ἔπειτα
iliad,23,376,SDDDDA,αἳ φηρητιάδαο ,ποδώκεες ἔκφερον ἵπποι
iliad,23,377,DDDDDA,τὰς δὲ μετ ἐξέφερον ,διομήδεος ἄρσενες ἵπποι
iliad,23,378,DDDDDA,τρώϊοι οὐδέ τι πολλὸν ,ἄνευθ ἔσαν ἀλλὰ μάλ ἐγγύς
iliad,23,379,SSDDDA,αἰεὶ γὰρ δίφρου ,ἐπιβησομένοισιν ἐΐκτην
iliad,23,380,SSDDDA,πνοιῇ δ εὐμήλοιο ,μετάφρενον εὐρέε τ ὤμω
iliad,23,381,DSDDDA,θέρμετ ἐπ αὐτῷ γὰρ ,κεφαλὰς καταθέντε πετέσθην
iliad,23,382,DDSSDA,καί νύ κεν ἢ παρέλασσ ,ἢ ἀμφήριστον ἔθηκεν
iliad,23,383,SDDDDA,εἰ μὴ τυδέος υἷϊ ,κοτέσσατο φοῖβος ἀπόλλων
iliad,23,384,DSDSDA,ὅς ῥά οἱ ἐκ χειρῶν ,ἔβαλεν μάστιγα φαεινήν
iliad,23,385,DSDDDA,τοῖο δ ἀπ ὀφθαλμῶν ,χύτο δάκρυα χωομένοιο
iliad,23,386,DDDDDA,οὕνεκα τὰς μὲν ὅρα ,ἔτι καὶ πολὺ μᾶλλον ἰούσας
iliad,23,387,DSDSDA,οἳ δέ οἱ ἐβλάφθησαν ,ἄνευ κέντροιο θέοντες
iliad,23,388,DSDDDA,οὐδ ἄρ ἀθηναίην ,ἐλεφηράμενος λάθ ἀπόλλων
iliad,23,389,DDDDDA,τυδεΐδην μάλα δ ὦκα ,μετέσσυτο ποιμένα λαῶν
iliad,23,390,DSDSDA,δῶκε δέ οἱ μάστιγα ,μένος δ ἵπποισιν ἐνῆκεν
iliad,23,391,DSSDDA,ἣ δὲ μετ ἀδμήτου ,υἱὸν κοτέουσ ἐβεβήκει
iliad,23,392,SDDDDA,ἵππειον δέ οἱ ἦξε ,θεὰ ζυγόν αἳ δέ οἱ ἵπποι
iliad,23,393,DDSDDA,ἀμφὶς ὁδοῦ δραμέτην ,ῥυμὸς δ ἐπὶ γαῖαν ἐλύσθη
iliad,23,394,SSDDDA,αὐτὸς δ ἐκ δίφροιο ,παρὰ τροχὸν ἐξεκυλίσθη
iliad,23,395,SDSDSA,ἀγκῶνάς τε περιδρύφθη ,στόμα τε ῥῖνάς τε
iliad,23,396,SDDDDA,θρυλίχθη δὲ μέτωπον ,ἐπ ὀφρύσι τὼ δέ οἱ ὄσσε
iliad,23,397,DSDDDA,δακρυόφι πλῆσθεν ,θαλερὴ δέ οἱ ἔσχετο φωνή
iliad,23,398,DDSDDA,τυδεΐδης δὲ παρατρέψας ,ἔχε μώνυχας ἵππους
iliad,23,399,SSSDDA,πολλὸν τῶν ἄλλων ,ἐξάλμενος ἐν γὰρ ἀθήνη
iliad,23,400,SDDSDA,ἵπποις ἧκε μένος ,καὶ ἐπ αὐτῷ κῦδος ἔθηκε
iliad,23,401,DDSSDA,τῷ δ ἄρ ἐπ ἀτρεΐδης ,εἶχε ξανθὸς μενέλαος
iliad,23,402,DSDDDA,ἀντίλοχος δ ἵπποισιν ,ἐκέκλετο πατρὸς ἑοῖο
iliad,23,403,SSDDDA,‘ἔμβητον καὶ σφῶϊ ,τιταίνετον ὅττι τάχιστα
iliad,23,404,SSDDDA,ἤτοι μὲν κείνοισιν ,ἐριζέμεν οὔ τι κελεύω
iliad,23,405,DSDDDA,τυδεΐδεω ἵπποισι ,δαΐφρονος οἷσιν ἀθήνη
iliad,23,406,SDDSDA,νῦν ὤρεξε τάχος ,καὶ ἐπ αὐτῷ κῦδος ἔθηκεν
iliad,23,407,SDDDDA,ἵππους δ ἀτρεΐδαο ,κιχάνετε μὴ δὲ λίπησθον
iliad,23,408,DSDSDA,καρπαλίμως μὴ σφῶϊν ,ἐλεγχείην καταχεύῃ
iliad,23,409,SDDSDA,αἴθη θῆλυς ἐοῦσα ,τί ἢ λείπεσθε φέριστοι
iliad,23,410,DDSDDA,ὧδε γὰρ ἐξερέω ,καὶ μὴν τετελεσμένον ἔσται
iliad,23,411,SDDDDA,οὐ σφῶϊν κομιδὴ ,παρὰ νέστορι ποιμένι λαῶν
iliad,23,412,DDDDDA,ἔσσεται αὐτίκα δ ὔμμε ,κατακτενεῖ ὀξέϊ χαλκῷ
iliad,23,413,DSDDDA,αἴ κ ἀποκηδήσαντε ,φερώμεθα χεῖρον ἄεθλον
iliad,23,414,DSSDDA,ἀλλ ἐφομαρτεῖτον ,καὶ σπεύδετον ὅττι τάχιστα
iliad,23,415,DSSDDA,ταῦτα δ ἐγὼν αὐτὸς ,τεχνήσομαι ἠδὲ νοήσω
iliad,23,416,SDDDDA,στεινωπῷ ἐν ὁδῷ ,παραδύμεναι οὐδέ με λήσει
iliad,23,417,DDDSDA,ὣς ἔφαθ οἳ δὲ ἄνακτος ,ὑποδείσαντες ὁμοκλὴν
iliad,23,418,DDDDDA,μᾶλλον ἐπιδραμέτην ,ὀλίγον χρόνον αἶψα δ ἔπειτα
iliad,23,419,DSDDDA,στεῖνος ὁδοῦ κοίλης ,ἴδεν ἀντίλοχος μενεχάρμης
iliad,23,420,DSSDDA,ῥωχμὸς ἔην γαίης ,ᾗ χειμέριον ἀλὲν ὕδωρ
iliad,23,421,SDDDDA,ἐξέρρηξεν ὁδοῖο ,βάθυνε δὲ χῶρον ἅπαντα
iliad,23,422,SDDDDA,τῇ ῥ εἶχεν μενέλαος ,ἁματροχιὰς ἀλεείνων
iliad,23,423,DDSDDA,ἀντίλοχος δὲ παρατρέψας ,ἔχε μώνυχας ἵππους
iliad,23,424,DDDSDA,ἐκτὸς ὁδοῦ ὀλίγον ,δὲ παρακλίνας ἐδίωκεν
iliad,23,425,DSDDDA,ἀτρεΐδης δ ἔδεισε ,καὶ ἀντιλόχῳ ἐγεγώνει
iliad,23,426,DDSDDA,‘ἀντίλοχ ἀφραδέως ,ἱππάζεαι ἀλλ ἄνεχ ἵππους
iliad,23,427,SDDDDA,στεινωπὸς γὰρ ὁδός ,τάχα δ εὐρυτέρη παρελάσσαι
iliad,23,428,SDSDDA,μή πως ἀμφοτέρους ,δηλήσεαι ἅρματι κύρσας
iliad,23,429,DDDDDA,ὣς ἔφατ ἀντίλοχος ,δ ἔτι καὶ πολὺ μᾶλλον ἔλαυνε
iliad,23,430,DSSDDA,κέντρῳ ἐπισπέρχων ,ὡς οὐκ ἀΐοντι ἐοικώς
iliad,23,431,DSDDDA,ὅσσα δὲ δίσκου οὖρα ,κατωμαδίοιο πέλονται
iliad,23,432,SDDSDA,ὅν τ αἰζηὸς ἀφῆκεν ,ἀνὴρ πειρώμενος ἥβης
iliad,23,433,DDSSDA,τόσσον ἐπιδραμέτην ,αἳ δ ἠρώησαν ὀπίσσω
iliad,23,434,DSDDDA,ἀτρεΐδεω αὐτὸς ,γὰρ ἑκὼν μεθέηκεν ἐλαύνειν
iliad,23,435,SSDDDA,μή πως συγκύρσειαν ,ὁδῷ ἔνι μώνυχες ἵπποι
iliad,23,436,SSDDDA,δίφρους τ ἀνστρέψειαν ,ἐϋπλεκέας κατὰ δ αὐτοὶ
iliad,23,437,DDDDDA,ἐν κονίῃσι πέσοιεν ,ἐπειγόμενοι περὶ νίκης
iliad,23,438,SSDSDA,τὸν καὶ νεικείων ,προσέφη ξανθὸς μενέλαος
iliad,23,439,DSDDDA,‘ἀντίλοχ οὔ τις σεῖο ,βροτῶν ὀλοώτερος ἄλλος
iliad,23,440,DDDSDA,ἔρρ ἐπεὶ οὔ σ ἔτυμόν ,γε φάμεν πεπνῦσθαι ἀχαιοί
iliad,23,441,SSDSDA,ἀλλ οὐ μὰν οὐδ ὧς ,ἄτερ ὅρκου οἴσῃ ἄεθλον
iliad,23,442,SSDDSA,ὣς εἰπὼν ἵπποισιν ,ἐκέκλετο φώνησέν τε
iliad,23,443,DSSDDA,‘μή μοι ἐρύκεσθον ,μὴ δ ἕστατον ἀχνυμένω κῆρ
iliad,23,444,SSDSDA,φθήσονται τούτοισι ,πόδες καὶ γοῦνα καμόντα
iliad,23,445,SSDSDA,ἢ ὑμῖν ἄμφω ,γὰρ ἀτέμβονται νεότητος
iliad,23,446,DDDSDA,ὣς ἔφαθ οἳ δὲ ἄνακτος ,ὑποδείσαντες ὁμοκλὴν
iliad,23,447,DDDDDA,μᾶλλον ἐπιδραμέτην ,τάχα δέ σφισιν ἄγχι γένοντο
iliad,23,448,SDDDDA,ἀργεῖοι δ ἐν ἀγῶνι ,καθήμενοι εἰσορόωντο
iliad,23,449,SDDSDA,ἵππους τοὶ δὲ πέτοντο ,κονίοντες πεδίοιο
iliad,23,450,SDSDDA,πρῶτος δ ἰδομενεὺς ,κρητῶν ἀγὸς ἐφράσαθ ἵππους
iliad,23,451,DDDDDA,ἧστο γὰρ ἐκτὸς ἀγῶνος ,ὑπέρτατος ἐν περιωπῇ
iliad,23,452,DDDSDA,τοῖο δ ἄνευθεν ἐόντος ,ὁμοκλητῆρος ἀκούσας
iliad,23,453,SDDDSA,ἔγνω φράσσατο δ ἵππον ,ἀριπρεπέα προὔχοντα
iliad,23,454,DDSSDA,ὃς τὸ μὲν ἄλλο τόσον ,φοῖνιξ ἦν ἐν δὲ μετώπῳ
iliad,23,455,SDDDDA,λευκὸν σῆμα τέτυκτο ,περίτροχον ἠΰτε μήνη
iliad,23,456,SSDSDA,στῆ δ ὀρθὸς καὶ μῦθον ,ἐν ἀργείοισιν ἔειπεν
iliad,23,457,DSSDDA,‘ὦ φίλοι ἀργείων ,ἡγήτορες ἠδὲ μέδοντες
iliad,23,458,DSSDDA,οἶος ἐγὼν ἵππους ,αὐγάζομαι ἦε καὶ ὑμεῖς
iliad,23,459,SDDDDA,ἄλλοι μοι δοκέουσι ,παροίτεροι ἔμμεναι ἵπποι
iliad,23,460,SDSDDA,ἄλλος δ ἡνίοχος ,ἰνδάλλεται αἳ δέ που αὐτοῦ
iliad,23,461,DDSDDA,ἔβλαβεν ἐν πεδίῳ ,αἳ κεῖσέ γε φέρτεραι ἦσαν
iliad,23,462,SSDDDA,ἤτοι γὰρ τὰς πρῶτα ,ἴδον περὶ τέρμα βαλούσας
iliad,23,463,SDDSDA,νῦν δ οὔ πῃ δύναμαι ,ἰδέειν πάντῃ δέ μοι ὄσσε
iliad,23,464,DDSDDA,τρωϊκὸν ἂμ πεδίον ,παπταίνετον εἰσορόωντι
iliad,23,465,DDDDDA,ἦε τὸν ἡνίοχον ,φύγον ἡνία οὐδὲ δυνάσθη
iliad,23,466,DDDDDA,εὖ σχεθέειν περὶ τέρμα ,καὶ οὐκ ἐτύχησεν ἑλίξας
iliad,23,467,DDDSDA,ἔνθά μιν ἐκπεσέειν ,ὀΐω σύν θ ἅρματα ἆξαι
iliad,23,468,SSDDDA,αἳ δ ἐξηρώησαν ,ἐπεὶ μένος ἔλλαβε θυμόν
iliad,23,469,DDDDDA,ἀλλὰ ἴδεσθε καὶ ὔμμες ,ἀνασταδόν οὐ γὰρ ἔγωγε
iliad,23,470,DSDDDA,εὖ διαγιγνώσκω ,δοκέει δέ μοι ἔμμεναι ἀνὴρ
iliad,23,471,SDDSDA,αἰτωλὸς γενεήν ,μετὰ δ ἀργείοισιν ἀνάσσει
iliad,23,472,DDSDDA,τυδέος ἱπποδάμου ,υἱὸς κρατερὸς διομήδης
iliad,23,473,SDDSDA,τὸν δ αἰσχρῶς ἐνένιπεν ,ὀϊλῆος ταχὺς αἴας
iliad,23,474,DDSDDA,‘ἰδομενεῦ τί πάρος ,λαβρεύεαι αἳ δέ τ ἄνευθεν
iliad,23,475,DDDDDA,ἵπποι ἀερσίποδες ,πολέος πεδίοιο δίενται
iliad,23,476,DDDSDA,οὔτε νεώτατός ἐσσι ,μετ ἀργείοισι τοσοῦτον
iliad,23,477,DDDSDA,οὔτέ τοι ὀξύτατον ,κεφαλῆς ἐκδέρκεται ὄσσε
iliad,23,478,SSSDDA,ἀλλ αἰεὶ μύθοις ,λαβρεύεαι οὐδέ τί σε χρὴ
iliad,23,479,DDDDDA,λαβραγόρην ἔμεναι ,πάρα γὰρ καὶ ἀμείνονες ἄλλοι
iliad,23,480,SDDDDA,ἵπποι δ αὐταὶ ἔασι ,παροίτεραι αἳ τὸ πάρος περ
iliad,23,481,SSDSDA,εὐμήλου ἐν δ αὐτὸς ,ἔχων εὔληρα βέβηκε
iliad,23,482,DDSDDA,τὸν δὲ χολωσάμενος ,κρητῶν ἀγὸς ἀντίον ηὔδα
iliad,23,483,SDDDDA,‘αἶαν νεῖκος ἄριστε ,κακοφραδὲς ἄλλά τε πάντα
iliad,23,484,DSDDDA,δεύεαι ἀργείων ,ὅτι τοι νόος ἐστὶν ἀπηνής
iliad,23,485,DDDDDA,δεῦρό νυν ἢ τρίποδος ,περιδώμεθον ἠὲ λέβητος
iliad,23,486,DDDDDA,ἴστορα δ ἀτρεΐδην ,ἀγαμέμνονα θείομεν ἄμφω
iliad,23,487,DSDSDA,ὁππότεραι πρόσθ ἵπποι ,ἵνα γνώῃς ἀποτίνων
iliad,23,488,DDDSDA,ὣς ἔφατ ὄρνυτο δ αὐτίκ ,ὀϊλῆος ταχὺς αἴας
iliad,23,489,DDDSDA,χωόμενος χαλεποῖσιν ,ἀμείψασθαι ἐπέεσσι
iliad,23,490,DDDDDA,καί νύ κε δὴ προτέρω ,ἔτ ἔρις γένετ ἀμφοτέροισιν
iliad,23,491,DSDDDA,εἰ μὴ ἀχιλλεὺς αὐτὸς ,ἀνίστατο καὶ φάτο μῦθον
iliad,23,492,DDSSDA,μηκέτι νῦν χαλεποῖσιν ἀμείβεσθον ,ἐπέεσσιν
iliad,23,493,SDDDDA,αἶαν ἰδομενεῦ ,τε κακοῖς ἐπεὶ οὐδὲ ἔοικε
iliad,23,494,SDDSDA,καὶ δ ἄλλῳ νεμεσᾶτον ,ὅτις τοιαῦτά γε ῥέζοι
iliad,23,495,SDDDDA,ἀλλ ὑμεῖς ἐν ἀγῶνι ,καθήμενοι εἰσοράασθε
iliad,23,496,SDDDDA,ἵππους οἳ δὲ τάχ αὐτοὶ ,ἐπειγόμενοι περὶ νίκης
iliad,23,497,DSDSDA,ἐνθάδ ἐλεύσονται ,τότε δὲ γνώσεσθε ἕκαστος
iliad,23,498,SSSDDA,ἵππους ἀργείων ,οἳ δεύτεροι οἵ τε πάροιθεν
iliad,23,499,DDDDDA,ὣς φάτο τυδεΐδης ,δὲ μάλα σχεδὸν ἦλθε διώκων
iliad,23,500,SDDDDA,μάστι δ αἰὲν ἔλαυνε ,κατωμαδόν οἳ δέ οἱ ἵπποι
iliad,23,501,DSSSDA,ὑψόσ ἀειρέσθην ,ῥίμφα πρήσσοντε κέλευθον
iliad,23,502,SDDDDA,αἰεὶ δ ἡνίοχον ,κονίης ῥαθάμιγγες ἔβαλλον
iliad,23,503,SDDDDA,ἅρματα δὲ χρυσῷ ,πεπυκασμένα κασσιτέρῳ τε
iliad,23,504,SDDDDA,ἵπποις ὠκυπόδεσσιν ,ἐπέτρεχον οὐδέ τι πολλὴ
iliad,23,505,DSSDDA,γίγνετ ἐπισσώτρων ,ἁρματροχιὴ κατόπισθεν
iliad,23,506,SDSSDA,ἐν λεπτῇ κονίῃ ,τὼ δὲ σπεύδοντε πετέσθην
iliad,23,507,DDDDDA,στῆ δὲ μέσῳ ἐν ἀγῶνι ,πολὺς δ ἀνεκήκιεν ἱδρὼς
iliad,23,508,SDDSDA,ἵππων ἔκ τε λόφων ,καὶ ἀπὸ στέρνοιο χαμᾶζε
iliad,23,509,SSDDDA,αὐτὸς δ ἐκ δίφροιο ,χαμαὶ θόρε παμφανόωντος
iliad,23,510,DSDDDA,κλῖνε δ ἄρα μάστιγα ,ποτὶ ζυγόν οὐδὲ μάτησεν
iliad,23,511,SDSDDA,ἴφθιμος σθένελος ,ἀλλ ἐσσυμένως λάβ ἄεθλον
iliad,23,512,DDDSDA,δῶκε δ ἄγειν ἑτάροισιν ,ὑπερθύμοισι γυναῖκα
iliad,23,513,DSDDDA,καὶ τρίποδ ὠτώεντα ,φέρειν ὃ δ ἔλυεν ὑφ ἵππους
iliad,23,514,DDSDDA,τῷ δ ἄρ ἐπ ἀντίλοχος ,νηλήϊος ἤλασεν ἵππους
iliad,23,515,DDDDDA,κέρδεσιν οὔ τι τάχει ,γε παραφθάμενος μενέλαον
iliad,23,516,DDDDDA,ἀλλὰ καὶ ὧς μενέλαος ,ἔχ ἐγγύθεν ὠκέας ἵππους
iliad,23,517,SDDDDA,ὅσσον δὲ τροχοῦ ἵππος ,ἀφίσταται ὅς ῥα ἄνακτα
iliad,23,518,SDDDDA,ἕλκῃσιν πεδίοιο ,τιταινόμενος σὺν ὄχεσφι
iliad,23,519,SSDSDA,τοῦ μέν τε ψαύουσιν ,ἐπισσώτρου τρίχες ἄκραι
iliad,23,520,SDDDDA,οὐραῖαι ὃ δέ τ ἄγχι ,μάλα τρέχει οὐδέ τι πολλὴ
iliad,23,521,SSDDDA,χώρη μεσσηγὺς ,πολέος πεδίοιο θέοντος
iliad,23,522,SDDDDA,τόσσον δὴ μενέλαος ,ἀμύμονος ἀντιλόχοιο
iliad,23,523,DSDSDA,λείπετ ἀτὰρ τὰ πρῶτα ,καὶ ἐς δίσκουρα λέλειπτο
iliad,23,524,DDDDDA,ἀλλά μιν αἶψα κίχανεν ,ὀφέλλετο γὰρ μένος ἠῢ
iliad,23,525,SDDSDA,ἵππου τῆς ἀγαμεμνονέης ,καλλίτριχος αἴθης
iliad,23,526,DDDDDA,εἰ δέ κ ἔτι προτέρω ,γένετο δρόμος ἀμφοτέροισι
iliad,23,527,SDSSDA,τώ κέν μιν παρέλασσ ,οὐδ ἀμφήριστον ἔθηκεν
iliad,23,528,SDDDDA,αὐτὰρ μηριόνης ,θεράπων ἐῢς ἰδομενῆος
iliad,23,529,DSDSDA,λείπετ ἀγακλῆος ,μενελάου δουρὸς ἐρωήν
iliad,23,530,SSDSDA,βάρδιστοι μὲν γάρ ,οἱ ἔσαν καλλίτριχες ἵπποι
iliad,23,531,SSDDDA,ἤκιστος δ ἦν αὐτὸς ,ἐλαυνέμεν ἅρμ ἐν ἀγῶνι
iliad,23,532,SSDDDA,υἱὸς δ ἀδμήτοιο ,πανύστατος ἤλυθεν ἄλλων
iliad,23,533,SDDSDA,ἕλκων ἅρματα καλὰ ,ἐλαύνων πρόσσοθεν ἵππους
iliad,23,534,DSDSDA,τὸν δὲ ἰδὼν ᾤκτειρε ,ποδάρκης δῖος ἀχιλλεύς
iliad,23,535,DSDDDA,στὰς δ ἄρ ἐν ἀργείοις ,ἔπεα πτερόεντ ἀγόρευε
iliad,23,536,DSDSDA,‘λοῖσθος ἀνὴρ ὤριστος ,ἐλαύνει μώνυχας ἵππους
iliad,23,537,DSDDDA,ἀλλ ἄγε δή οἱ δῶμεν ,ἀέθλιον ὡς ἐπιεικὲς
iliad,23,538,DSDSDA,δεύτερ ἀτὰρ τὰ πρῶτα ,φερέσθω τυδέος υἱός
iliad,23,539,DDDDDA,ὣς ἔφαθ οἳ δ ἄρα πάντες ,ἐπῄνεον ὡς ἐκέλευε
iliad,23,540,DDDSDA,καί νύ κέ οἱ πόρεν ἵππον ,ἐπῄνησαν γὰρ ἀχαιοί
iliad,23,541,DDDSDA,εἰ μὴ ἄρ ἀντίλοχος ,μεγαθύμου νέστορος υἱὸς
iliad,23,542,DDDSDA,πηλεΐδην ἀχιλῆα ,δίκῃ ἠμείψατ ἀναστάς
iliad,23,543,DDDDDA,‘ὦ ἀχιλεῦ μάλα τοι ,κεχολώσομαι αἴ κε τελέσσῃς
iliad,23,544,DSDSDA,τοῦτο ἔπος μέλλεις ,γὰρ ἀφαιρήσεσθαι ἄεθλον
iliad,23,545,DDDDDA,τὰ φρονέων ὅτι οἱ ,βλάβεν ἅρματα καὶ ταχέ ἵππω
iliad,23,546,SDSDDA,αὐτός τ ἐσθλὸς ἐών ,ἀλλ ὤφελεν ἀθανάτοισιν
iliad,23,547,SDDDDA,εὔχεσθαι τό κεν οὔ ,τι πανύστατος ἦλθε διώκων
iliad,23,548,DSSDDA,εἰ δέ μιν οἰκτίρεις ,καί τοι φίλος ἔπλετο θυμῷ
iliad,23,549,DDSDDA,ἔστί τοι ἐν κλισίῃ ,χρυσὸς πολύς ἔστι δὲ χαλκὸς
iliad,23,550,DDSSDA,καὶ πρόβατ εἰσὶ δέ τοι ,δμῳαὶ καὶ μώνυχες ἵπποι
iliad,23,551,DDDSDA,τῶν οἱ ἔπειτ ἀνελὼν ,δόμεναι καὶ μεῖζον ἄεθλον
iliad,23,552,DDDSDA,ἠὲ καὶ αὐτίκα νῦν ,ἵνα σ αἰνήσωσιν ἀχαιοί
iliad,23,553,DSDSSA,τὴν δ ἐγὼ οὐ δώσω ,περὶ δ αὐτῆς πειρηθήτω
iliad,23,554,SDDSDA,ἀνδρῶν ὅς κ ἐθέλῃσιν ,ἐμοὶ χείρεσσι μάχεσθαι
iliad,23,555,DSDSDA,ὣς φάτο μείδησεν ,δὲ ποδάρκης δῖος ἀχιλλεὺς
iliad,23,556,SDDDDA,χαίρων ἀντιλόχῳ ,ὅτι οἱ φίλος ἦεν ἑταῖρος
iliad,23,557,DDDDDA,καί μιν ἀμειβόμενος ,ἔπεα πτερόεντα προσηύδα
iliad,23,558,DSDSDA,‘ἀντίλοχ εἰ μὲν δή ,με κελεύεις οἴκοθεν ἄλλο
iliad,23,559,SDDDDA,εὐμήλῳ ἐπιδοῦναι ,ἐγὼ δέ κε καὶ τὸ τελέσσω
iliad,23,560,SSDDDA,δώσω οἱ θώρηκα ,τὸν ἀστεροπαῖον ἀπηύρων
iliad,23,561,DDDSDA,χάλκεον ᾧ πέρι χεῦμα ,φαεινοῦ κασσιτέροιο
iliad,23,562,DSDDDA,ἀμφιδεδίνηται ,πολέος δέ οἱ ἄξιος ἔσται
iliad,23,563,DDDDDA,ἦ ῥα καὶ αὐτομέδοντι ,φίλῳ ἐκέλευσεν ἑταίρῳ
iliad,23,564,DDDDDA,οἰσέμεναι κλισίηθεν ,ὃ δ ᾤχετο καί οἱ ἔνεικεν
iliad,23,565,SSDDDA,εὐμήλῳ δ ἐν χερσὶ ,τίθει ὃ δὲ δέξατο χαίρων
iliad,23,566,DDDDDA,τοῖσι δὲ καὶ μενέλαος ,ἀνίστατο θυμὸν ἀχεύων
iliad,23,567,DDDDDA,ἀντιλόχῳ ἄμοτον ,κεχολωμένος ἐν δ ἄρα κῆρυξ
iliad,23,568,SDDSDA,χειρὶ σκῆπτρον ἔθηκε ,σιωπῆσαί τε κέλευσεν
iliad,23,569,SDDSDA,ἀργείους ὃ δ ἔπειτα ,μετηύδα ἰσόθεος φώς
iliad,23,570,DSSDDA,‘ἀντίλοχε πρόσθεν ,πεπνυμένε ποῖον ἔρεξας
iliad,23,571,SDDSDA,ᾔσχυνας μὲν ἐμὴν ,ἀρετήν βλάψας δέ μοι ἵππους
iliad,23,572,SDSDDA,τοὺς σοὺς πρόσθε βαλών ,οἵ τοι πολὺ χείρονες ἦσαν
iliad,23,573,DSSDDA,ἀλλ ἄγετ ἀργείων ,ἡγήτορες ἠδὲ μέδοντες
iliad,23,574,DDDDDA,ἐς μέσον ἀμφοτέροισι ,δικάσσατε μὴ δ ἐπ ἀρωγῇ
iliad,23,575,DSDSDA,μή ποτέ τις εἴπῃσιν ,ἀχαιῶν χαλκοχιτώνων
iliad,23,576,DSDDDA,ἀντίλοχον ψεύδεσσι ,βιησάμενος μενέλαος
iliad,23,577,DDDDDA,οἴχεται ἵππον ἄγων ,ὅτι οἱ πολὺ χείρονες ἦσαν
iliad,23,578,SSSDDA,ἵπποι αὐτὸς δὲ ,κρείσσων ἀρετῇ τε βίῃ τε
iliad,23,579,DSDSDA,εἰ δ ἄγ ἐγὼν αὐτὸς ,δικάσω καί μ οὔ τινά φημι
iliad,23,580,DSDSDA,ἄλλον ἐπιπλήξειν ,δαναῶν ἰθεῖα γὰρ ἔσται
iliad,23,581,DDDDDA,ἀντίλοχ εἰ δ ἄγε δεῦρο ,διοτρεφές ἣ θέμις ἐστί
iliad,23,582,SDDDDA,στὰς ἵππων προπάροιθε ,καὶ ἅρματος αὐτὰρ ἱμάσθλην
iliad,23,583,DDSSDA,χερσὶν ἔχε ῥαδινήν ,ᾗ περ τὸ πρόσθεν ἔλαυνες
iliad,23,584,SDSDDA,ἵππων ἁψάμενος ,γαιήοχον ἐννοσίγαιον
iliad,23,585,DDDDDA,ὄμνυθι μὴ μὲν ἑκὼν ,τὸ ἐμὸν δόλῳ ἅρμα πεδῆσαι
iliad,23,586,SDSDDA,τὸν δ αὖτ ἀντίλοχος ,πεπνυμένος ἀντίον ηὔδα
iliad,23,587,DSDDDA,‘ἄνσχεο νῦν πολλὸν ,γὰρ ἔγωγε νεώτερός εἰμι
iliad,23,588,DDDDDA,σεῖο ἄναξ μενέλαε ,σὺ δὲ πρότερος καὶ ἀρείων
iliad,23,589,SDDDDA,οἶσθ οἷαι νέου ἀνδρὸς ,ὑπερβασίαι τελέθουσι
iliad,23,590,DSDSDA,κραιπνότερος μὲν γάρ ,τε νόος λεπτὴ δέ τε μῆτις
iliad,23,591,DSDSDA,τώ τοι ἐπιτλήτω ,κραδίη ἵππον δέ τοι αὐτὸς
iliad,23,592,SDSDDA,δώσω τὴν ἀρόμην ,εἰ καί νύ κεν οἴκοθεν ἄλλο
iliad,23,593,DSDDDA,μεῖζον ἐπαιτήσειας ,ἄφαρ κέ τοι αὐτίκα δοῦναι
iliad,23,594,SSDDDA,βουλοίμην ἢ σοί ,γε διοτρεφὲς ἤματα πάντα
iliad,23,595,SDSDDA,ἐκ θυμοῦ πεσέειν ,καὶ δαίμοσιν εἶναι ἀλιτρός
iliad,23,596,DDDSDA,ἦ ῥα καὶ ἵππον ἄγων ,μεγαθύμου νέστορος υἱὸς
iliad,23,597,SDDSDA,ἐν χείρεσσι τίθει ,μενελάου τοῖο δὲ θυμὸς
iliad,23,598,SSDDDA,ἰάνθη ὡς εἴ ,τε περὶ σταχύεσσιν ἐέρση
iliad,23,599,DSDSDA,ληΐου ἀλδήσκοντος ,ὅτε φρίσσουσιν ἄρουραι
iliad,23,600,DDDDDA,ὣς ἄρα σοὶ μενέλαε ,μετὰ φρεσὶ θυμὸς ἰάνθη
iliad,23,601,SSDDDA,καί μιν φωνήσας ,ἔπεα πτερόεντα προσηύδα
iliad,23,602,DSDDDA,‘ἀντίλοχε νῦν μέν ,τοι ἐγὼν ὑποείξομαι αὐτὸς
iliad,23,603,DDDDDA,χωόμενος ἐπεὶ οὔ ,τι παρήορος οὐδ ἀεσίφρων
iliad,23,604,DSDSDA,ἦσθα πάρος νῦν αὖτε ,νόον νίκησε νεοίη
iliad,23,605,DDDDDA,δεύτερον αὖτ ἀλέασθαι ,ἀμείνονας ἠπεροπεύειν
iliad,23,606,SDDDDA,οὐ γάρ κέν με τάχ ἄλλος ,ἀνὴρ παρέπεισεν ἀχαιῶν
iliad,23,607,DSDSDA,ἀλλὰ σὺ γὰρ δὴ πολλὰ ,πάθες καὶ πολλὰ μόγησας
iliad,23,608,DDDDDA,σός τε πατὴρ ἀγαθὸς ,καὶ ἀδελφεὸς εἵνεκ ἐμεῖο
iliad,23,609,SDDDDA,τώ τοι λισσομένῳ ,ἐπιπείσομαι ἠδὲ καὶ ἵππον
iliad,23,610,DDDSDA,δώσω ἐμήν περ ἐοῦσαν ,ἵνα γνώωσι καὶ οἵδε
iliad,23,611,DDDDDA,ὡς ἐμὸς οὔ ποτε θυμὸς ,ὑπερφίαλος καὶ ἀπηνής
iliad,23,612,DDDDDA,ἦ ῥα καὶ ἀντιλόχοιο ,νοήμονι δῶκεν ἑταίρῳ
iliad,23,613,DDDDDA,ἵππον ἄγειν ὃ δ ἔπειτα ,λέβηθ ἕλε παμφανόωντα
iliad,23,614,DDDSDA,μηριόνης δ ἀνάειρε ,δύω χρυσοῖο τάλαντα
iliad,23,615,DDSDDA,τέτρατος ὡς ἔλασεν ,πέμπτον δ ὑπελείπετ ἄεθλον
iliad,23,616,DDSDDA,ἀμφίθετος φιάλη ,τὴν νέστορι δῶκεν ἀχιλλεὺς
iliad,23,617,SDDDDA,ἀργείων ἀν ἀγῶνα ,φέρων καὶ ἔειπε παραστάς
iliad,23,618,SSDSDA,‘τῆ νῦν καὶ σοὶ τοῦτο ,γέρον κειμήλιον ἔστω
iliad,23,619,SDSDDA,πατρόκλοιο τάφου ,μνῆμ ἔμμεναι οὐ γὰρ ἔτ αὐτὸν
iliad,23,620,DSDDDA,ὄψῃ ἐν ἀργείοισι ,δίδωμι δέ τοι τόδ ἄεθλον
iliad,23,621,SSDDDA,αὔτως οὐ γὰρ πύξ ,γε μαχήσεαι οὐδὲ παλαίσεις
iliad,23,622,DSSDDA,οὐδ ἔτ ἀκοντιστὺν ,ἐσδύσεαι οὐδὲ πόδεσσι
iliad,23,623,DSDDDA,θεύσεαι ἤδη γὰρ ,χαλεπὸν κατὰ γῆρας ἐπείγει
iliad,23,624,SSDDDA,ὣς εἰπὼν ἐν χερσὶ ,τίθει ὃ δ ἐδέξατο χαίρων
iliad,23,625,SSDDDA,καί μιν φωνήσας ,ἔπεα πτερόεντα προσηύδα
iliad,23,626,SDDDDA,‘ναὶ δὴ ταῦτά γε πάντα ,τέκος κατὰ μοῖραν ἔειπες
iliad,23,627,DDDDDA,‘οὐ γὰρ ἔτ ἔμπεδα γυῖα ,φίλος πόδες οὐδέ τι χεῖρες
iliad,23,628,SDDSDA,ὤμων ἀμφοτέρωθεν ,ἐπαΐσσονται ἐλαφραί
iliad,23,629,SSDDDA,εἴθ ὣς ἡβώοιμι ,βίη τέ μοι ἔμπεδος εἴη
iliad,23,630,DSDDDA,ὡς ὁπότε κρείοντ ,ἀμαρυγκέα θάπτον ἐπειοὶ
iliad,23,631,DSDDDA,βουπρασίῳ παῖδες ,δ ἔθεσαν βασιλῆος ἄεθλα
iliad,23,632,SDDDDA,ἔνθ οὔ τίς μοι ὁμοῖος ,ἀνὴρ γένετ οὔτ ἄρ ἐπειῶν
iliad,23,633,SDSSDA,οὔτ αὐτῶν πυλίων ,οὔτ αἰτωλῶν μεγαθύμων
iliad,23,634,DSDDDA,πὺξ μὲν ἐνίκησα ,κλυτομήδεα ἤνοπος υἱόν
iliad,23,635,SDSDDA,ἀγκαῖον δὲ πάλῃ ,πλευρώνιον ὅς μοι ἀνέστη
iliad,23,636,SDDDDA,ἴφικλον δὲ πόδεσσι ,παρέδραμον ἐσθλὸν ἐόντα
iliad,23,637,DDSDDA,δουρὶ δ ὑπειρέβαλον ,φυλῆά τε καὶ πολύδωρον
iliad,23,638,SSDDDA,οἴοισίν μ ἵπποισι ,παρήλασαν ἀκτορίωνε
iliad,23,639,SDDDDA,πλήθει πρόσθε βαλόντες ,ἀγασσάμενοι περὶ νίκης
iliad,23,640,DDDDDA,οὕνεκα δὴ τὰ μέγιστα ,παρ αὐτόθι λείπετ ἄεθλα
iliad,23,641,DDDDDA,οἳ δ ἄρ ἔσαν δίδυμοι ,ὃ μὲν ἔμπεδον ἡνιόχευεν
iliad,23,642,DDDSDA,ἔμπεδον ἡνιόχευ ,ὃ δ ἄρα μάστιγι κέλευεν
iliad,23,643,DSDDDA,ὥς ποτ ἔον νῦν αὖτε ,νεώτεροι ἀντιοώντων
iliad,23,644,SSDSDA,ἔργων τοιούτων ,ἐμὲ δὲ χρὴ γήραϊ λυγρῷ
iliad,23,645,SDDDSA,πείθεσθαι τότε δ αὖτε ,μετέπρεπον ἡρώεσσιν
iliad,23,646,DDDSDA,ἀλλ ἴθι καὶ σὸν ἑταῖρον ,ἀέθλοισι κτερέϊζε
iliad,23,647,DSDSDA,τοῦτο δ ἐγὼ πρόφρων ,δέχομαι χαίρει δέ μοι ἦτορ
iliad,23,648,DSDDDA,ὥς μευ ἀεὶ μέμνησαι ,ἐνηέος οὐδέ σε λήθω
iliad,23,649,SDDSDA,τιμῆς ἧς τέ μ ἔοικε ,τετιμῆσθαι μετ ἀχαιοῖς
iliad,23,650,DSDDDA,σοὶ δὲ θεοὶ τῶνδ ἀντὶ ,χάριν μενοεικέα δοῖεν
iliad,23,651,DDDDDA,ὣς φάτο πηλεΐδης ,δὲ πολὺν καθ ὅμιλον ἀχαιῶν
iliad,23,652,DSDDDA,ᾤχετ ἐπεὶ πάντ αἶνον ,ἐπέκλυε νηλεΐδαο
iliad,23,653,DDDSDA,αὐτὰρ ὃ πυγμαχίης ,ἀλεγεινῆς θῆκεν ἄεθλα
iliad,23,654,DDDDDA,ἡμίονον ταλαεργὸν ,ἄγων κατέδησ ἐν ἀγῶνι
iliad,23,655,DSSSDA,ἑξέτε ἀδμήτην ,ἥ τ ἀλγίστη δαμάσασθαι
iliad,23,656,DSDDDA,τῷ δ ἄρα νικηθέντι ,τίθει δέπας ἀμφικύπελλον
iliad,23,657,SSDSDA,στῆ δ ὀρθὸς καὶ μῦθον ,ἐν ἀργείοισιν ἔειπεν
iliad,23,658,DDDSDA,‘ἀτρεΐδη τε καὶ ἄλλοι ,ἐϋκνήμιδες ἀχαιοὶ
iliad,23,659,DDDDDA,ἄνδρε δύω περὶ τῶνδε ,κελεύομεν ὥ περ ἀρίστω
iliad,23,660,DDSDDA,πὺξ μάλ ἀνασχομένω ,πεπληγέμεν ᾧ δέ κ ἀπόλλων
iliad,23,661,SDSDDA,δώῃ καμμονίην ,γνώωσι δὲ πάντες ἀχαιοί
iliad,23,662,DDDDDA,ἡμίονον ταλαεργὸν ,ἄγων κλισίην δὲ νεέσθω
iliad,23,663,DSDDDA,αὐτὰρ ὃ νικηθεὶς ,δέπας οἴσεται ἀμφικύπελλον
iliad,23,664,DDDSDA,ὣς ἔφατ ὄρνυτο δ αὐτίκ ,ἀνὴρ ἠΰς τε μέγας τε
iliad,23,665,SDSDDA,εἰδὼς πυγμαχίης ,υἱὸς πανοπῆος ἐπειός
iliad,23,666,DDDSSA,ἅψατο δ ἡμιόνου ,ταλαεργοῦ φώνησέν τε
iliad,23,667,DSDDDA,ἆσσον ἴτω ὅς τις ,δέπας οἴσεται ἀμφικύπελλον
iliad,23,668,DSDDDA,ἡμίονον δ οὔ φημί ,τιν ἀξέμεν ἄλλον ἀχαιῶν
iliad,23,669,SSDDDA,πυγμῇ νικήσαντ ,ἐπεὶ εὔχομαι εἶναι ἄριστος
iliad,23,670,NNNNNN,NA,NA
iliad,23,671,SSDDDA,ἐν πάντεσσ ἔργοισι ,δαήμονα φῶτα γενέσθαι
iliad,23,672,DDDDDA,ὧδε γὰρ ἐξερέω ,τὸ δὲ καὶ τετελεσμένον ἔσται
iliad,23,673,SDSSDA,ἀντικρὺ χρόα τε ,ῥήξω σύν τ ὀστέ ἀράξω
iliad,23,674,DDDDDA,κηδεμόνες δέ οἱ ἐνθάδ ,ἀολλέες αὖθι μενόντων
iliad,23,675,DSDDDA,οἵ κέ μιν ἐξοίσουσιν ,ἐμῇς ὑπὸ χερσὶ δαμέντα
iliad,23,676,DDDDDA,ὣς ἔφαθ οἳ δ ἄρα πάντες ,ἀκὴν ἐγένοντο σιωπῇ
iliad,23,677,DDDDDA,εὐρύαλος δέ οἱ οἶος ,ἀνίστατο ἰσόθεος φὼς
iliad,23,678,NNNNNN,NA,NA
iliad,23,679,DSDDDA,ὅς ποτε θήβας δ ἦλθε ,δεδουπότος οἰδιπόδαο
iliad,23,680,DDDSSA,ἐς τάφον ἔνθα δὲ πάντας ,ἐνίκα καδμείωνας
iliad,23,681,SDSDDA,τὸν μὲν τυδεΐδης ,δουρὶ κλυτὸς ἀμφεπονεῖτο
iliad,23,682,SDDSDA,θαρσύνων ἔπεσιν ,μέγα δ αὐτῷ βούλετο νίκην
iliad,23,683,DSDDDA,ζῶμα δέ οἱ πρῶτον ,παρακάββαλεν αὐτὰρ ἔπειτα
iliad,23,684,DDSDSA,δῶκεν ἱμάντας ἐϋτμήτους ,βοὸς ἀγραύλοιο
iliad,23,685,SDSSDA,τὼ δὲ ζωσαμένω ,βήτην ἐς μέσσον ἀγῶνα
iliad,23,686,DDSDDA,ἄντα δ ἀνασχομένω ,χερσὶ στιβαρῇσιν ἅμ ἄμφω
iliad,23,687,DSDSDA,σύν ῥ ἔπεσον σὺν δέ ,σφι βαρεῖαι χεῖρες ἔμιχθεν
iliad,23,688,SDDDDA,δεινὸς δὲ χρόμαδος ,γενύων γένετ ἔρρεε δ ἱδρὼς
iliad,23,689,DDDDDA,πάντοθεν ἐκ μελέων ,ἐπὶ δ ὄρνυτο δῖος ἐπειός
iliad,23,690,DSDDDA,κόψε δὲ παπτήναντα ,παρήϊον οὐδ ἄρ ἔτι δὴν
iliad,23,691,SSDDDA,ἑστήκειν αὐτοῦ ,γὰρ ὑπήριπε φαίδιμα γυῖα
iliad,23,692,SDDDDA,ὡς δ ὅθ ὑπὸ φρικὸς ,βορέω ἀναπάλλεται ἰχθὺς
iliad,23,693,SDDDDA,θίν ἐν φυκιόεντι ,μέλαν δέ ἑ κῦμα κάλυψεν
iliad,23,694,SDSDDA,ὣς πληγεὶς ἀνέπαλτ ,αὐτὰρ μεγάθυμος ἐπειὸς
iliad,23,695,DSDSDA,χερσὶ λαβὼν ὤρθωσε ,φίλοι δ ἀμφέσταν ἑταῖροι
iliad,23,696,DDDDDA,οἵ μιν ἄγον δι ἀγῶνος ,ἐφελκομένοισι πόδεσσιν
iliad,23,697,DSDSDA,αἷμα παχὺ πτύοντα ,κάρη βάλλονθ ἑτέρωσε
iliad,23,698,SDDDDA,κὰδ δ ἀλλοφρονέοντα ,μετὰ σφίσιν εἷσαν ἄγοντες
iliad,23,699,SDDDDA,αὐτοὶ δ οἰχόμενοι ,κόμισαν δέπας ἀμφικύπελλον
iliad,23,700,DSDDDA,πηλεΐδης δ αἶψ ἄλλα ,κατὰ τρίτα θῆκεν ἄεθλα
iliad,23,701,DDDDDA,δεικνύμενος δαναοῖσι ,παλαισμοσύνης ἀλεγεινῆς
iliad,23,702,SSDDDA,τῷ μὲν νικήσαντι ,μέγαν τρίποδ ἐμπυριβήτην
iliad,23,703,DDDDDA,τὸν δὲ δυωδεκάβοιον ,ἐνὶ σφίσι τῖον ἀχαιοί
iliad,23,704,DSDSDA,ἀνδρὶ δὲ νικηθέντι ,γυναῖκ ἐς μέσσον ἔθηκε
iliad,23,705,DDDDDA,πολλὰ δ ἐπίστατο ἔργα ,τίον δέ ἑ τεσσαράβοιον
iliad,23,706,SSDSDA,στῆ δ ὀρθὸς καὶ μῦθον ,ἐν ἀργείοισιν ἔειπεν
iliad,23,707,SSDSSA,‘ὄρνυσθ οἳ καὶ τούτου ,ἀέθλου πειρήσεσθον
iliad,23,708,DDDDDA,ὣς ἔφατ ὦρτο δ ἔπειτα ,μέγας τελαμώνιος αἴας
iliad,23,709,DDDDDA,ἂν δ ὀδυσεὺς πολύμητις ,ἀνίστατο κέρδεα εἰδώς
iliad,23,710,DDDSDA,ζωσαμένω δ ἄρα τώ ,γε βάτην ἐς μέσσον ἀγῶνα
iliad,23,711,SSDSDA,ἀγκὰς δ ἀλλήλων ,λαβέτην χερσὶ στιβαρῇσιν
iliad,23,712,DSSDDA,ὡς ὅτ ἀμείβοντες ,τούς τε κλυτὸς ἤραρε τέκτων
iliad,23,713,DSDDDA,δώματος ὑψηλοῖο ,βίας ἀνέμων ἀλεείνων
iliad,23,714,SDDSDA,τετρίγει δ ἄρα νῶτα ,θρασειάων ἀπὸ χειρῶν
iliad,23,715,DDDDDA,ἑλκόμενα στερεῶς ,κατὰ δὲ νότιος ῥέεν ἱδρώς
iliad,23,716,SSDSDA,πυκναὶ δὲ σμώδιγγες ,ἀνὰ πλευράς τε καὶ ὤμους
iliad,23,717,DDDDDA,αἵματι φοινικόεσσαι ,ἀνέδραμον οἳ δὲ μάλ αἰεὶ
iliad,23,718,SSDDSA,νίκης ἱέσθην ,τρίποδος πέρι ποιητοῖο
iliad,23,719,DDSSDA,οὔτ ὀδυσεὺς δύνατο ,σφῆλαι οὔδει τε πελάσσαι
iliad,23,720,SDDDDA,οὔτ αἴας δύνατο ,κρατερὴ δ ἔχεν ἲς ὀδυσῆος
iliad,23,721,DDDSDA,ἀλλ ὅτε δή ῥ ἀνίαζον ,ἐϋκνήμιδας ἀχαιούς
iliad,23,722,DDDDDA,δὴ τότε μιν προσέειπε ,μέγας τελαμώνιος αἴας
iliad,23,723,DSDDDA,‘διογενὲς λαερτιάδη ,πολυμήχαν ὀδυσσεῦ
iliad,23,724,DDDDDA,ἤ μ ἀνάειρ ἢ ἐγὼ ,σέ τὰ δ αὖ διὶ πάντα μελήσει
iliad,23,725,SDDSDA,ὣς εἰπὼν ἀνάειρε ,δόλου δ οὐ λήθετ ὀδυσσεύς
iliad,23,726,DSDDDA,κόψ ὄπιθεν κώληπα ,τυχών ὑπέλυσε δὲ γυῖα
iliad,23,727,DDDSDA,κὰδ δ ἔβαλ ἐξοπίσω ,ἐπὶ δὲ στήθεσσιν ὀδυσσεὺς
iliad,23,728,DSSDSA,κάππεσε λαοὶ δ αὖ ,θηεῦντό τε θάμβησάν τε
iliad,23,729,DDDSDA,δεύτερος αὖτ ἀνάειρε ,πολύτλας δῖος ὀδυσσεύς
iliad,23,730,SDDDDA,κίνησεν δ ἄρα τυτθὸν ,ἀπὸ χθονός οὐδ ἔτ ἄειρεν
iliad,23,731,DSDDDA,ἐν δὲ γόνυ γνάμψεν ,ἐπὶ δὲ χθονὶ κάππεσον ἄμφω
iliad,23,732,DSDSDA,πλησίοι ἀλλήλοισι ,μιάνθησαν δὲ κονίῃ
iliad,23,733,DDDSDA,καί νύ κε τὸ τρίτον αὖτις ,ἀναΐξαντ ἐπάλαιον
iliad,23,734,DSDDDA,εἰ μὴ ἀχιλλεὺς αὐτὸς ,ἀνίστατο καὶ κατέρυκε
iliad,23,735,DSSSDA,μηκέτ ἐρείδεσθον ,μὴ δὲ τρίβεσθε κακοῖσι
iliad,23,736,SDDDDA,νίκη δ ἀμφοτέροισιν ,ἀέθλια δ ἶσ ἀνελόντες
iliad,23,737,SDDSDA,ἔρχεσθ ὄφρα καὶ ἄλλοι ,ἀεθλεύωσιν ἀχαιοί
iliad,23,738,DDDDDA,ὣς ἔφαθ οἳ δ ἄρα τοῦ ,μάλα μὲν κλύον ἠδὲ πίθοντο
iliad,23,739,DDDSDA,καί ῥ ἀπομορξαμένω ,κονίην δύσαντο χιτῶνας
iliad,23,740,DSDDDA,πηλεΐδης δ αἶψ ἄλλα ,τίθει ταχυτῆτος ἄεθλα
iliad,23,741,DSDDDA,ἀργύρεον κρητῆρα ,τετυγμένον ἓξ δ ἄρα μέτρα
iliad,23,742,DSDSDA,χάνδανεν αὐτὰρ κάλλει ,ἐνίκα πᾶσαν ἐπ αἶαν
iliad,23,743,DDDDSA,πολλόν ἐπεὶ σιδόνες ,πολυδαίδαλοι εὖ ἤσκησαν
iliad,23,744,SDDDDA,φοίνικες δ ἄγον ἄνδρες ,ἐπ ἠεροειδέα πόντον
iliad,23,745,SDDDDA,στῆσαν δ ἐν λιμένεσσι ,θόαντι δὲ δῶρον ἔδωκαν
iliad,23,746,SDDDDA,υἷος δὲ πριάμοιο ,λυκάονος ὦνον ἔδωκε
iliad,23,747,SSDDSA,πατρόκλῳ ἥρωϊ ,ἰησονίδης εὔνηος
iliad,23,748,DSDSDA,καὶ τὸν ἀχιλλεὺς θῆκεν ,ἄεθλον οὗ ἑτάροιο
iliad,23,749,DDSSDA,ὅς τις ἐλαφρότατος ,ποσσὶ κραιπνοῖσι πέλοιτο
iliad,23,750,DSDSDA,δευτέρῳ αὖ βοῦν θῆκε ,μέγαν καὶ πίονα δημῷ
iliad,23,751,SSDSDA,ἡμιτάλαντον ,δὲ χρυσοῦ λοισθήϊ ἔθηκε
iliad,23,752,SSDSDA,στῆ δ ὀρθὸς καὶ μῦθον ,ἐν ἀργείοισιν ἔειπεν
iliad,23,753,SSDSSA,‘ὄρνυσθ οἳ καὶ τούτου ,ἀέθλου πειρήσεσθε
iliad,23,754,DDDSDA,ὣς ἔφατ ὄρνυτο δ αὐτίκ ,ὀϊλῆος ταχὺς αἴας
iliad,23,755,DDDDDA,ἂν δ ὀδυσεὺς πολύμητις ,ἔπειτα δὲ νέστορος υἱὸς
iliad,23,756,DDDDDA,ἀντίλοχος ὃ γὰρ αὖτε ,νέους ποσὶ πάντας ἐνίκα
iliad,23,757,DSSDDA,στὰν δὲ μεταστοιχί ,σήμηνε δὲ τέρματ ἀχιλλεύς
iliad,23,758,DSDDDA,τοῖσι δ ἀπὸ νύσσης ,τέτατο δρόμος ὦκα δ ἔπειτα
iliad,23,759,DDDDDA,ἔκφερ ὀϊλιάδης ,ἐπὶ δ ὄρνυτο δῖος ὀδυσσεὺς
iliad,23,760,DDDDSA,ἄγχι μάλ ὡς ὅτε τίς ,τε γυναικὸς ἐϋζώνοιο
iliad,23,761,DDSDDA,στήθεός ἐστι κανών ,ὅν τ εὖ μάλα χερσὶ τανύσσῃ
iliad,23,762,DSDDDA,πηνίον ἐξέλκουσα ,παρὲκ μίτον ἀγχόθι δ ἴσχει
iliad,23,763,DDDDDA,στήθεος ὣς ὀδυσεὺς ,θέεν ἐγγύθεν αὐτὰρ ὄπισθεν
iliad,23,764,DDDDDA,ἴχνια τύπτε πόδεσσι ,πάρος κόνιν ἀμφιχυθῆναι
iliad,23,765,DDDDDA,κὰδ δ ἄρα οἱ κεφαλῆς ,χέ ἀϋτμένα δῖος ὀδυσσεὺς
iliad,23,766,SDDDDA,αἰεὶ ῥίμφα θέων ,ἴαχον δ ἐπὶ πάντες ἀχαιοὶ
iliad,23,767,SDDSDA,νίκης ἱεμένῳ ,μάλα δὲ σπεύδοντι κέλευον
iliad,23,768,DDDDDA,ἀλλ ὅτε δὴ πύματον ,τέλεον δρόμον αὐτίκ ὀδυσσεὺς
iliad,23,769,DSSDDA,εὔχετ ἀθηναίῃ ,γλαυκώπιδι ὃν κατὰ θυμόν
iliad,23,770,DDDDDA,κλῦθι θεά ἀγαθή ,μοι ἐπίρροθος ἐλθὲ ποδοῖιν
iliad,23,771,DDSDDA,ὣς ἔφατ εὐχόμενος ,τοῦ δ ἔκλυε παλλὰς ἀθήνη
iliad,23,772,DDDSDA,γυῖα δ ἔθηκεν ἐλαφρά ,πόδας καὶ χεῖρας ὕπερθεν
iliad,23,773,DDDSDA,ἀλλ ὅτε δὴ τάχ ἔμελλον ,ἐπαΐξασθαι ἄεθλον
iliad,23,774,SDDSDA,ἔνθ αἴας μὲν ὄλισθε ,θέων βλάψεν γὰρ ἀθήνη
iliad,23,775,DDDDDA,τῇ ῥα βοῶν κέχυτ ὄνθος ,ἀποκταμένων ἐριμύκων
iliad,23,776,DSSDDA,οὓς ἐπὶ πατρόκλῳ ,πέφνεν πόδας ὠκὺς ἀχιλλεύς
iliad,23,777,SDSDSA,ἐν δ ὄνθου βοέου ,πλῆτο στόμα τε ῥῖνάς τε
iliad,23,778,SDDSDA,κρητῆρ αὖτ ἀνάειρε ,πολύτλας δῖος ὀδυσσεύς
iliad,23,779,SDDDDA,ὡς ἦλθε φθάμενος ,ὃ δὲ βοῦν ἕλε φαίδιμος αἴας
iliad,23,780,DDDDSA,στῆ δὲ κέρας μετὰ χερσὶν ,ἔχων βοὸς ἀγραύλοιο
iliad,23,781,DSDSDA,ὄνθον ἀποπτύων ,μετὰ δ ἀργείοισιν ἔειπεν
iliad,23,782,DSDDDA,‘ὢ πόποι ἦ μ ἔβλαψε ,θεὰ πόδας ἣ τὸ πάρος περ
iliad,23,783,SDDDDA,μήτηρ ὣς ὀδυσῆϊ ,παρίσταται ἠδ ἐπαρήγει
iliad,23,784,DDDSDA,ὣς ἔφαθ οἳ δ ἄρα πάντες ,ἐπ αὐτῷ ἡδὺ γέλασσαν
iliad,23,785,DDSDDA,ἀντίλοχος δ ἄρα δὴ ,λοισθήϊον ἔκφερ ἄεθλον
iliad,23,786,DSDSDA,μειδιόων καὶ μῦθον ,ἐν ἀργείοισιν ἔειπεν
iliad,23,787,DDSDDA,‘εἰδόσιν ὔμμ ἐρέω ,πᾶσιν φίλοι ὡς ἔτι καὶ νῦν
iliad,23,788,DSDDSA,ἀθάνατοι τιμῶσι ,παλαιοτέρους ἀνθρώπους
iliad,23,789,SDDDDA,αἴας μὲν γὰρ ἐμεῖ ,ὀλίγον προγενέστερός ἐστιν
iliad,23,790,SDDDSA,οὗτος δὲ προτέρης ,γενεῆς προτέρων τ ἀνθρώπων
iliad,23,791,DDSDDA,ὠμογέροντα δέ μίν ,φασ ἔμμεναι ἀργαλέον δὲ
iliad,23,792,DSDSDA,ποσσὶν ἐριδήσασθαι ,ἀχαιοῖς εἰ μὴ ἀχιλλεῖ
iliad,23,793,DSDDDA,ὣς φάτο κύδηνεν ,δὲ ποδώκεα πηλεΐωνα
iliad,23,794,DSDDDA,τὸν δ ἀχιλεὺς μύθοισιν ,ἀμειβόμενος προσέειπεν
iliad,23,795,DSDSDA,‘ἀντίλοχ οὐ μέν τοι ,μέλεος εἰρήσεται αἶνος
iliad,23,796,DDDSDA,ἀλλά τοι ἡμιτάλαντον ,ἐγὼ χρυσοῦ ἐπιθήσω
iliad,23,797,SSDDDA,ὣς εἰπὼν ἐν χερσὶ ,τίθει ὃ δ ἐδέξατο χαίρων
iliad,23,798,SDDDDA,αὐτὰρ πηλεΐδης ,κατὰ μὲν δολιχόσκιον ἔγχος
iliad,23,799,DDDDDA,θῆκ ἐς ἀγῶνα φέρων ,κατὰ δ ἀσπίδα καὶ τρυφάλειαν
iliad,23,800,DSDSDA,τεύχεα σαρπήδοντος ,ἅ μιν πάτροκλος ἀπηύρα
iliad,23,801,SSDSDA,στῆ δ ὀρθὸς καὶ μῦθον ,ἐν ἀργείοισιν ἔειπεν
iliad,23,802,DDDDDA,‘ἄνδρε δύω περὶ τῶνδε ,κελεύομεν ὥ περ ἀρίστω
iliad,23,803,DDDDDA,τεύχεα ἑσσαμένω ,ταμεσίχροα χαλκὸν ἑλόντε
iliad,23,804,SDDSSA,ἀλλήλων προπάροιθεν ,ὁμίλου πειρηθῆναι
iliad,23,805,DSDDDA,ὁππότερός κε φθῇσιν ,ὀρεξάμενος χρόα καλόν
iliad,23,806,SSDDDA,ψαύσῃ δ ἐνδίνων ,διά τ ἔντεα καὶ μέλαν αἷμα
iliad,23,807,DSDDDA,τῷ μὲν ἐγὼ δώσω ,τόδε φάσγανον ἀργυρόηλον
iliad,23,808,SDDDDA,καλὸν θρηΐκιον ,τὸ μὲν ἀστεροπαῖον ἀπηύρων
iliad,23,809,DDSDDA,τεύχεα δ ἀμφότεροι ,ξυνήϊα ταῦτα φερέσθων
iliad,23,810,SDDDDA,καί σφιν δαῖτ ἀγαθὴν ,παραθήσομεν ἐν κλισίῃσιν
iliad,23,811,DDDDDA,ὣς ἔφατ ὦρτο δ ἔπειτα ,μέγας τελαμώνιος αἴας
iliad,23,812,DDSDDA,ἂν δ ἄρα τυδεΐδης ,ὦρτο κρατερὸς διομήδης
iliad,23,813,DDDSSA,οἳ δ ἐπεὶ οὖν ἑκάτερθεν ,ὁμίλου θωρήχθησαν
iliad,23,814,DDDDDA,ἐς μέσον ἀμφοτέρω ,συνίτην μεμαῶτε μάχεσθαι
iliad,23,815,SDSDDA,δεινὸν δερκομένω ,θάμβος δ ἔχε πάντας ἀχαιούς
iliad,23,816,DDDSDA,ἀλλ ὅτε δὴ σχεδὸν ἦσαν ,ἐπ ἀλλήλοισιν ἰόντες
iliad,23,817,DSSDSA,τρὶς μὲν ἐπήϊξαν ,τρὶς δὲ σχεδὸν ὁρμήθησαν
iliad,23,818,SDDDDA,ἔνθ αἴας μὲν ἔπειτα ,κατ ἀσπίδα πάντοσ ἐΐσην
iliad,23,819,SDDDDA,νύξ οὐδὲ χρό ἵκανεν ,ἔρυτο γὰρ ἔνδοθι θώρηξ
iliad,23,820,DDDDDA,τυδεΐδης δ ἄρ ἔπειτα ,ὑπὲρ σάκεος μεγάλοιο
iliad,23,821,DDDSDA,αἰὲν ἐπ αὐχένι κῦρε ,φαεινοῦ δουρὸς ἀκωκῇ
iliad,23,822,DSDSDA,καὶ τότε δή ῥ αἴαντι ,περιδείσαντες ἀχαιοὶ
iliad,23,823,DDDDDA,παυσαμένους ἐκέλευσαν ,ἀέθλια ἶσ ἀνελέσθαι
iliad,23,824,SDSDDA,αὐτὰρ τυδεΐδῃ ,δῶκεν μέγα φάσγανον ἥρως
iliad,23,825,DDDSDA,σὺν κολεῷ τε φέρων ,καὶ ἐϋτμήτῳ τελαμῶνι
iliad,23,826,SDSDDA,αὐτὰρ πηλεΐδης ,θῆκεν σόλον αὐτοχόωνον
iliad,23,827,SSDDDA,ὃν πρὶν μὲν ῥίπτασκε ,μέγα σθένος ἠετίωνος
iliad,23,828,SDDSDA,ἀλλ ἤτοι τὸν ἔπεφνε ,ποδάρκης δῖος ἀχιλλεύς
iliad,23,829,DSDSDA,τὸν δ ἄγετ ἐν νήεσσι ,σὺν ἄλλοισι κτεάτεσσι
iliad,23,830,SSDSDA,στῆ δ ὀρθὸς καὶ μῦθον ,ἐν ἀργείοισιν ἔειπεν
iliad,23,831,SSDSSA,‘ὄρνυσθ οἳ καὶ τούτου ,ἀέθλου πειρήσεσθε
iliad,23,832,SDDDDA,εἴ οἱ καὶ μάλα πολλὸν ,ἀπόπροθι πίονες ἀγροί
iliad,23,833,SSDDDA,ἕξει μιν καὶ πέντε ,περιπλομένους ἐνιαυτοὺς
iliad,23,834,DSDDDA,χρεώμενος οὐ μὲν γάρ ,οἱ ἀτεμβόμενός γε σιδήρου
iliad,23,835,SDSDDA,ποιμὴν οὐδ ἀροτὴρ ,εἶσ ἐς πόλιν ἀλλὰ παρέξει
iliad,23,836,DDDDDA,ὣς ἔφατ ὦρτο δ ἔπειτα ,μενεπτόλεμος πολυποίτης
iliad,23,837,DSDDDA,ἂν δὲ λεοντῆος ,κρατερὸν μένος ἀντιθέοιο
iliad,23,838,SDDSDA,ἂν δ αἴας τελαμωνιάδης ,καὶ δῖος ἐπειός
iliad,23,839,SSDDDA,ἑξείης δ ἵσταντο ,σόλον δ ἕλε δῖος ἐπειός
iliad,23,840,DSDDDA,ἧκε δὲ δινήσας ,γέλασαν δ ἐπὶ πάντες ἀχαιοί
iliad,23,841,DDDSDA,δεύτερος αὖτ ἀφέηκε ,λεοντεὺς ὄζος ἄρηος
iliad,23,842,DSDDDA,τὸ τρίτον αὖτ ἔρριψε ,μέγας τελαμώνιος αἴας
iliad,23,843,DDDDDA,χειρὸς ἄπο στιβαρῆς ,καὶ ὑπέρβαλε σήματα πάντων
iliad,23,844,DDDDDA,ἀλλ ὅτε δὴ σόλον εἷλε ,μενεπτόλεμος πολυποίτης
iliad,23,845,SSDDDA,ὅσσόν τίς τ ἔρριψε ,καλαύροπα βουκόλος ἀνήρ
iliad,23,846,DDDDDA,ἣ δέ θ ἑλισσομένη ,πέτεται διὰ βοῦς ἀγελαίας
iliad,23,847,SDDDDA,τόσσον παντὸς ἀγῶνος ,ὑπέρβαλε τοὶ δὲ βόησαν
iliad,23,848,SDDSDA,ἀνστάντες δ ἕταροι ,πολυποίταο κρατεροῖο
iliad,23,849,DDDDDA,νῆας ἔπι γλαφυρὰς ,ἔφερον βασιλῆος ἄεθλον
iliad,23,850,DSDDDA,αὐτὰρ ὃ τοξευτῇσι ,τίθει ἰόεντα σίδηρον
iliad,23,851,DDDDDA,κὰδ δ ἐτίθει δέκα μὲν ,πελέκεας δέκα δ ἡμιπέλεκκα
iliad,23,852,SSSDSA,ἱστὸν δ ἔστησεν ,νηὸς κυανοπρῴροιο
iliad,23,853,DDSSDA,τηλοῦ ἐπὶ ψαμάθοις ,ἐκ δὲ τρήρωνα πέλειαν
iliad,23,854,SSSDDA,λεπτῇ μηρίνθῳ ,δῆσεν ποδός ἧς ἄρ ἀνώγει
iliad,23,855,SSDSDA,τοξεύειν ὃς μέν ,κε βάλῃ τρήρωνα πέλειαν
iliad,23,856,DDDSDA,πάντας ἀειράμενος ,πελέκεας οἶκον δὲ φερέσθω
iliad,23,857,DSDSDA,ὃς δέ κε μηρίνθοιο ,τύχῃ ὄρνιθος ἁμαρτών
iliad,23,858,SSDDDA,ἥσσων γὰρ δὴ κεῖνος ,ὃ δ οἴσεται ἡμιπέλεκκα
iliad,23,859,DDDSDA,ὣς ἔφατ ὦρτο δ ἔπειτα ,βίη τεύκροιο ἄνακτος
iliad,23,860,DDDDDA,ἂν δ ἄρα μηριόνης ,θεράπων ἐῢς ἰδομενῆος
iliad,23,861,SDSDDA,κλήρους δ ἐν κυνέῃ ,χαλκήρεϊ πάλλον ἑλόντες
iliad,23,862,SSSDDA,τεῦκρος δὲ πρῶτος ,κλήρῳ λάχεν αὐτίκα δ ἰὸν
iliad,23,863,DDSSDA,ἧκεν ἐπικρατέως ,οὐδ ἠπείλησεν ἄνακτι
iliad,23,864,SDSSDA,ἀρνῶν πρωτογόνων ,ῥέξειν κλειτὴν ἑκατόμβην
iliad,23,865,SDDDDA,ὄρνιθος μὲν ἅμαρτε ,μέγηρε γάρ οἱ τό γ ἀπόλλων
iliad,23,866,DSDDDA,αὐτὰρ ὃ μήρινθον ,βάλε πὰρ πόδα τῇ δέδετ ὄρνις
iliad,23,867,SDSDDA,ἀντικρὺ δ ἀπὸ μήρινθον ,τάμε πικρὸς ὀϊστός
iliad,23,868,DSDDDA,ἣ μὲν ἔπειτ ἤϊξε ,πρὸς οὐρανόν ἣ δὲ παρείθη
iliad,23,869,SDDDDA,μήρινθος ποτὶ γαῖαν ,ἀτὰρ κελάδησαν ἀχαιοί
iliad,23,870,DDDSDA,σπερχόμενος δ ἄρα μηριόνης ,ἐξείρυσε χειρὸς
iliad,23,871,DDDDSA,τόξον ἀτὰρ δὴ ὀϊστὸν ,ἔχεν πάλαι ὡς ἴθυνεν
iliad,23,872,DSDDSA,αὐτίκα δ ἠπείλησεν ,ἑκηβόλῳ ἀπόλλωνι
iliad,23,873,SDSSDA,ἀρνῶν πρωτογόνων ,ῥέξειν κλειτὴν ἑκατόμβην
iliad,23,874,SDSSDA,ὕψι δ ὑπὸ νεφέων ,εἶδε τρήρωνα πέλειαν
iliad,23,875,DSDDDA,τῇ ῥ ὅ γε δινεύουσαν ,ὑπὸ πτέρυγος βάλε μέσσην
iliad,23,876,SDDDDA,ἀντικρὺ δὲ διῆλθε ,βέλος τὸ μὲν ἂψ ἐπὶ γαίῃ
iliad,23,877,SDDDDA,πρόσθεν μηριόναο ,πάγη ποδός αὐτὰρ ἣ ὄρνις
iliad,23,878,DDSDSA,ἱστῷ ἐφεζομένη ,νηὸς κυανοπρῴροιο
iliad,23,879,DDSDDA,αὐχέν ἀπεκρέμασεν ,σὺν δὲ πτερὰ πυκνὰ λίασθεν
iliad,23,880,SDSDDA,ὠκὺς δ ἐκ μελέων ,θυμὸς πτάτο τῆλε δ ἀπ αὐτοῦ
iliad,23,881,DSSDSA,κάππεσε λαοὶ δ αὖ ,θηεῦντό τε θάμβησάν τε
iliad,23,882,DDDDDA,ἂν δ ἄρα μηριόνης ,πελέκεας δέκα πάντας ἄειρε
iliad,23,883,SDDSDA,τεῦκρος δ ἡμιπέλεκκα ,φέρεν κοίλας ἐπὶ νῆας
iliad,23,884,SDDDDA,αὐτὰρ πηλεΐδης ,κατὰ μὲν δολιχόσκιον ἔγχος
iliad,23,885,DDDDDA,κὰδ δὲ λέβητ ἄπυρον ,βοὸς ἄξιον ἀνθεμόεντα
iliad,23,886,DDSDDA,θῆκ ἐς ἀγῶνα φέρων ,καί ῥ ἥμονες ἄνδρες ἀνέσταν
iliad,23,887,DDSSDA,ἂν μὲν ἄρ ἀτρεΐδης ,εὐρὺ κρείων ἀγαμέμνων
iliad,23,888,DDDDDA,ἂν δ ἄρα μηριόνης ,θεράπων ἐῢς ἰδομενῆος
iliad,23,889,DDDSDA,τοῖσι δὲ καὶ μετέειπε ,ποδάρκης δῖος ἀχιλλεύς
iliad,23,890,DSDDDA,‘ἀτρεΐδη ἴδμεν ,γὰρ ὅσον προβέβηκας ἁπάντων
iliad,23,891,SDDDDA,ἠδ ὅσσον δυνάμει ,τε καὶ ἥμασιν ἔπλευ ἄριστος
iliad,23,892,DDDSDA,ἀλλὰ σὺ μὲν τόδ ἄεθλον ,ἔχων κοίλας ἐπὶ νῆας
iliad,23,893,DDDSDA,ἔρχευ ἀτὰρ δόρυ μηριόνῃ ,ἥρωϊ πόρωμεν
iliad,23,894,DSDDDA,εἰ σύ γε σῷ θυμῷ ,ἐθέλοις κέλομαι γὰρ ἔγωγε
iliad,23,895,DDDSDA,ὣς ἔφατ οὐδ ἀπίθησεν ,ἄναξ ἀνδρῶν ἀγαμέμνων
iliad,23,896,DDDDDA,δῶκε δὲ μηριόνῃ ,δόρυ χάλκεον αὐτὰρ ὅ γ ἥρως
iliad,23,897,DSDDDA,ταλθυβίῳ κήρυκι ,δίδου περικαλλὲς ἄεθλον
