odyssey,8,1,SDDDDA,ἦμος δ ἠριγένεια ,φάνη ῥοδοδάκτυλος ἠώς
odyssey,8,2,DSDDDA,ὤρνυτ ἄρ ἐξ εὐνῆς ,ἱερὸν μένος ἀλκινόοιο
odyssey,8,3,DDSDDA,ἂν δ ἄρα διογενὴς ,ὦρτο πτολίπορθος ὀδυσσεύς
odyssey,8,4,SDDDDA,τοῖσιν δ ἡγεμόνευ ,ἱερὸν μένος ἀλκινόοιο
odyssey,8,5,SDSDDA,φαιήκων ἀγορήνδ ,ἥ σφιν παρὰ νηυσὶ τέτυκτο
odyssey,8,6,SDDSDA,ἐλθόντες δὲ καθῖζον ,ἐπὶ ξεστοῖσι λίθοισι
odyssey,8,7,DDDDDA,πλησίον ἡ δ ἀνὰ ἄστυ ,μετῴχετο παλλὰς ἀθήνη
odyssey,8,8,DSDDDA,εἰδομένη κήρυκι ,δαΐφρονος ἀλκινόοιο
odyssey,8,9,DSDDDA,νόστον ὀδυσσῆι ,μεγαλήτορι μητιόωσα
odyssey,8,10,DSDDDA,καί ῥα ἑκάστῳ φωτὶ ,παρισταμένη φάτο μῦθον
odyssey,8,11,DSSDDA,δεῦτ ἄγε φαιήκων ,ἡγήτορες ἠδὲ μέδοντες
odyssey,8,12,DDSSDA,εἰς ἀγορὴν ἰέναι ,ὄφρα ξείνοιο πύθησθε
odyssey,8,13,DDDDDA,ὃς νέον ἀλκινόοιο ,δαΐφρονος ἵκετο δῶμα
odyssey,8,14,DSDDDA,πόντον ἐπιπλαγχθείς ,δέμας ἀθανάτοισιν ὁμοῖος
odyssey,8,15,SSDSDA,ὣς εἰποῦσ ὤτρυνε ,μένος καὶ θυμὸν ἑκάστου
odyssey,8,16,DSDDDA,καρπαλίμως δ ἔμπληντο ,βροτῶν ἀγοραί τε καὶ ἕδραι
odyssey,8,17,DSDSDA,ἀγρομένων πολλοὶ ,δ ἄρ ἐθηήσαντο ἰδόντες
odyssey,8,18,SSDDDA,υἱὸν λαέρταο ,δαΐφρονα τῷ δ ἄρ ἀθήνη
odyssey,8,19,DDDDDA,θεσπεσίην κατέχευε ,χάριν κεφαλῇ τε καὶ ὤμοις
odyssey,8,20,SDSDDA,καί μιν μακρότερον ,καὶ πάσσονα θῆκεν ἰδέσθαι
odyssey,8,21,SSDSDA,ὥς κεν φαιήκεσσι ,φίλος πάντεσσι γένοιτο
odyssey,8,22,SSDDDA,δεινός τ αἰδοῖός ,τε καὶ ἐκτελέσειεν ἀέθλους
odyssey,8,23,SSDSDA,πολλούς τοὺς φαίηκες ,ἐπειρήσαντ ὀδυσῆος
odyssey,8,24,DSDDDA,αὐτὰρ ἐπεί ῥ ἤγερθεν ,ὁμηγερέες τ ἐγένοντο
odyssey,8,25,SDDDDA,τοῖσιν δ ἀλκίνοος ,ἀγορήσατο καὶ μετέειπε
odyssey,8,26,DSSDDA,κέκλυτε φαιήκων ,ἡγήτορες ἠδὲ μέδοντες
odyssey,8,27,SDDSDA,ὄφρ εἴπω τά με θυμὸς ,ἐνὶ στήθεσσι κελεύει
odyssey,8,28,DSDDDA,ξεῖνος ὅδ οὐκ οἶδ ὅς ,τις ἀλώμενος ἵκετ ἐμὸν δῶ
odyssey,8,29,DSSDSA,ἠὲ πρὸς ἠοίων ,ἦ ἑσπερίων ἀνθρώπων
odyssey,8,30,SSSDDA,πομπὴν δ ὀτρύνει ,καὶ λίσσεται ἔμπεδον εἶναι
odyssey,8,31,SDDSDA,ἡμεῖς δ ὡς τὸ πάρος ,περ ἐποτρυνώμεθα πομπήν
odyssey,8,32,DDDDDA,οὐδὲ γὰρ οὐδέ τις ἄλλος ,ὅτις κ ἐμὰ δώμαθ ἵκηται
odyssey,8,33,DDSDDA,ἐνθάδ ὀδυρόμενος ,δηρὸν μένει εἵνεκα πομπῆς
odyssey,8,34,DDDDDA,ἀλλ ἄγε νῆα μέλαιναν ,ἐρύσσομεν εἰς ἅλα δῖαν
odyssey,8,35,NNNNNN,NA,NA
odyssey,8,36,SDDDDA,κρινάσθων κατὰ δῆμον ,ὅσοι πάρος εἰσὶν ἄριστοι
odyssey,8,37,DDDSDA,δησάμενοι δ ἐὺ πάντες ,ἐπὶ κληῖσιν ἐρετμὰ
odyssey,8,38,SDDDDA,ἔκβητ αὐτὰρ ἔπειτα ,θοὴν ἀλεγύνετε δαῖτα
odyssey,8,39,DSDDDA,ἡμέτερόνδ ἐλθόντες ,ἐγὼ δ ἐὺ πᾶσι παρέξω
odyssey,8,40,SSDDDA,κούροισιν μὲν ταῦτ ,ἐπιτέλλομαι αὐτὰρ οἱ ἄλλοι
odyssey,8,41,SDDSDA,σκηπτοῦχοι βασιλῆες ,ἐμὰ πρὸς δώματα καλὰ
odyssey,8,42,SSDDDA,ἔρχεσθ ὄφρα ξεῖνον ,ἐνὶ μεγάροισι φιλέωμεν
odyssey,8,43,DSDDDA,μηδέ τις ἀρνείσθω ,καλέσασθε δὲ θεῖον ἀοιδὸν
odyssey,8,44,DSDDDA,δημόδοκον τῷ γάρ ,ῥα θεὸς πέρι δῶκεν ἀοιδὴν
odyssey,8,45,SSDSDA,τέρπειν ὅππῃ θυμὸς ,ἐποτρύνῃσιν ἀείδειν
odyssey,8,46,DSSDDA,ὣς ἄρα φωνήσας ,ἡγήσατο τοὶ δ ἅμ ἕποντο
odyssey,8,47,SSDDDA,σκηπτοῦχοι κῆρυξ ,δὲ μετῴχετο θεῖον ἀοιδόν
odyssey,8,48,SSDSSA,κούρω δὲ κρινθέντε ,δύω καὶ πεντήκοντα
odyssey,8,49,SDDDDA,βήτην ὡς ἐκέλευσ ,ἐπὶ θῖν ἁλὸς ἀτρυγέτοιο
odyssey,8,50,DDDDDA,αὐτὰρ ἐπεί ῥ ἐπὶ νῆα ,κατήλυθον ἠδὲ θάλασσαν
odyssey,8,51,DDDSDA,νῆα μὲν οἵ γε μέλαιναν ,ἁλὸς βένθοσδε ἔρυσσαν
odyssey,8,52,SDDDDA,ἐν δ ἱστόν τ ἐτίθεντο ,καὶ ἱστία νηὶ μελαίνῃ
odyssey,8,53,SDDSDA,ἠρτύναντο δ ἐρετμὰ ,τροποῖς ἐν δερματίνοισι
odyssey,8,54,DSDDDA,πάντα κατὰ μοῖραν ,ἀνά θ ἱστία λευκὰ πέτασσαν
odyssey,8,55,SDSDDA,ὑψοῦ δ ἐν νοτίῳ ,τήν γ ὥρμισαν αὐτὰρ ἔπειτα
odyssey,8,56,DDDDDA,βάν ῥ ἴμεν ἀλκινόοιο ,δαΐφρονος ἐς μέγα δῶμα
odyssey,8,57,DSDDDA,πλῆντο δ ἄρ αἴθουσαί ,τε καὶ ἕρκεα καὶ δόμοι ἀνδρῶν
odyssey,8,58,DSDDDA,ἀγρομένων πολλοὶ ,δ ἄρ ἔσαν νέοι ἠδὲ παλαιοί
odyssey,8,59,SDDDDA,τοῖσιν δ ἀλκίνοος ,δυοκαίδεκα μῆλ ἱέρευσεν
odyssey,8,60,SDDDDA,ὀκτὼ δ ἀργιόδοντας ,ὕας δύο δ εἰλίποδας βοῦς
odyssey,8,61,DDDDDA,τοὺς δέρον ἀμφί θ ἕπον ,τετύκοντό τε δαῖτ ἐρατεινήν
odyssey,8,62,SDDDDA,κῆρυξ δ ἐγγύθεν ἦλθεν ,ἄγων ἐρίηρον ἀοιδόν
odyssey,8,63,DDDDDA,τὸν πέρι μοῦσ ἐφίλησε ,δίδου δ ἀγαθόν τε κακόν τε
odyssey,8,64,SDDSDA,ὀφθαλμῶν μὲν ἄμερσε ,δίδου δ ἡδεῖαν ἀοιδήν
odyssey,8,65,DDSDDA,τῷ δ ἄρα ποντόνοος ,θῆκε θρόνον ἀργυρόηλον
odyssey,8,66,SDSDDA,μέσσῳ δαιτυμόνων ,πρὸς κίονα μακρὸν ἐρείσας
odyssey,8,67,SDDSDA,κὰδ δ ἐκ πασσαλόφι ,κρέμασεν φόρμιγγα λίγειαν
odyssey,8,68,DDDDDA,αὐτοῦ ὑπὲρ κεφαλῆς ,καὶ ἐπέφραδε χερσὶν ἑλέσθαι
odyssey,8,69,SDDSDA,κῆρυξ πὰρ δ ἐτίθει ,κάνεον καλήν τε τράπεζαν
odyssey,8,70,DSDDDA,πὰρ δὲ δέπας οἴνοιο ,πιεῖν ὅτε θυμὸς ἀνώγοι
odyssey,8,71,DDDDDA,οἱ δ ἐπ ὀνείαθ ἑτοῖμα ,προκείμενα χεῖρας ἴαλλον
odyssey,8,72,DDDDDA,αὐτὰρ ἐπεὶ πόσιος ,καὶ ἐδητύος ἐξ ἔρον ἕντο
odyssey,8,73,DDDDDA,μοῦσ ἄρ ἀοιδὸν ἀνῆκεν ,ἀειδέμεναι κλέα ἀνδρῶν
odyssey,8,74,SDDDDA,οἴμης τῆς τότ ἄρα ,κλέος οὐρανὸν εὐρὺν ἵκανε
odyssey,8,75,DSSDDA,νεῖκος ὀδυσσῆος ,καὶ πηλεΐδεω ἀχιλῆος
odyssey,8,76,DSDSDA,ὥς ποτε δηρίσαντο ,θεῶν ἐν δαιτὶ θαλείῃ
odyssey,8,77,SDDSDA,ἐκπάγλοις ἐπέεσσιν ,ἄναξ δ ἀνδρῶν ἀγαμέμνων
odyssey,8,78,DDDSDA,χαῖρε νόῳ ὅ τ ἄριστοι ,ἀχαιῶν δηριόωντο
odyssey,8,79,SSSDDA,ὣς γάρ οἱ χρείων ,μυθήσατο φοῖβος ἀπόλλων
odyssey,8,80,DDDSDA,πυθοῖ ἐν ἠγαθέῃ ,ὅθ ὑπέρβη λάινον οὐδὸν
odyssey,8,81,DDDDDA,χρησόμενος τότε γάρ ,ῥα κυλίνδετο πήματος ἀρχὴ
odyssey,8,82,DDDDDA,τρωσί τε καὶ δαναοῖσι ,διὸς μεγάλου διὰ βουλάς
odyssey,8,83,DDDDDA,ταῦτ ἄρ ἀοιδὸς ἄειδε ,περικλυτός αὐτὰρ ὀδυσσεὺς
odyssey,8,84,DDDSDA,πορφύρεον μέγα φᾶρος ,ἑλὼν χερσὶ στιβαρῇσι
odyssey,8,85,DSDDDA,κὰκ κεφαλῆς εἴρυσσε ,κάλυψε δὲ καλὰ πρόσωπα
odyssey,8,86,DSDDDA,αἴδετο γὰρ φαίηκας ,ὑπ ὀφρύσι δάκρυα λείβων
odyssey,8,87,DSDSDA,ἦ τοι ὅτε λήξειεν ,ἀείδων θεῖος ἀοιδός
odyssey,8,88,DDDDDA,δάκρυ ὀμορξάμενος ,κεφαλῆς ἄπο φᾶρος ἕλεσκε
odyssey,8,89,DDDSDA,καὶ δέπας ἀμφικύπελλον ,ἑλὼν σπείσασκε θεοῖσιν
odyssey,8,90,DSSDDA,αὐτὰρ ὅτ ἂψ ἄρχοιτο καὶ ,ὀτρύνειαν ἀείδειν
odyssey,8,91,SDDSDA,φαιήκων οἱ ἄριστοι ,ἐπεὶ τέρποντ ἐπέεσσιν
odyssey,8,92,DDDDDA,ἂψ ὀδυσεὺς κατὰ κρᾶτα ,καλυψάμενος γοάασκεν
odyssey,8,93,SSDDDA,ἔνθ ἄλλους μὲν πάντας ,ἐλάνθανε δάκρυα λείβων
odyssey,8,94,DDDDDA,ἀλκίνοος δέ μιν οἶος ,ἐπεφράσατ ἠδ ἐνόησεν
odyssey,8,95,DSDDDA,ἥμενος ἄγχ αὐτοῦ ,βαρὺ δὲ στενάχοντος ἄκουσεν
odyssey,8,96,DSDSDA,αἶψα δὲ φαιήκεσσι ,φιληρέτμοισι μετηύδα
odyssey,8,97,DSSDDA,κέκλυτε φαιήκων ,ἡγήτορες ἠδὲ μέδοντες
odyssey,8,98,SSDDDA,ἤδη μὲν δαιτὸς ,κεκορήμεθα θυμὸν ἐίσης
odyssey,8,99,SSDDDA,φόρμιγγός θ ἣ δαιτὶ ,συνήορός ἐστι θαλείῃ
odyssey,8,100,SSDSSA,νῦν δ ἐξέλθωμεν ,καὶ ἀέθλων πειρηθῶμεν
odyssey,8,101,SSDSDA,πάντων ὥς χ ὁ ξεῖνος ,ἐνίσπῃ οἷσι φίλοισιν
odyssey,8,102,DSSDDA,οἴκαδε νοστήσας ,ὅσσον περιγιγνόμεθ ἄλλων
odyssey,8,103,DDDDDA,πύξ τε παλαιμοσύνῃ ,τε καὶ ἅλμασιν ἠδὲ πόδεσσιν
odyssey,8,104,DSSDDA,ὣς ἄρα φωνήσας ,ἡγήσατο τοὶ δ ἅμ ἕποντο
odyssey,8,105,SDDSDA,κὰδ δ ἐκ πασσαλόφι ,κρέμασεν φόρμιγγα λίγειαν
odyssey,8,106,DDDDDA,δημοδόκου δ ἕλε χεῖρα ,καὶ ἔξαγεν ἐκ μεγάροιο
odyssey,8,107,SDSDDA,κῆρυξ ἦρχε δὲ τῷ ,αὐτὴν ὁδὸν ἥν περ οἱ ἄλλοι
odyssey,8,108,SDDDDA,φαιήκων οἱ ἄριστοι ,ἀέθλια θαυμανέοντες
odyssey,8,109,DDDDDA,βὰν δ ἴμεν εἰς ἀγορήν ,ἅμα δ ἕσπετο πουλὺς ὅμιλος
odyssey,8,110,DSDSDA,μυρίοι ἂν δ ἵσταντο ,νέοι πολλοί τε καὶ ἐσθλοί
odyssey,8,111,DDDDDA,ὦρτο μὲν ἀκρόνεώς ,τε καὶ ὠκύαλος καὶ ἐλατρεύς
odyssey,8,112,SSDDDA,ναυτεύς τε πρυμνεύς ,τε καὶ ἀγχίαλος καὶ ἐρετμεύς
odyssey,8,113,SSDDDA,ποντεύς τε πρωρεύς ,τε θόων ἀναβησίνεώς τε
odyssey,8,114,DSDSDA,ἀμφίαλός θ υἱὸς ,πολυνήου τεκτονίδαο
odyssey,8,115,DDDSDA,ἂν δὲ καὶ εὐρύαλος ,βροτολοιγῷ ἶσος ἄρηϊ
odyssey,8,116,DDDSDA,ναυβολίδης ὃς ἄριστος ,ἔην εἶδός τε δέμας τε
odyssey,8,117,SSDDDA,πάντων φαιήκων ,μετ ἀμύμονα λαοδάμαντα
odyssey,8,118,SSDDDA,ἂν δ ἔσταν τρεῖς παῖδες ,ἀμύμονος ἀλκινόοιο
odyssey,8,119,DDDDDA,λαοδάμας θ ἅλιός ,τε καὶ ἀντίθεος κλυτόνηος
odyssey,8,120,SSDSDA,οἱ δ ἦ τοι πρῶτον ,μὲν ἐπειρήσαντο πόδεσσι
odyssey,8,121,DSDDDA,τοῖσι δ ἀπὸ νύσσης ,τέτατο δρόμος οἱ δ ἅμα πάντες
odyssey,8,122,DDDSDA,καρπαλίμως ἐπέτοντο ,κονίοντες πεδίοιο
odyssey,8,123,DDDDDA,τῶν δὲ θέειν ὄχ ἄριστος ,ἔην κλυτόνηος ἀμύμων
odyssey,8,124,SSSDDA,ὅσσον τ ἐν νειῷ ,οὖρον πέλει ἡμιόνοιιν
odyssey,8,125,DDSDDA,τόσσον ὑπεκπροθέων ,λαοὺς ἵκεθ οἱ δ ἐλίποντο
odyssey,8,126,DDDSSA,οἱ δὲ παλαιμοσύνης ,ἀλεγεινῆς πειρήσαντο
odyssey,8,127,SDDDDA,τῇ δ αὖτ εὐρύαλος ,ἀπεκαίνυτο πάντας ἀρίστους
odyssey,8,128,DDSDDA,ἅλματι δ ἀμφίαλος ,πάντων προφερέστατος ἦεν
odyssey,8,129,SSDDDA,δίσκῳ δ αὖ πάντων ,πολὺ φέρτατος ἦεν ἐλατρεύς
odyssey,8,130,SDDDDA,πὺξ δ αὖ λαοδάμας ,ἀγαθὸς πάϊς ἀλκινόοιο
odyssey,8,131,DSDSDA,αὐτὰρ ἐπεὶ δὴ πάντες ,ἐτέρφθησαν φρέν ἀέθλοις
odyssey,8,132,DDDDDA,τοῖς ἄρα λαοδάμας ,μετέφη πάϊς ἀλκινόοιο
odyssey,8,133,DSDDDA,δεῦτε φίλοι τὸν ξεῖνον ,ἐρώμεθα εἴ τιν ἄεθλον
odyssey,8,134,DDDDDA,οἶδέ τε καὶ δεδάηκε ,φυήν γε μὲν οὐ κακός ἐστι
odyssey,8,135,SSDSDA,μηρούς τε κνήμας ,τε καὶ ἄμφω χεῖρας ὕπερθεν
odyssey,8,136,DDDDDA,αὐχένα τε στιβαρὸν ,μέγα τε σθένος οὐδέ τι ἥβης
odyssey,8,137,DDDSDA,δεύεται ἀλλὰ κακοῖσι ,συνέρρηκται πολέεσσιν
odyssey,8,138,DDDDDA,οὐ γὰρ ἐγώ γέ τί φημι ,κακώτερον ἄλλο θαλάσσης
odyssey,8,139,DSSDDA,ἄνδρα γε συγχεῦαι ,εἰ καὶ μάλα καρτερὸς εἴη
odyssey,8,140,SDDDSA,τὸν δ αὖτ εὐρύαλος ,ἀπαμείβετο φώνησέν τε
odyssey,8,141,DDDDDA,‘λαοδάμα μάλα τοῦτο ,ἔπος κατὰ μοῖραν ἔειπες
odyssey,8,142,SDDSDA,αὐτὸς νῦν προκάλεσσαι ,ἰὼν καὶ πέφραδε μῦθον
odyssey,8,143,DDDDDA,αὐτὰρ ἐπεὶ τό γ ἄκουσ ,ἀγαθὸς πάϊς ἀλκινόοιο
odyssey,8,144,SDDSDA,στῆ ῥ ἐς μέσσον ἰὼν ,καὶ ὀδυσσῆα προσέειπε
odyssey,8,145,DSDSDA,‘δεῦρ ἄγε καὶ σύ ξεῖνε ,πάτερ πείρησαι ἀέθλων
odyssey,8,146,DDDDDA,εἴ τινά που δεδάηκας ,ἔοικε δέ σ ἴδμεν ἀέθλους
odyssey,8,147,SSDDDA,οὐ μὲν γὰρ μεῖζον ,κλέος ἀνέρος ὄφρα κ ἔῃσιν
odyssey,8,148,DSSSDA,ἤ ὅ τι ποσσίν τε ,ῥέξῃ καὶ χερσὶν ἑῇσιν
odyssey,8,149,DSDDDA,ἀλλ ἄγε πείρησαι ,σκέδασον δ ἀπὸ κήδεα θυμοῦ
odyssey,8,150,DDDDDA,σοὶ δ ὁδὸς οὐκέτι δηρὸν ,ἀπέσσεται ἀλλά τοι ἤδη
odyssey,8,151,DSDDDA,νηῦς τε κατείρυσται ,καὶ ἐπαρτέες εἰσὶν ἑταῖροι
odyssey,8,152,DDDDDA,τὸν δ ἀπαμειβόμενος ,προσέφη πολύμητις ὀδυσσεύς
odyssey,8,153,DDDDDA,‘λαοδάμα τί με ταῦτα ,κελεύετε κερτομέοντες
odyssey,8,154,DSDDDA,κήδεά μοι καὶ μᾶλλον ,ἐνὶ φρεσὶν ἤ περ ἄεθλοι
odyssey,8,155,SDDSDA,ὃς πρὶν μὲν μάλα πολλὰ ,πάθον καὶ πολλὰ μόγησα
odyssey,8,156,DDDSDA,νῦν δὲ μεθ ὑμετέρῃ ,ἀγορῇ νόστοιο χατίζων
odyssey,8,157,SDDDDA,ἧμαι λισσόμενος ,βασιλῆά τε πάντα τε δῆμον
odyssey,8,158,SDDDDA,τὸν δ αὖτ εὐρύαλος ,ἀπαμείβετο νείκεσέ τ ἄντην
odyssey,8,159,SSDDDA,‘οὐ γάρ σ οὐδέ ξεῖνε ,δαήμονι φωτὶ ἐίσκω
odyssey,8,160,SDDSDA,ἄθλων οἷά τε πολλὰ ,μετ ἀνθρώποισι πέλονται
odyssey,8,161,DDDSDA,ἀλλὰ τῷ ὅς θ ἅμα νηὶ ,πολυκλήιδι θαμίζων
odyssey,8,162,SSSSDA,ἀρχὸς ναυτάων ,οἵ τε πρηκτῆρες ἔασιν
odyssey,8,163,SSDDDA,φόρτου τε μνήμων ,καὶ ἐπίσκοπος ᾖσιν ὁδαίων
odyssey,8,164,SDSSDA,κερδέων θ ἁρπαλέων ,οὐδ ἀθλητῆρι ἔοικας
odyssey,8,165,DDDDDA,τὸν δ ἄρ ὑπόδρα ἰδὼν ,προσέφη πολύμητις ὀδυσσεύς
odyssey,8,166,SDDDDA,‘ξεῖν οὐ καλὸν ἔειπες ,ἀτασθάλῳ ἀνδρὶ ἔοικας
odyssey,8,167,SSDDDA,οὕτως οὐ πάντεσσι ,θεοὶ χαρίεντα διδοῦσιν
odyssey,8,168,DDSDDA,ἀνδράσιν οὔτε φυὴν ,οὔτ ἂρ φρένας οὔτ ἀγορητύν
odyssey,8,169,SSDDDA,ἄλλος μὲν γάρ τ εἶδος ,ἀκιδνότερος πέλει ἀνήρ
odyssey,8,170,DSDDDA,ἀλλὰ θεὸς μορφὴν ,ἔπεσι στέφει οἱ δέ τ ἐς αὐτὸν
odyssey,8,171,DSDDDA,τερπόμενοι λεύσσουσιν ,ὁ δ ἀσφαλέως ἀγορεύει
odyssey,8,172,SDDDDA,αἰδοῖ μειλιχίῃ ,μετὰ δὲ πρέπει ἀγρομένοισιν
odyssey,8,173,DDSSDA,ἐρχόμενον δ ἀνὰ ἄστυ θεὸν ,ὣς εἰσορόωσιν
odyssey,8,174,SSDDDA,ἄλλος δ αὖ εἶδος ,μὲν ἀλίγκιος ἀθανάτοισιν
odyssey,8,175,SDDDDA,ἀλλ οὔ οἱ χάρις ἀμφιπεριστέφεται ,ἐπέεσσιν
odyssey,8,176,SSDDDA,ὡς καὶ σοὶ εἶδος ,μὲν ἀριπρεπές οὐδέ κεν ἄλλως
odyssey,8,177,DSDDDA,οὐδὲ θεὸς τεύξειε ,νόον δ ἀποφώλιός ἐσσι
odyssey,8,178,SSDSDA,ὤρινάς μοι θυμὸν ,ἐνὶ στήθεσσι φίλοισιν
odyssey,8,179,SDDSDA,εἰπὼν οὐ κατὰ κόσμον ,ἐγὼ δ οὐ νῆις ἀέθλων
odyssey,8,180,DSSSDA,ὡς σύ γε μυθεῖαι ,ἀλλ ἐν πρώτοισιν ὀίω
odyssey,8,181,DSDDDA,ἔμμεναι ὄφρ ἥβῃ ,τε πεποίθεα χερσί τ ἐμῇσι
odyssey,8,182,DDDDDA,νῦν δ ἔχομαι κακότητι ,καὶ ἄλγεσι πολλὰ γὰρ ἔτλην
odyssey,8,183,SDDDDA,ἀνδρῶν τε πτολέμους ,ἀλεγεινά τε κύματα πείρων
odyssey,8,184,DDDSDA,ἀλλὰ καὶ ὥς κακὰ πολλὰ ,παθών πειρήσομ ἀέθλων
odyssey,8,185,DSDSDA,θυμοδακὴς γὰρ μῦθος ,ἐπώτρυνας δέ με εἰπών
odyssey,8,186,DSDSDA,ἦ ῥα καὶ αὐτῷ φάρει ,ἀναΐξας λάβε δίσκον
odyssey,8,187,DDDDDA,μείζονα καὶ πάχετον ,στιβαρώτερον οὐκ ὀλίγον περ
odyssey,8,188,SSDDSA,ἢ οἵῳ φαίηκες ,ἐδίσκεον ἀλλήλοισι
odyssey,8,189,DSSDDA,τόν ῥα περιστρέψας ,ἧκε στιβαρῆς ἀπὸ χειρός
odyssey,8,190,SDDSDA,βόμβησεν δὲ λίθος ,κατὰ δ ἔπτηξαν ποτὶ γαίῃ
odyssey,8,191,SDSSDA,φαίηκες δολιχήρετμοι ,ναυσίκλυτοι ἄνδρες
odyssey,8,192,SDDDDA,λᾶος ὑπὸ ῥιπῆς ,ὁ δ ὑπέρπτατο σήματα πάντων
odyssey,8,193,DDDDDA,ῥίμφα θέων ἀπὸ χειρός ,ἔθηκε δὲ τέρματ ἀθήνη
odyssey,8,194,DDDDDA,ἀνδρὶ δέμας ἐικυῖα ,ἔπος τ ἔφατ ἔκ τ ὀνόμαζεν
odyssey,8,195,DSDSDA,καί κ ἀλαός τοι ξεῖνε ,διακρίνειε τὸ σῆμα
odyssey,8,196,DDDDDA,ἀμφαφόων ἐπεὶ οὔ ,τι μεμιγμένον ἐστὶν ὁμίλῳ
odyssey,8,197,DSDSDA,ἀλλὰ πολὺ πρῶτον ,σὺ δὲ θάρσει τόνδε γ ἄεθλον
odyssey,8,198,SSDDDA,οὔ τις φαιήκων ,τόδε γ ἵξεται οὐδ ὑπερήσει
odyssey,8,199,DSDSDA,ὣς φάτο γήθησεν ,δὲ πολύτλας δῖος ὀδυσσεύς
odyssey,8,200,SDDDDA,χαὶρων οὕνεχ ἑταῖρον ,ἐνηέα λεῦσσ ἐν ἀγῶνι
odyssey,8,201,DDDDSA,καὶ τότε κουφότερον ,μετεφώνεε φαιήκεσσιν
odyssey,8,202,SDDDDA,τοῦτον νῦν ἀφίκεσθε ,νέοι τάχα δ ὕστερον ἄλλον
odyssey,8,203,SSDDDA,ἥσειν ἢ τοσσοῦτον ,ὀίομαι ἢ ἔτι μᾶσσον
odyssey,8,204,SDDSDA,τῶν δ ἄλλων ὅτινα ,κραδίη θυμός τε κελεύει
odyssey,8,205,DSDDDA,δεῦρ ἄγε πειρηθήτω ,ἐπεί μ ἐχολώσατε λίην
odyssey,8,206,SDSDDA,ἢ πὺξ ἠὲ πάλῃ ,ἢ καὶ ποσίν οὔ τι μεγαίρω
odyssey,8,207,SSSSDA,πάντων φαιήκων ,πλήν γ αὐτοῦ λαοδάμαντος
odyssey,8,208,SDDDDA,ξεῖνος γάρ μοι ὅδ ἐστί ,τίς ἂν φιλέοντι μάχοιτο
odyssey,8,209,SSDDDA,ἄφρων δὴ κεῖνός ,γε καὶ οὐτιδανὸς πέλει ἀνήρ
odyssey,8,210,SDDDDA,ὅς τις ξεινοδόκῳ ,ἔριδα προφέρηται ἀέθλων
odyssey,8,211,DDDSDA,δήμῳ ἐν ἀλλοδαπῷ ,ἕο δ αὐτοῦ πάντα κολούει
odyssey,8,212,SSDDDA,τῶν δ ἄλλων οὔ πέρ ,τιν ἀναίνομαι οὐδ ἀθερίζω
odyssey,8,213,DSSSDA,ἀλλ ἐθέλω ἴδμεν ,καὶ πειρηθήμεναι ἄντην
odyssey,8,214,DDDDDA,πάντα γὰρ οὐ κακός εἰμι ,μετ ἀνδράσιν ὅσσοι ἄεθλοι
odyssey,8,215,SSDDDA,εὖ μὲν τόξον οἶδα ,ἐύξοον ἀμφαφάασθαι
odyssey,8,216,SDDSDA,πρῶτός κ ἄνδρα βάλοιμι ,ὀιστεύσας ἐν ὁμίλῳ
odyssey,8,217,SDSDDA,ἀνδρῶν δυσμενέων ,εἰ καὶ μάλα πολλοὶ ἑταῖροι
odyssey,8,218,DSSSDA,ἄγχι παρασταῖεν ,καὶ τοξαζοίατο φωτῶν
odyssey,8,219,SDSDDA,οἶος δή με φιλοκτήτης ,ἀπεκαίνυτο τόξῳ
odyssey,8,220,DSDSDA,δήμῳ ἔνι τρώων ,ὅτε τοξαζοίμεθ ἀχαιοί
odyssey,8,221,SDDDDA,τῶν δ ἄλλων ἐμέ φημι ,πολὺ προφερέστερον εἶναι
odyssey,8,222,SDDDDA,ὅσσοι νῦν βροτοί εἰσιν ,ἐπὶ χθονὶ σῖτον ἔδοντες
odyssey,8,223,DDDDDA,ἀνδράσι δὲ προτέροισιν ,ἐριζέμεν οὐκ ἐθελήσω
odyssey,8,224,SSSDDA,οὔθ ἡρακλῆι ,οὔτ εὐρύτῳ οιχαλιῆι
odyssey,8,225,DDDSDA,οἵ ῥα καὶ ἀθανάτοισιν ,ἐρίζεσκον περὶ τόξων
odyssey,8,226,DDDDDA,τῷ ῥα καὶ αἶψ ἔθανεν ,μέγας εὔρυτος οὐδ ἐπὶ γῆρας
odyssey,8,227,DDDDDA,ἵκετ ἐνὶ μεγάροισι ,χολωσάμενος γὰρ ἀπόλλων
odyssey,8,228,DDDDSA,ἔκτανεν οὕνεκά μιν ,προκαλίζετο τοξάζεσθαι
odyssey,8,229,DSDSDA,δουρὶ δ ἀκοντίζω ,ὅσον οὐκ ἄλλος τις ὀιστῷ
odyssey,8,230,SSDSDA,οἴοισιν δείδοικα ,ποσὶν μή τίς με παρέλθῃ
odyssey,8,231,SSDDDA,φαιήκων λίην ,γὰρ ἀεικελίως ἐδαμάσθην
odyssey,8,232,DSDDDA,κύμασιν ἐν πολλοῖς ,ἐπεὶ οὐ κομιδὴ κατὰ νῆα
odyssey,8,233,DDSDDA,ἦεν ἐπηετανός ,τῷ μοι φίλα γυῖα λέλυνται
odyssey,8,234,DDDDDA,ὣς ἔφαθ οἱ δ ἄρα πάντες ,ἀκὴν ἐγένοντο σιωπῇ
odyssey,8,235,DDDDDA,ἀλκίνοος δέ μιν οἶος ,ἀμειβόμενος προσέειπεν
odyssey,8,236,DDDSDA,ξεῖν ἐπεὶ οὐκ ἀχάριστα ,μεθ ἡμῖν ταῦτ ἀγορεύεις
odyssey,8,237,DDSDDA,ἀλλ ἐθέλεις ἀρετὴν ,σὴν φαινέμεν ἥ τοι ὀπηδεῖ
odyssey,8,238,DDDDDA,χωόμενος ὅτι σ οὗτος ,ἀνὴρ ἐν ἀγῶνι παραστὰς
odyssey,8,239,DSDDDA,νείκεσεν ὡς ἂν σὴν ,ἀρετὴν βροτὸς οὔ τις ὄνοιτο
odyssey,8,240,DSSDDA,ὅς τις ἐπίσταιτο ,ᾗσι φρεσὶν ἄρτια βάζειν
odyssey,8,241,DDDDDA,ἀλλ ἄγε νῦν ἐμέθεν ,ξυνίει ἔπος ὄφρα καὶ ἄλλῳ
odyssey,8,242,SSDSDA,εἴπῃς ἡρώων ,ὅτε κεν σοῖς ἐν μεγάροισι
odyssey,8,243,SDDSDA,δαινύῃ παρὰ σῇ ,τ ἀλόχῳ καὶ σοῖσι τέκεσσιν
odyssey,8,244,DDSDDA,ἡμετέρης ἀρετῆς ,μεμνημένος οἷα καὶ ἡμῖν
odyssey,8,245,DDDDDA,ζεὺς ἐπὶ ἔργα τίθησι ,διαμπερὲς ἐξ ἔτι πατρῶν
odyssey,8,246,SDDDDA,οὐ γὰρ πυγμάχοι εἰμὲν ,ἀμύμονες οὐδὲ παλαισταί
odyssey,8,247,DSDSDA,ἀλλὰ ποσὶ κραιπνῶς ,θέομεν καὶ νηυσὶν ἄριστοι
odyssey,8,248,SSDDDA,αἰεὶ δ ἡμῖν δαίς ,τε φίλη κίθαρις τε χοροί τε
odyssey,8,249,DSDDDA,εἵματά τ ἐξημοιβὰ ,λοετρά τε θερμὰ καὶ εὐναί
odyssey,8,250,DSSDDA,ἀλλ ἄγε φαιήκων ,βητάρμονες ὅσσοι ἄριστοι
odyssey,8,251,DSDSDA,παίσατε ὥς χ ὁ ξεῖνος ,ἐνίσπῃ οἷσι φίλοισιν
odyssey,8,252,DSSDDA,οἴκαδε νοστήσας ,ὅσσον περιγιγνόμεθ ἄλλων
odyssey,8,253,DSDSDA,ναυτιλίῃ καὶ ποσσὶ ,καὶ ὀρχηστυῖ καὶ ἀοιδῇ
odyssey,8,254,DDDSDA,δημοδόκῳ δέ τις αἶψα ,κιὼν φόρμιγγα λίγειαν
odyssey,8,255,DSDDDA,οἰσέτω ἥ που κεῖται ,ἐν ἡμετέροισι δόμοισιν
odyssey,8,256,DDDDDA,ὣς ἔφατ ἀλκίνοος ,θεοείκελος ὦρτο δὲ κῆρυξ
odyssey,8,257,SSDDDA,οἴσων φόρμιγγα ,γλαφυρὴν δόμου ἐκ βασιλῆος
odyssey,8,258,SSDDDA,αἰσυμνῆται δὲ ,κριτοὶ ἐννέα πάντες ἀνέσταν
odyssey,8,259,DDDSDA,δήμιοι οἳ κατ ἀγῶνας ,ἐὺ πρήσσεσκον ἕκαστα
odyssey,8,260,SDSSDA,λείηναν δὲ χορόν ,καλὸν δ εὔρυναν ἀγῶνα
odyssey,8,261,SDDSDA,κῆρυξ δ ἐγγύθεν ἦλθε ,φέρων φόρμιγγα λίγειαν
odyssey,8,262,DDDDDA,δημοδόκῳ ὁ δ ἔπειτα ,κί ἐς μέσον ἀμφὶ δὲ κοῦροι
odyssey,8,263,SSDDSA,πρωθῆβαι ἵσταντο ,δαήμονες ὀρχηθμοῖο
odyssey,8,264,SDSDDA,πέπληγον δὲ χορὸν ,θεῖον ποσίν αὐτὰρ ὀδυσσεὺς
odyssey,8,265,DSDSDA,μαρμαρυγὰς θηεῖτο ,ποδῶν θαύμαζε δὲ θυμῷ
odyssey,8,266,DSDDDA,αὐτὰρ ὁ φορμίζων ,ἀνεβάλλετο καλὸν ἀείδειν
odyssey,8,267,DDSDDA,ἀμφ ἄρεος φιλότητος εὐστεφάνου ,τ ἀφροδίτης
odyssey,8,268,SDDSDA,ὡς τὰ πρῶτα μίγησαν ,ἐν ἡφαίστοιο δόμοισι
odyssey,8,269,SDDSDA,λάθρῃ πολλὰ δ ἔδωκε ,λέχος δ ᾔσχυνε καὶ εὐνὴν
odyssey,8,270,SDDDDA,ἡφαίστοιο ἄνακτος ,ἄφαρ δέ οἱ ἄγγελος ἦλθεν
odyssey,8,271,DDDDDA,ἥλιος ὅ σφ ἐνόησε ,μιγαζομένους φιλότητι
odyssey,8,272,SSSDDA,ἥφαιστος δ ὡς οὖν ,θυμαλγέα μῦθον ἄκουσε
odyssey,8,273,DSDDDA,βῆ ῥ ἴμεν ἐς χαλκεῶνα ,κακὰ φρεσὶ βυσσοδομεύων
odyssey,8,274,DDDDDA,ἐν δ ἔθετ ἀκμοθέτῳ ,μέγαν ἄκμονα κόπτε δὲ δεσμοὺς
odyssey,8,275,SDSDDA,ἀρρήκτους ἀλύτους ,ὄφρ ἔμπεδον αὖθι μένοιεν
odyssey,8,276,DSDDDA,αὐτὰρ ἐπεὶ δὴ τεῦξε ,δόλον κεχολωμένος ἄρει
odyssey,8,277,DDDDDA,βῆ ῥ ἴμεν ἐς θάλαμον ,ὅθι οἱ φίλα δέμνι ἔκειτο
odyssey,8,278,DSDDDA,ἀμφὶ δ ἄρ ἑρμῖσιν ,χέε δέσματα κύκλῳ ἁπάντῃ
odyssey,8,279,DDDDDA,πολλὰ δὲ καὶ καθύπερθε ,μελαθρόφιν ἐξεκέχυντο
odyssey,8,280,DDDDDA,ἠύτ ἀράχνια λεπτά ,τά γ οὔ κέ τις οὐδὲ ἴδοιτο
odyssey,8,281,DDDDDA,οὐδὲ θεῶν μακάρων ,πέρι γὰρ δολόεντα τέτυκτο
odyssey,8,282,DSDDDA,αὐτὰρ ἐπεὶ δὴ πάντα ,δόλον περὶ δέμνια χεῦεν
odyssey,8,283,DSDDDA,εἴσατ ἴμεν ἐς λῆμνον ,ἐυκτίμενον πτολίεθρον
odyssey,8,284,SSDDDA,ἥ οἱ γαιάων ,πολὺ φιλτάτη ἐστὶν ἁπασέων
odyssey,8,285,DSSDDA,οὐδ ἀλαοσκοπιὴν εἶχε ,χρυσήνιος ἄρης
odyssey,8,286,DSDSDA,ὡς ἴδεν ἥφαιστον ,κλυτοτέχνην νόσφι κιόντα
odyssey,8,287,DSDDSA,βῆ δ ἰέναι πρὸς δῶμα ,περικλυτοῦ ἡφαίστοιο
odyssey,8,288,DDDDDA,ἰσχανόων φιλότητος ,ἐυστεφάνου κυθερείης
odyssey,8,289,DDDDDA,ἡ δὲ νέον παρὰ πατρὸς ,ἐρισθενέος κρονίωνος
odyssey,8,290,DDDSDA,ἐρχομένη κατ ἄρ ἕζεθ ,ὁ δ εἴσω δώματος ᾔει
odyssey,8,291,DSDDDA,ἔν τ ἄρα οἱ φῦ χειρί ,ἔπος τ ἔφατ ἔκ τ ὀνόμαζε
odyssey,8,292,DSDDSA,δεῦρο φίλη λέκτρονδε ,τραπείομεν εὐνηθέντες
odyssey,8,293,DSDDDA,οὐ γὰρ ἔθ ἥφαιστος ,μεταδήμιος ἀλλά που ἤδη
odyssey,8,294,DSDDDA,οἴχεται ἐς λῆμνον ,μετὰ σίντιας ἀγριοφώνους
odyssey,8,295,DSDDSA,ὣς φάτο τῇ δ ἀσπαστὸν ,ἐείσατο κοιμηθῆναι
odyssey,8,296,SDDDDA,τὼ δ ἐς δέμνια βάντε ,κατέδραθον ἀμφὶ δὲ δεσμοὶ
odyssey,8,297,SDDDSA,τεχνήεντες ἔχυντο ,πολύφρονος ἡφαίστοιο
odyssey,8,298,DSDSDA,οὐδέ τι κινῆσαι ,μελέων ἦν οὐδ ἀναεῖραι
odyssey,8,299,DSDDDA,καὶ τότε δὴ γίγνωσκον ,ὅ τ οὐκέτι φυκτὰ πέλοντο
odyssey,8,300,DSDDDA,ἀγχίμολον δέ σφ ἦλθε ,περικλυτὸς ἀμφιγυήεις
odyssey,8,301,DSSSDA,αὖτις ὑποστρέψας ,πρὶν λήμνου γαῖαν ἱκέσθαι
odyssey,8,302,DSDDDA,ἠέλιος γάρ οἱ ,σκοπιὴν ἔχεν εἶπέ τε μῦθον
odyssey,8,303,DSDDDA,βῆ δ ἴμεναι πρὸς δῶμα ,φίλον τετιημένος ἦτορ
odyssey,8,304,SDDDDA,ἔστη δ ἐν προθύροισι ,χόλος δέ μιν ἄγριος ᾕρει
odyssey,8,305,DDDDDA,σμερδαλέον δ ἐβόησε ,γέγωνέ τε πᾶσι θεοῖσιν
odyssey,8,306,DSDDDA,ζεῦ πάτερ ἠδ ἄλλοι ,μάκαρες θεοὶ αἰὲν ἐόντες
odyssey,8,307,DDDDDA,δεῦθ ἵνα ἔργα γελαστὰ ,καὶ οὐκ ἐπιεικτὰ ἴδησθε
odyssey,8,308,DDDDDA,ὡς ἐμὲ χωλὸν ἐόντα ,διὸς θυγάτηρ ἀφροδίτη
odyssey,8,309,DSDDDA,αἰὲν ἀτιμάζει ,φιλέει δ ἀίδηλον ἄρηα
odyssey,8,310,DSDDDA,οὕνεχ ὁ μὲν καλός ,τε καὶ ἀρτίπος αὐτὰρ ἐγώ γε
odyssey,8,311,DDDDDA,ἠπεδανὸς γενόμην ,ἀτὰρ οὔ τί μοι αἴτιος ἄλλος
odyssey,8,312,DDSSDA,ἀλλὰ τοκῆε δύω ,τὼ μὴ γείνασθαι ὄφελλον
odyssey,8,313,SDDDDA,ἀλλ ὄψεσθ ἵνα τώ ,γε καθεύδετον ἐν φιλότητι
odyssey,8,314,DDDDDA,εἰς ἐμὰ δέμνια βάντες ,ἐγὼ δ ὁρόων ἀκάχημαι
odyssey,8,315,SDDDDA,οὐ μέν σφεας ἔτ ἔολπα ,μίνυνθά γε κειέμεν οὕτως
odyssey,8,316,DDDDDA,καὶ μάλα περ φιλέοντε ,τάχ οὐκ ἐθελήσετον ἄμφω
odyssey,8,317,SSDSDA,εὕδειν ἀλλά σφωε ,δόλος καὶ δεσμὸς ἐρύξει
odyssey,8,318,DDDDDA,εἰς ὅ κέ μοι μάλα πάντα ,πατὴρ ἀποδῷσιν ἔεδνα
odyssey,8,319,DDDDDA,ὅσσα οἱ ἐγγυάλιξα ,κυνώπιδος εἵνεκα κούρης
odyssey,8,320,DSDDDA,οὕνεκά οἱ καλὴ ,θυγάτηρ ἀτὰρ οὐκ ἐχέθυμος
odyssey,8,321,DDDDDA,ὣς ἔφαθ οἱ δ ἀγέροντο ,θεοὶ ποτὶ χαλκοβατὲς δῶ
odyssey,8,322,DSSDDA,ἦλθε ποσειδάων ,γαιήοχος ἦλθ ἐριούνης
odyssey,8,323,SSDDDA,ἑρμείας ἦλθεν ,δὲ ἄναξ ἑκάεργος ἀπόλλων
odyssey,8,324,DDDSDA,θηλύτεραι δὲ θεαὶ ,μένον αἰδοῖ οἴκοι ἑκάστη
odyssey,8,325,SDDSDA,ἔσταν δ ἐν προθύροισι ,θεοί δωτῆρες ἑάων
odyssey,8,326,SDDDDA,ἄσβεστος δ ἄρ ἐνῶρτο ,γέλως μακάρεσσι θεοῖσι
odyssey,8,327,SDDDSA,τέχνας εἰσορόωσι ,πολύφρονος ἡφαίστοιο
odyssey,8,328,DSDSDA,ὧδε δέ τις εἴπεσκεν ,ἰδὼν ἐς πλησίον ἄλλον
odyssey,8,329,DDDSDA,οὐκ ἀρετᾷ κακὰ ἔργα ,κιχάνει τοι βραδὺς ὠκύν
odyssey,8,330,SSDDDA,ὡς καὶ νῦν ἥφαιστος ,ἐὼν βραδὺς εἷλεν ἄρηα
odyssey,8,331,DDDDDA,ὠκύτατόν περ ἐόντα ,θεῶν οἳ ὄλυμπον ἔχουσιν
odyssey,8,332,DSDSDA,χωλὸς ἐὼν τέχνῃσι ,τὸ καὶ μοιχάγρι ὀφέλλει
odyssey,8,333,SSDSDA,ὣς οἱ μὲν τοιαῦτα ,πρὸς ἀλλήλους ἀγόρευον
odyssey,8,334,SDDDDA,ἑρμῆν δὲ προσέειπεν ,ἄναξ διὸς υἱὸς ἀπόλλων
odyssey,8,335,SDDDDA,ἑρμεία διὸς υἱέ ,διάκτορε δῶτορ ἑάων
odyssey,8,336,DSDDDA,ἦ ῥά κεν ἐν δεσμοῖς ,ἐθέλοις κρατεροῖσι πιεσθεὶς
odyssey,8,337,SSDDDA,εὕδειν ἐν λέκτροισι ,παρὰ χρυσέῃ ἀφροδίτῃ
odyssey,8,338,SDDDDA,τὸν δ ἠμείβετ ἔπειτα ,διάκτορος ἀργεϊφόντης
odyssey,8,339,SDDDDA,‘αἲ γὰρ τοῦτο γένοιτο ,ἄναξ ἑκατηβόλ ἄπολλον
odyssey,8,340,SSDDDA,δεσμοὶ μὲν τρὶς τόσσοι ,ἀπείρονες ἀμφὶς ἔχοιεν
odyssey,8,341,SDDSDA,ὑμεῖς δ εἰσορόῳτε ,θεοὶ πᾶσαί τε θέαιναι
odyssey,8,342,DSDDDA,αὐτὰρ ἐγὼν εὕδοιμι ,παρὰ χρυσέῃ ἀφροδίτῃ
odyssey,8,343,DDSDDA,ὣς ἔφατ ἐν δὲ γέλως ,ὦρτ ἀθανάτοισι θεοῖσιν
odyssey,8,344,DSDDDA,οὐδὲ ποσειδάωνα ,γέλως ἔχε λίσσετο δ αἰεὶ
odyssey,8,345,SDDSDA,ἥφαιστον κλυτοεργὸν ,ὅπως λύσειεν ἄρηα
odyssey,8,346,SSDDDA,καί μιν φωνήσας ,ἔπεα πτερόεντα προσηύδα
odyssey,8,347,DDDDDA,λῦσον ἐγὼ δέ τοι αὐτὸν ,ὑπίσχομαι ὡς σὺ κελεύεις
odyssey,8,348,SDDDDA,τίσειν αἴσιμα πάντα ,μετ ἀθανάτοισι θεοῖσιν
odyssey,8,349,SDDDDA,τὸν δ αὖτε προσέειπε ,περικλυτὸς ἀμφιγυήεις
odyssey,8,350,DSSDDA,‘μή με ποσείδαον ,γαιήοχε ταῦτα κέλευε
odyssey,8,351,SSDDDA,δειλαί τοι δειλῶν ,γε καὶ ἐγγύαι ἐγγυάασθαι
odyssey,8,352,DDDDDA,πῶς ἂν ἐγώ σε δέοιμι ,μετ ἀθανάτοισι θεοῖσιν
odyssey,8,353,DSDSDA,εἴ κεν ἄρης οἴχοιτο ,χρέος καὶ δεσμὸν ἀλύξας
odyssey,8,354,SDDSDA,τὸν δ αὖτε προσέειπε ,ποσειδάων ἐνοσίχθων
odyssey,8,355,SSDSDA,‘ἥφαιστ εἴ περ γάρ ,κεν ἄρης χρεῖος ὑπαλύξας
odyssey,8,356,SSSDDA,οἴχηται φεύγων ,αὐτός τοι ἐγὼ τάδε τίσω
odyssey,8,357,SDDDDA,τὸν δ ἠμείβετ ἔπειτα ,περικλυτὸς ἀμφιγυήεις
odyssey,8,358,SDDDSA,‘οὐκ ἔστ οὐδὲ ἔοικε ,τεὸν ἔπος ἀρνήσασθαι
odyssey,8,359,SSDDSA,ὣς εἰπὼν δεσμὸν ,ἀνίει μένος ἡφαίστοιο
odyssey,8,360,DSDDDA,τὼ δ ἐπεὶ ἐκ δεσμοῖο ,λύθεν κρατεροῦ περ ἐόντος
odyssey,8,361,DSDSDA,αὐτίκ ἀναΐξαντε ,ὁ μὲν θρῄκηνδε βεβήκει
odyssey,8,362,DDDSDA,ἡ δ ἄρα κύπρον ἵκανε ,φιλομμειδὴς ἀφροδίτη
odyssey,8,363,DDDSDA,ἐς πάφον ἔνθα δέ οἱ ,τέμενος βωμός τε θυήεις
odyssey,8,364,DDSSDA,ἔνθα δέ μιν χάριτες ,λοῦσαν καὶ χρῖσαν ἐλαίῳ
odyssey,8,365,DDDDDA,ἀμβρότῳ οἷα θεοὺς ,ἐπενήνοθεν αἰὲν ἐόντας
odyssey,8,366,DDDDDA,ἀμφὶ δὲ εἵματα ἕσσαν ,ἐπήρατα θαῦμα ἰδέσθαι
odyssey,8,367,DDDDDA,ταῦτ ἄρ ἀοιδὸς ἄειδε ,περικλυτός αὐτὰρ ὀδυσσεὺς
odyssey,8,368,DDDSDA,τέρπετ ἐνὶ φρεσὶν ᾗσιν ,ἀκούων ἠδὲ καὶ ἄλλοι
odyssey,8,369,SDSSDA,φαίηκες δολιχήρετμοι ,ναυσίκλυτοι ἄνδρες
odyssey,8,370,DDSDDA,ἀλκίνοος δ ἅλιον ,καὶ λαοδάμαντα κέλευσεν
odyssey,8,371,SSDDDA,μουνὰξ ὀρχήσασθαι ,ἐπεί σφισιν οὔ τις ἔριζεν
odyssey,8,372,DSSDDA,οἱ δ ἐπεὶ οὖν σφαῖραν ,καλὴν μετὰ χερσὶν ἕλοντο
odyssey,8,373,DSDSDA,πορφυρέην τήν σφιν ,πόλυβος ποίησε δαΐφρων
odyssey,8,374,DSDDDA,τὴν ἕτερος ῥίπτασκε ,ποτὶ νέφεα σκιόεντα
odyssey,8,375,SDDDDA,ἰδνωθεὶς ὀπίσω ,ὁ δ ἀπὸ χθονὸς ὑψόσ ἀερθεὶς
odyssey,8,376,DDDDDA,ῥηιδίως μεθέλεσκε ,πάρος ποσὶν οὖδας ἱκέσθαι
odyssey,8,377,DSDSSA,αὐτὰρ ἐπεὶ δὴ σφαίρῃ ,ἀν ἰθὺν πειρήσαντο
odyssey,8,378,SDDDDA,ὠρχείσθην δὴ ἔπειτα ,ποτὶ χθονὶ πουλυβοτείρῃ
odyssey,8,379,DDSDDA,ταρφέ ἀμειβομένω ,κοῦροι δ ἐπελήκεον ἄλλοι
odyssey,8,380,SDDDDA,ἑστεῶτες κατ ἀγῶνα ,πολὺς δ ὑπὸ κόμπος ὀρώρει
odyssey,8,381,DDDDDA,δὴ τότ ἄρ ἀλκίνοον ,προσεφώνεε δῖος ὀδυσσεύς
odyssey,8,382,DSSDDA,‘ἀλκίνοε κρεῖον ,πάντων ἀριδείκετε λαῶν
odyssey,8,383,DSSDDA,ἠμὲν ἀπείλησας ,βητάρμονας εἶναι ἀρίστους
odyssey,8,384,DDDDDA,ἠδ ἄρ ἑτοῖμα τέτυκτο ,σέβας μ ἔχει εἰσορόωντα
odyssey,8,385,DSDDDA,ὣς φάτο γήθησεν ,δ ἱερὸν μένος ἀλκινόοιο
odyssey,8,386,DSDSDA,αἶψα δὲ φαιήκεσσι ,φιληρέτμοισι μετηύδα
odyssey,8,387,DSSDDA,κέκλυτε φαιήκων ,ἡγήτορες ἠδὲ μέδοντες
odyssey,8,388,SDDSDA,ὁ ξεῖνος μάλα μοι ,δοκέει πεπνυμένος εἶναι
odyssey,8,389,DSSDDA,ἀλλ ἄγε οἱ δῶμεν ,ξεινήιον ὡς ἐπιεικές
odyssey,8,390,DDDDDA,δώδεκα γὰρ κατὰ δῆμον ,ἀριπρεπέες βασιλῆες
odyssey,8,391,SSSDDA,ἀρχοὶ κραίνουσι ,τρισκαιδέκατος δ ἐγὼ αὐτός
odyssey,8,392,DSDDDA,τῶν οἱ ἕκαστος φᾶρος ,ἐυπλυνὲς ἠδὲ χιτῶνα
odyssey,8,393,SDDDSA,καὶ χρυσοῖο τάλαντον ,ἐνείκατε τιμήεντος
odyssey,8,394,DDDDDA,αἶψα δὲ πάντα φέρωμεν ,ἀολλέα ὄφρ ἐνὶ χερσὶν
odyssey,8,395,DDDSDA,ξεῖνος ἔχων ἐπὶ δόρπον ,ἴῃ χαίρων ἐνὶ θυμῷ
odyssey,8,396,DDDSDA,εὐρύαλος δέ ἑ αὐτὸν ,ἀρεσσάσθω ἐπέεσσι
odyssey,8,397,SDDDDA,καὶ δώρῳ ἐπεὶ οὔ ,τι ἔπος κατὰ μοῖραν ἔειπεν
odyssey,8,398,DDDDDA,ὣς ἔφαθ οἱ δ ἄρα πάντες ,ἐπῄνεον ἠδ ἐκέλευον
odyssey,8,399,DDDSDA,δῶρα δ ἄρ οἰσέμεναι ,πρόεσαν κήρυκα ἕκαστος
odyssey,8,400,SDDDSA,τὸν δ αὖτ εὐρύαλος ,ἀπαμείβετο φώνησέν τε
odyssey,8,401,DSSDDA,‘ἀλκίνοε κρεῖον ,πάντων ἀριδείκετε λαῶν
odyssey,8,402,DSDDDA,τοιγὰρ ἐγὼ τὸν ξεῖνον ,ἀρέσσομαι ὡς σὺ κελεύεις
odyssey,8,403,SDSDDA,δώσω οἱ τόδ ἄορ ,παγχάλκεον ᾧ ἔπι κώπη
odyssey,8,404,DDDSDA,ἀργυρέη κολεὸν ,δὲ νεοπρίστου ἐλέφαντος
odyssey,8,405,DSDDDA,ἀμφιδεδίνηται ,πολέος δέ οἱ ἄξιον ἔσται
odyssey,8,406,SSDDDA,ὣς εἰπὼν ἐν χερσὶ ,τίθει ξίφος ἀργυρόηλον
odyssey,8,407,SSDDDA,καί μιν φωνήσας ,ἔπεα πτερόεντα προσηύδα
odyssey,8,408,DSDSDA,‘χαῖρε πάτερ ὦ ξεῖνε ,ἔπος δ εἴ πέρ τι βέβακται
odyssey,8,409,DDDSDA,δεινόν ἄφαρ τὸ φέροιεν ,ἀναρπάξασαι ἄελλαι
odyssey,8,410,DDDSDA,σοὶ δὲ θεοὶ ἄλοχόν ,τ ἰδέειν καὶ πατρίδ ἱκέσθαι
odyssey,8,411,DSDDDA,δοῖεν ἐπεὶ δὴ δηθὰ ,φίλων ἄπο πήματα πάσχεις
odyssey,8,412,DDDDDA,τὸν δ ἀπαμειβόμενος ,προσέφη πολύμητις ὀδυσσεύς
odyssey,8,413,DDDDDA,‘καὶ σὺ φίλος μάλα χαῖρε ,θεοὶ δέ τοι ὄλβια δοῖεν
odyssey,8,414,DDDDDA,μηδέ τι τοι ξίφεός ,γε ποθὴ μετόπισθε γένοιτο
odyssey,8,415,DSDDDA,τούτου ὃ δή μοι δῶκας ,ἀρεσσάμενος ἐπέεσσιν
odyssey,8,416,DSDDDA,ἦ ῥα καὶ ἀμφ ὤμοισι ,θέτο ξίφος ἀργυρόηλον
odyssey,8,417,DDSDDA,δύσετό τ ἠέλιος ,καὶ τῷ κλυτὰ δῶρα παρῆεν
odyssey,8,418,DDDSDA,καὶ τά γ ἐς ἀλκινόοιο ,φέρον κήρυκες ἀγαυοί
odyssey,8,419,DDDDDA,δεξάμενοι δ ἄρα παῖδες ,ἀμύμονος ἀλκινόοιο
odyssey,8,420,DSDDDA,μητρὶ παρ αἰδοίῃ ,ἔθεσαν περικαλλέα δῶρα
odyssey,8,421,SDDDDA,τοῖσιν δ ἡγεμόνευ ,ἱερὸν μένος ἀλκινόοιο
odyssey,8,422,SDDSDA,ἐλθόντες δὲ καθῖζον ,ἐν ὑψηλοῖσι θρόνοισι
odyssey,8,423,DSDDDA,δή ῥα τότ ἀρήτην ,προσέφη μένος ἀλκινόοιο
odyssey,8,424,DDDDDA,δεῦρο γύναι φέρε χηλὸν ,ἀριπρεπέ ἥ τις ἀρίστη
odyssey,8,425,SSDDDA,ἐν δ αὐτὴ θὲς φᾶρος ,ἐυπλυνὲς ἠδὲ χιτῶνα
odyssey,8,426,DDDDDA,ἀμφὶ δέ οἱ πυρὶ χαλκὸν ,ἰήνατε θέρμετε δ ὕδωρ
odyssey,8,427,DDDDDA,ὄφρα λοεσσάμενός ,τε ἰδών τ ἐὺ κείμενα πάντα
odyssey,8,428,DSDDDA,δῶρα τά οἱ φαίηκες ,ἀμύμονες ἐνθάδ ἔνεικαν
odyssey,8,429,DSDSDA,δαιτί τε τέρπηται ,καὶ ἀοιδῆς ὕμνον ἀκούων
odyssey,8,430,DDDDDA,καί οἱ ἐγὼ τόδ ἄλεισον ,ἐμὸν περικαλλὲς ὀπάσσω
odyssey,8,431,DDSDDA,χρύσεον ὄφρ ἐμέθεν ,μεμνημένος ἤματα πάντα
odyssey,8,432,DDDSDA,σπένδῃ ἐνὶ μεγάρῳ ,διί τ ἄλλοισίν τε θεοῖσιν
odyssey,8,433,DSDSDA,ὣς ἔφατ ἀρήτη ,δὲ μετὰ δμῳῇσιν ἔειπεν
odyssey,8,434,DSDDDA,ἀμφὶ πυρὶ στῆσαι ,τρίποδα μέγαν ὅττι τάχιστα
odyssey,8,435,DDDDDA,αἱ δὲ λοετροχόον ,τρίποδ ἵστασαν ἐν πυρὶ κηλέῳ
odyssey,8,436,DDDDDA,ἔν δ ἄρ ὕδωρ ἔχεαν ,ὑπὸ δὲ ξύλα δαῖον ἑλοῦσαι
odyssey,8,437,SDSDDA,γάστρην μὲν τρίποδος ,πῦρ ἄμφεπε θέρμετο δ ὕδωρ
odyssey,8,438,DSSDDA,τόφρα δ ἄρ ἀρήτη ,ξείνῳ περικαλλέα χηλὸν
odyssey,8,439,DDDDDA,ἐξέφερεν θαλάμοιο ,τίθει δ ἐνὶ κάλλιμα δῶρα
odyssey,8,440,SSDSDA,ἐσθῆτα χρυσόν ,τε τά οἱ φαίηκες ἔδωκαν
odyssey,8,441,SSSSDA,ἐν δ αὐτὴ φᾶρος ,θῆκεν καλόν τε χιτῶνα
odyssey,8,442,SSDDDA,καί μιν φωνήσασ ,ἔπεα πτερόεντα προσηύδα
odyssey,8,443,SDDDDA,αὐτὸς νῦν ἴδε πῶμα ,θοῶς δ ἐπὶ δεσμὸν ἴηλον
odyssey,8,444,SDSDDA,μή τίς τοι καθ ὁδὸν ,δηλήσεται ὁππότ ἂν αὖτε
odyssey,8,445,SDDSDA,εὕδῃσθα γλυκὺν ὕπνον ,ἰὼν ἐν νηὶ μελαίνῃ
odyssey,8,446,DDDSDA,αὐτὰρ ἐπεὶ τό γ ἄκουσε ,πολύτλας δῖος ὀδυσσεύς
odyssey,8,447,DDDDDA,αὐτίκ ἐπήρτυε πῶμα ,θοῶς δ ἐπὶ δεσμὸν ἴηλεν
odyssey,8,448,DDDDDA,ποικίλον ὅν ποτέ μιν ,δέδαε φρεσὶ πότνια κίρκη
odyssey,8,449,DDDSDA,αὐτόδιον δ ἄρα μιν ,ταμίη λούσασθαι ἀνώγει
odyssey,8,450,DSDDDA,ἔς ῥ ἀσάμινθον βάνθ ,ὁ δ ἄρ ἀσπασίως ἴδε θυμῷ
odyssey,8,451,DDDDDA,θερμὰ λοέτρ ἐπεὶ οὔ ,τι κομιζόμενός γε θάμιζεν
odyssey,8,452,SDDSDA,ἐπεὶ δὴ λίπε δῶμα ,καλυψοῦς ἠυκόμοιο
odyssey,8,453,DDDSDA,τόφρα δέ οἱ κομιδή ,γε θεῷ ὣς ἔμπεδος ἦεν
odyssey,8,454,DSSSDA,τὸν δ ἐπεὶ οὖν δμῳαὶ ,λοῦσαν καὶ χρῖσαν ἐλαίῳ
odyssey,8,455,DSSDDA,ἀμφὶ δέ μιν χλαῖναν ,καλὴν βάλον ἠδὲ χιτῶνα
odyssey,8,456,DSSDDA,ἔκ ῥ ἀσαμίνθου βὰς ,ἄνδρας μέτα οἰνοποτῆρας
odyssey,8,457,DDDDDA,ἤιε ναυσικάα ,δὲ θεῶν ἄπο κάλλος ἔχουσα
odyssey,8,458,DSDDSA,στῆ ῥα παρὰ σταθμὸν ,τέγεος πύκα ποιητοῖο
odyssey,8,459,SDDSDA,θαύμαζεν δ ὀδυσῆα ,ἐν ὀφθαλμοῖσιν ὁρῶσα
odyssey,8,460,SSDDDA,καί μιν φωνήσασ ,ἔπεα πτερόεντα προσηύδα
odyssey,8,461,SDDSDA,χαῖρε ξεῖν ἵνα καί ,ποτ ἐὼν ἐν πατρίδι γαίῃ
odyssey,8,462,DDSSDA,μνήσῃ ἐμεῦ ὅτι μοι ,πρώτῃ ζωάγρι ὀφέλλεις
odyssey,8,463,DDDDDA,τὴν δ ἀπαμειβόμενος ,προσέφη πολύμητις ὀδυσσεύς
odyssey,8,464,DDDDDA,‘ναυσικάα θύγατερ ,μεγαλήτορος ἀλκινόοιο
odyssey,8,465,SSDSDA,οὕτω νῦν ζεὺς θείη ,ἐρίγδουπος πόσις ἥρης
odyssey,8,466,DDSDDA,οἴκαδέ τ ἐλθέμεναι ,καὶ νόστιμον ἦμαρ ἰδέσθαι
odyssey,8,467,SSDSDA,τῷ κέν τοι καὶ κεῖθι ,θεῷ ὣς εὐχετοῴμην
odyssey,8,468,SDDDDA,αἰεὶ ἤματα πάντα ,σὺ γάρ μ ἐβιώσαο κούρη
odyssey,8,469,DDDDDA,ἦ ῥα καὶ ἐς θρόνον ἷζε ,παρ ἀλκίνοον βασιλῆα
odyssey,8,470,SSDDDA,οἱ δ ἤδη μοίρας ,τ ἔνεμον κερόωντό τε οἶνον
odyssey,8,471,SDDDDA,κῆρυξ δ ἐγγύθεν ἦλθεν ,ἄγων ἐρίηρον ἀοιδόν
odyssey,8,472,DSDDDA,δημόδοκον λαοῖσι ,τετιμένον εἷσε δ ἄρ αὐτὸν
odyssey,8,473,SDSDDA,μέσσῳ δαιτυμόνων ,πρὸς κίονα μακρὸν ἐρείσας
odyssey,8,474,DSDDDA,δὴ τότε κήρυκα ,προσέφη πολύμητις ὀδυσσεύς
odyssey,8,475,DDDSDA,νώτου ἀποπροταμών ,ἐπὶ δὲ πλεῖον ἐλέλειπτο
odyssey,8,476,DDDSDA,ἀργιόδοντος ὑός ,θαλερὴ δ ἦν ἀμφὶς ἀλοιφή
odyssey,8,477,SSDDDA,κῆρυξ τῆ δή τοῦτο ,πόρε κρέας ὄφρα φάγῃσιν
odyssey,8,478,DSSDDA,δημοδόκῳ καί μιν ,προσπτύξομαι ἀχνύμενός περ
odyssey,8,479,DSDDDA,πᾶσι γὰρ ἀνθρώποισιν ,ἐπιχθονίοισιν ἀοιδοὶ
odyssey,8,480,SDDSDA,τιμῆς ἔμμοροί εἰσι ,καὶ αἰδοῦς οὕνεκ ἄρα σφέας
odyssey,8,481,SDDDDA,οἴμας μοῦσ ἐδίδαξε ,φίλησε δὲ φῦλον ἀοιδῶν
odyssey,8,482,DSDSDA,ὣς ἄρ ἔφη κῆρυξ ,δὲ φέρων ἐν χερσὶν ἔθηκεν
odyssey,8,483,SDDDDA,ἥρῳ δημοδόκῳ ,ὁ δ ἐδέξατο χαῖρε δὲ θυμῷ
odyssey,8,484,DDDDDA,οἱ δ ἐπ ὀνείαθ ἑτοῖμα ,προκείμενα χεῖρας ἴαλλον
odyssey,8,485,DDDDDA,αὐτὰρ ἐπεὶ πόσιος ,καὶ ἐδητύος ἐξ ἔρον ἕντο
odyssey,8,486,DDDDDA,δὴ τότε δημόδοκον ,προσέφη πολύμητις ὀδυσσεύς
odyssey,8,487,DDDSDA,δημόδοκ ἔξοχα δή ,σε βροτῶν αἰνίζομ ἁπάντων
odyssey,8,488,DDDDDA,ἢ σέ γε μοῦσ ἐδίδαξε ,διὸς πάϊς ἢ σέ γ ἀπόλλων
odyssey,8,489,SDDSDA,λίην γὰρ κατὰ κόσμον ,ἀχαιῶν οἶτον ἀείδεις
odyssey,8,490,SDDDDA,ὅσσ ἔρξαν τ ἔπαθόν ,τε καὶ ὅσσ ἐμόγησαν ἀχαιοί
odyssey,8,491,DSDSDA,ὥς τέ που ἢ αὐτὸς ,παρεὼν ἢ ἄλλου ἀκούσας
odyssey,8,492,DDDSDA,ἀλλ ἄγε δὴ μετάβηθι ,καὶ ἵππου κόσμον ἄεισον
odyssey,8,493,DDDSDA,δουρατέου τὸν ἐπειὸς ,ἐποίησεν σὺν ἀθήνῃ
odyssey,8,494,DDDDDA,ὅν ποτ ἐς ἀκρόπολιν ,δόλον ἤγαγε δῖος ὀδυσσεὺς
odyssey,8,495,SSSDDA,ἀνδρῶν ἐμπλήσας ,οἵ ῥ ἴλιον ἐξαλάπαξαν
odyssey,8,496,SSDSDA,αἴ κεν δή μοι ταῦτα ,κατὰ μοῖραν καταλέξῃς
odyssey,8,497,DSSDSA,αὐτίκ ἐγὼ πᾶσιν ,μυθήσομαι ἀνθρώποισιν
odyssey,8,498,DSDDDA,ὡς ἄρα τοι πρόφρων ,θεὸς ὤπασε θέσπιν ἀοιδήν
odyssey,8,499,DSDDDA,ὣς φάθ ὁ δ ὁρμηθεὶς ,θεοῦ ἤρχετο φαῖνε δ ἀοιδήν
odyssey,8,500,DSDSDA,ἔνθεν ἑλὼν ὡς οἱ ,μὲν ἐυσσέλμων ἐπὶ νηῶν
odyssey,8,501,DSSDDA,βάντες ἀπέπλειον ,πῦρ ἐν κλισίῃσι βαλόντες
odyssey,8,502,SSDDDA,ἀργεῖοι τοὶ δ ἤδη ,ἀγακλυτὸν ἀμφ ὀδυσῆα
odyssey,8,503,DSDDDA,ἥατ ἐνὶ τρώων ,ἀγορῇ κεκαλυμμένοι ἵππῳ
odyssey,8,504,SSDDDA,αὐτοὶ γάρ μιν τρῶες ,ἐς ἀκρόπολιν ἐρύσαντο
odyssey,8,505,DSSDDA,ὣς ὁ μὲν ἑστήκει ,τοὶ δ ἄκριτα πόλλ ἀγόρευον
odyssey,8,506,DSDDDA,ἥμενοι ἀμφ αὐτόν ,τρίχα δέ σφισιν ἥνδανε βουλή
odyssey,8,507,DSSDDA,ἠὲ διαπλῆξαι ,κοῖλον δόρυ νηλέι χαλκῷ
odyssey,8,508,SDDDDA,ἢ κατὰ πετράων ,βαλέειν ἐρύσαντας ἐπ ἄκρης
odyssey,8,509,DDDSDA,ἢ ἐάαν μέγ ἄγαλμα ,θεῶν θελκτήριον εἶναι
odyssey,8,510,SDDSDA,τῇ περ δὴ καὶ ἔπειτα ,τελευτήσεσθαι ἔμελλεν
odyssey,8,511,DDDDDA,αἶσα γὰρ ἦν ἀπολέσθαι ,ἐπὴν πόλις ἀμφικαλύψῃ
odyssey,8,512,DDDDDA,δουράτεον μέγαν ἵππον ,ὅθ ἥατο πάντες ἄριστοι
odyssey,8,513,SSDSDA,ἀργείων τρώεσσι ,φόνον καὶ κῆρα φέροντες
odyssey,8,514,SSDDDA,ἤειδεν δ ὡς ἄστυ ,διέπραθον υἷες ἀχαιῶν
odyssey,8,515,DDSDDA,ἱππόθεν ἐκχύμενοι ,κοῖλον λόχον ἐκπρολιπόντες
odyssey,8,516,SDDDDA,ἄλλον δ ἄλλῃ ἄειδε ,πόλιν κεραϊζέμεν αἰπήν
odyssey,8,517,DSDDDA,αὐτὰρ ὀδυσσῆα ,προτὶ δώματα δηιφόβοιο
odyssey,8,518,DDDDDA,βήμεναι ἠύτ ἄρηα ,σὺν ἀντιθέῳ μενελάῳ
odyssey,8,519,DDDDSA,κεῖθι δὴ αἰνότατον ,πόλεμον φάτο τολμήσαντα
odyssey,8,520,SDDDDA,νικῆσαι καὶ ἔπειτα ,διὰ μεγάθυμον ἀθήνην
odyssey,8,521,DDDDDA,ταῦτ ἄρ ἀοιδὸς ἄειδε ,περικλυτός αὐτὰρ ὀδυσσεὺς
odyssey,8,522,DDDDDA,τήκετο δάκρυ δ ἔδευεν ,ὑπὸ βλεφάροισι παρειάς
odyssey,8,523,DSDDDA,ὡς δὲ γυνὴ κλαίῃσι ,φίλον πόσιν ἀμφιπεσοῦσα
odyssey,8,524,DSDSDA,ὅς τε ἑῆς πρόσθεν ,πόλιος λαῶν τε πέσῃσιν
odyssey,8,525,DDDSDA,ἄστεϊ καὶ τεκέεσσιν ,ἀμύνων νηλεὲς ἦμαρ
odyssey,8,526,SSDSDA,ἡ μὲν τὸν θνήσκοντα ,καὶ ἀσπαίροντα ἰδοῦσα
odyssey,8,527,SDDDDA,ἀμφ αὐτῷ χυμένη ,λίγα κωκύει οἱ δέ τ ὄπισθε
odyssey,8,528,SSDDDA,κόπτοντες δούρεσσι ,μετάφρενον ἠδὲ καὶ ὤμους
odyssey,8,529,DDDDDA,εἴρερον εἰσανάγουσι ,πόνον τ ἐχέμεν καὶ ὀιζύν
odyssey,8,530,DDDDDA,τῆς δ ἐλεεινοτάτῳ ,ἄχεϊ φθινύθουσι παρειαί
odyssey,8,531,DDDDDA,ὣς ὀδυσεὺς ἐλεεινὸν ,ὑπ ὀφρύσι δάκρυον εἶβεν
odyssey,8,532,SSDDDA,ἔνθ ἄλλους μὲν πάντας ,ἐλάνθανε δάκρυα λείβων
odyssey,8,533,DDDDDA,ἀλκίνοος δέ μιν οἶος ,ἐπεφράσατ ἠδ ἐνόησεν
odyssey,8,534,DSDDDA,ἥμενος ἄγχ αὐτοῦ ,βαρὺ δὲ στενάχοντος ἄκουσεν
odyssey,8,535,DSDSDA,αἶψα δὲ φαιήκεσσι ,φιληρέτμοισι μετηύδα
odyssey,8,536,DSSDDA,κέκλυτε φαιήκων ,ἡγήτορες ἠδὲ μέδοντες
odyssey,8,537,DSDSDA,δημόδοκος δ ἤδη ,σχεθέτω φόρμιγγα λίγειαν
odyssey,8,538,SSDDDA,οὐ γάρ πως πάντεσσι ,χαριζόμενος τάδ ἀείδει
odyssey,8,539,SDDDDA,ἐξ οὗ δορπέομέν ,τε καὶ ὤρορε θεῖος ἀοιδός
odyssey,8,540,SSDSDA,ἐκ τοῦ δ οὔ πω παύσατ ,ὀιζυροῖο γόοιο
odyssey,8,541,SDDDDA,ὁ ξεῖνος μάλα πού ,μιν ἄχος φρένας ἀμφιβέβηκεν
odyssey,8,542,DDDSDA,ἀλλ ἄγ ὁ μὲν σχεθέτω ,ἵν ὁμῶς τερπώμεθα πάντες
odyssey,8,543,DSDDDA,ξεινοδόκοι καὶ ξεῖνος ,ἐπεὶ πολὺ κάλλιον οὕτως
odyssey,8,544,DSDSDA,εἵνεκα γὰρ ξείνοιο ,τάδ αἰδοίοιο τέτυκται
odyssey,8,545,SDDDDA,πομπὴ καὶ φίλα δῶρα ,τά οἱ δίδομεν φιλέοντες
odyssey,8,546,DSSDDA,ἀντὶ κασιγνήτου ,ξεῖνός θ ἱκέτης τε τέτυκται
odyssey,8,547,DDDSDA,ἀνέρι ὅς τ ὀλίγον ,περ ἐπιψαύῃ πραπίδεσσι
odyssey,8,548,SDDDDA,τῷ νῦν μηδὲ σὺ κεῦθε ,νοήμασι κερδαλέοισιν
odyssey,8,549,DSSDDA,ὅττι κέ σ εἴρωμαι ,φάσθαι δέ σε κάλλιόν ἐστιν
odyssey,8,550,DDDSDA,εἴπ ὄνομ ὅττι σε κεῖθι ,κάλεον μήτηρ τε πατήρ τε
odyssey,8,551,SDDDDA,ἄλλοι θ οἳ κατὰ ἄστυ ,καὶ οἳ περιναιετάουσιν
odyssey,8,552,SSDDSA,οὐ μὲν γάρ τις πάμπαν ,ἀνώνυμός ἐστ ἀνθρώπων
odyssey,8,553,DDDSDA,οὐ κακὸς οὐδὲ μὲν ἐσθλός ,ἐπὴν τὰ πρῶτα γένηται
odyssey,8,554,DDDDDA,ἀλλ ἐπὶ πᾶσι τίθενται ,ἐπεί κε τέκωσι τοκῆες
odyssey,8,555,DSDSDA,εἰπὲ δέ μοι γαῖάν ,τε τεὴν δῆμόν τε πόλιν τε
odyssey,8,556,DSDDDA,ὄφρα σε τῇ πέμπωσι ,τιτυσκόμεναι φρεσὶ νῆες
odyssey,8,557,SSDSDA,οὐ γὰρ φαιήκεσσι ,κυβερνητῆρες ἔασιν
odyssey,8,558,DDDSDA,οὐδέ τι πηδάλι ἔστι ,τά τ ἄλλαι νῆες ἔχουσιν
odyssey,8,559,SSDDDA,ἀλλ αὐταὶ ἴσασι ,νοήματα καὶ φρένας ἀνδρῶν
odyssey,8,560,SDDSDA,καὶ πάντων ἴσασι ,πόλιας καὶ πίονας ἀγροὺς
odyssey,8,561,SSDDDA,ἀνθρώπων καὶ λαῖτμα ,τάχισθ ἁλὸς ἐκπερόωσιν
odyssey,8,562,DDDDDA,ἠέρι καὶ νεφέλῃ ,κεκαλυμμέναι οὐδέ ποτέ σφιν
odyssey,8,563,DSDDDA,οὔτε τι πημανθῆναι ,ἔπι δέος οὔτ ἀπολέσθαι
odyssey,8,564,DDDSDA,ἀλλὰ τόδ ὥς ποτε πατρὸς ,ἐγὼν εἰπόντος ἄκουσα
odyssey,8,565,DDDSDA,ναυσιθόου ὃς ἔφασκε ,ποσειδάων ἀγάσασθαι
odyssey,8,566,SDDDDA,ἡμῖν οὕνεκα πομποὶ ,ἀπήμονές εἰμεν ἁπάντων
odyssey,8,567,DSSDDA,φῆ ποτὲ φαιήκων ,ἀνδρῶν ἐυεργέα νῆα
odyssey,8,568,SDDDDA,ἐκ πομπῆς ἀνιοῦσαν ,ἐν ἠεροειδέι πόντῳ
odyssey,8,569,DDDDDA,ῥαισέμεναι μέγα δ ἧμιν ,ὄρος πόλει ἀμφικαλύψειν
odyssey,8,570,DDDDDA,ὣς ἀγόρευ ὁ γέρων ,τὰ δέ κεν θεὸς ἢ τελέσειεν
odyssey,8,571,DSSDDA,ἤ κ ἀτέλεστ εἴη ,ὥς οἱ φίλον ἔπλετο θυμῷ
odyssey,8,572,DDDDDA,ἀλλ ἄγε μοι τόδε εἰπὲ ,καὶ ἀτρεκέως κατάλεξον
odyssey,8,573,DSDDDA,ὅππῃ ἀπεπλάγχθης ,τε καὶ ἅς τινας ἵκεο χώρας
odyssey,8,574,NNNNNN,NA,NA
odyssey,8,575,DDDDDA,ἠμὲν ὅσοι χαλεποί ,τε καὶ ἄγριοι οὐδὲ δίκαιοι
odyssey,8,576,DSSDDA,οἵ τε φιλόξεινοι ,καί σφιν νόος ἐστὶ θεουδής
odyssey,8,577,DSDDDA,εἰπὲ δ ὅ τι κλαίεις ,καὶ ὀδύρεαι ἔνδοθι θυμῷ
odyssey,8,578,SDSDDA,ἀργείων δαναῶν ,ἠδ ἰλίου οἶτον ἀκούων
odyssey,8,579,DSDSDA,τὸν δὲ θεοὶ μὲν τεῦξαν ,ἐπεκλώσαντο δ ὄλεθρον
odyssey,8,580,SDDDDA,ἀνθρώποις ἵνα ᾖσι ,καὶ ἐσσομένοισιν ἀοιδή
odyssey,8,581,SSDDDA,ἦ τίς τοι καὶ πηὸς ,ἀπέφθιτο ἰλιόθι πρὸ
odyssey,8,582,DSSDDA,ἐσθλὸς ἐών γαμβρὸς ,ἢ πενθερός οἵ τε μάλιστα
odyssey,8,583,SDDDDA,κήδιστοι τελέθουσι ,μεθ αἷμά τε καὶ γένος αὐτῶν
odyssey,8,584,SDDDDA,ἦ τίς που καὶ ἑταῖρος ,ἀνὴρ κεχαρισμένα εἰδώς
odyssey,8,585,DSDSDA,ἐσθλός ἐπεὶ οὐ μέν ,τι κασιγνήτοιο χερείων
odyssey,8,586,DDDSDA,γίγνεται ὅς κεν ἑταῖρος ,ἐὼν πεπνυμένα εἰδῇ
