iliad,2,1,SDDDDA,ἄλλοι μέν ῥα θεοί ,τε καὶ ἀνέρες ἱπποκορυσταὶ
iliad,2,2,SDDDDA,εὗδον παννύχιοι ,δία δ οὐκ ἔχε νήδυμος ὕπνος
iliad,2,3,DSDDDA,ἀλλ ὅ γε μερμήριζε ,κατὰ φρένα ὡς ἀχιλῆα
iliad,2,4,SDDDDA,τιμήσῃ ὀλέσῃ ,δὲ πολέας ἐπὶ νηυσὶν ἀχαιῶν
iliad,2,5,DDDSDA,ἥδε δέ οἱ κατὰ θυμὸν ,ἀρίστη φαίνετο βουλή
iliad,2,6,DDDDDA,πέμψαι ἐπ ἀτρεΐδῃ ,ἀγαμέμνονι οὖλον ὄνειρον
iliad,2,7,SSDDDA,καί μιν φωνήσας ,ἔπεα πτερόεντα προσηύδα
iliad,2,8,DDDDDA,‘βάσκ ἴθι οὖλε ὄνειρε ,θοὰς ἐπὶ νῆας ἀχαιῶν
iliad,2,9,SDDDDA,ἐλθὼν ἐς κλισίην ,ἀγαμέμνονος ἀτρεΐδαο
iliad,2,10,DDDDDA,πάντα μάλ ἀτρεκέως ,ἀγορευέμεν ὡς ἐπιτέλλω
iliad,2,11,SDDDDA,θωρῆξαί ἑ κέλευε ,κάρη κομόωντας ἀχαιοὺς
iliad,2,12,DSDDDA,πανσυδίῃ νῦν γάρ ,κεν ἕλοι πόλιν εὐρυάγυιαν
iliad,2,13,SDDDDA,τρώων οὐ γὰρ ἔτ ἀμφὶς ,ὀλύμπια δώματ ἔχοντες
iliad,2,14,DSDSDA,ἀθάνατοι φράζονται ,ἐπέγναμψεν γὰρ ἅπαντας
iliad,2,15,SDSDDA,ἥρη λισσομένη ,τρώεσσι δὲ κήδε ἐφῆπται
iliad,2,16,DDDSDA,ὣς φάτο βῆ δ ἄρ ὄνειρος ,ἐπεὶ τὸν μῦθον ἄκουσε
iliad,2,17,DSDDDA,καρπαλίμως δ ἵκανε ,θοὰς ἐπὶ νῆας ἀχαιῶν
iliad,2,18,DDDDDA,βῆ δ ἄρ ἐπ ἀτρεΐδην ,ἀγαμέμνονα τὸν δὲ κίχανεν
iliad,2,19,SDDDDA,εὕδοντ ἐν κλισίῃ ,περὶ δ ἀμβρόσιος κέχυθ ὕπνος
iliad,2,20,DDSDDA,στῆ δ ἄρ ὑπὲρ κεφαλῆς ,νηληΐῳ υἷι ἐοικώς
iliad,2,21,DDDSDA,νέστορι τόν ῥα μάλιστα ,γερόντων τῖ ἀγαμέμνων
iliad,2,22,DDDDDA,τῷ μιν ἐεισάμενος ,προσεφώνεε θεῖος ὄνειρος
iliad,2,23,SDDDDA,‘εὕδεις ἀτρέος υἱὲ ,δαΐφρονος ἱπποδάμοιο
iliad,2,24,SDSSDA,οὐ χρὴ παννύχιον ,εὕδειν βουληφόρον ἄνδρα
iliad,2,25,SDDSDA,ᾧ λαοί τ ἐπιτετράφαται ,καὶ τόσσα μέμηλε
iliad,2,26,DDDDDA,νῦν δ ἐμέθεν ξύνες ὦκα ,διὸς δέ τοι ἄγγελός εἰμι
iliad,2,27,DDDDDA,ὃς σεῦ ἄνευθεν ἐὼν ,μέγα κήδεται ἠδ ἐλεαίρει
iliad,2,28,SDDDDA,θωρῆξαί σε κέλευσε ,κάρη κομόωντας ἀχαιοὺς
iliad,2,29,DSDDDA,πανσυδίῃ νῦν γάρ ,κεν ἕλοις πόλιν εὐρυάγυιαν
iliad,2,30,SDDDDA,τρώων οὐ γὰρ ἔτ ἀμφὶς ,ὀλύμπια δώματ ἔχοντες
iliad,2,31,DSDSDA,ἀθάνατοι φράζονται ,ἐπέγναμψεν γὰρ ἅπαντας
iliad,2,32,SDSDDA,ἥρη λισσομένη ,τρώεσσι δὲ κήδε ἐφῆπται
iliad,2,33,DDDDDA,ἐκ διός ἀλλὰ σὺ σῇσιν ,ἔχε φρεσί μηδέ σε λήθη
iliad,2,34,SSDSDA,αἱρείτω εὖτ ἄν ,σε μελίφρων ὕπνος ἀνήῃ
iliad,2,35,DSDDDA,ὣς ἄρα φωνήσας ,ἀπεβήσετο τὸν δὲ λίπ αὐτοῦ
iliad,2,36,DDDDDA,τὰ φρονέοντ ἀνὰ θυμὸν ,ἅ ῥ οὐ τελέεσθαι ἔμελλον
iliad,2,37,DSDDDA,φῆ γὰρ ὅ γ αἱρήσειν ,πριάμου πόλιν ἤματι κείνῳ
iliad,2,38,DDDSDA,νήπιος οὐδὲ τὰ ᾔδη ,ἅ ῥα ζεὺς μήδετο ἔργα
iliad,2,39,SDDDDA,θήσειν γὰρ ἔτ ἔμελλεν ,ἐπ ἄλγεά τε στοναχάς τε
iliad,2,40,DDDDSA,τρωσί τε καὶ δαναοῖσι ,διὰ κρατερὰς ὑσμίνας
iliad,2,41,DSSDDA,ἔγρετο δ ἐξ ὕπνου ,θείη δέ μιν ἀμφέχυτ ὀμφή
iliad,2,42,DSDSDA,ἕζετο δ ὀρθωθείς ,μαλακὸν δ ἔνδυνε χιτῶνα
iliad,2,43,SDDDDA,καλὸν νηγάτεον ,περὶ δὲ μέγα βάλλετο φᾶρος
iliad,2,44,DDDDDA,ποσσὶ δ ὑπὸ λιπαροῖσιν ,ἐδήσατο καλὰ πέδιλα
iliad,2,45,DSDDDA,ἀμφὶ δ ἄρ ὤμοισιν ,βάλετο ξίφος ἀργυρόηλον
iliad,2,46,DSSDDA,εἵλετο δὲ σκῆπτρον ,πατρώϊον ἄφθιτον αἰεὶ
iliad,2,47,DDDSDA,σὺν τῷ ἔβη κατὰ νῆας ,ἀχαιῶν χαλκοχιτώνων
iliad,2,48,SDDDDA,ἠὼς μέν ῥα θεὰ ,προσεβήσετο μακρὸν ὄλυμπον
iliad,2,49,DDDSDA,ζηνὶ φόως ἐρέουσα ,καὶ ἄλλοις ἀθανάτοισιν
iliad,2,50,DSDSDA,αὐτὰρ ὃ κηρύκεσσι ,λιγυφθόγγοισι κέλευσε
iliad,2,51,SDDDDA,κηρύσσειν ἀγορὴν ,δὲ κάρη κομόωντας ἀχαιούς
iliad,2,52,DSSSDA,οἳ μὲν ἐκήρυσσον ,τοὶ δ ἠγείροντο μάλ ὦκα
iliad,2,53,SSDSDA,βουλὴν δὲ πρῶτον ,μεγαθύμων ἷζε γερόντων
iliad,2,54,DDDDDA,νεστορέῃ παρὰ νηῒ ,πυλοιγενέος βασιλῆος
iliad,2,55,DDDSDA,τοὺς ὅ γε συγκαλέσας ,πυκινὴν ἀρτύνετο βουλήν
iliad,2,56,DSDDDA,‘κλῦτε φίλοι θεῖός ,μοι ἐνύπνιον ἦλθεν ὄνειρος
iliad,2,57,DDDDDA,ἀμβροσίην διὰ νύκτα ,μάλιστα δὲ νέστορι δίῳ
iliad,2,58,SDDSDA,εἶδός τε μέγεθός ,τε φυήν τ ἄγχιστα ἐῴκει
iliad,2,59,DDSSDA,στῆ δ ἄρ ὑπὲρ κεφαλῆς ,καί με πρὸς μῦθον ἔειπεν
iliad,2,60,SDDDDA,‘εὕδεις ἀτρέος υἱὲ ,δαΐφρονος ἱπποδάμοιο
iliad,2,61,SDSSDA,οὐ χρὴ παννύχιον ,εὕδειν βουληφόρον ἄνδρα
iliad,2,62,SDDSDA,ᾧ λαοί τ ἐπιτετράφαται ,καὶ τόσσα μέμηλε
iliad,2,63,DDDDDA,νῦν δ ἐμέθεν ξύνες ὦκα ,διὸς δέ τοι ἄγγελός εἰμι
iliad,2,64,DDDDDA,ὃς σεῦ ἄνευθεν ἐὼν ,μέγα κήδεται ἠδ ἐλεαίρει
iliad,2,65,SDDDDA,θωρῆξαί σε κέλευσε ,κάρη κομόωντας ἀχαιοὺς
iliad,2,66,DSDDDA,πανσυδίῃ νῦν γάρ ,κεν ἕλοις πόλιν εὐρυάγυιαν
iliad,2,67,SDDDDA,τρώων οὐ γὰρ ἔτ ἀμφὶς ,ὀλύμπια δώματ ἔχοντες
iliad,2,68,DSDSDA,ἀθάνατοι φράζονται ,ἐπέγναμψεν γὰρ ἅπαντας
iliad,2,69,SDSDDA,ἥρη λισσομένη ,τρώεσσι δὲ κήδε ἐφῆπται
iliad,2,70,DDDDDA,ἐκ διός ἀλλὰ σὺ σῇσιν ,ἔχε φρεσίν ὣς ὃ μὲν εἰπὼν
iliad,2,71,DDDDDA,ᾤχετ ἀποπτάμενος ,ἐμὲ δὲ γλυκὺς ὕπνος ἀνῆκεν
iliad,2,72,DSSDDA,ἀλλ ἄγετ αἴ κέν πως ,θωρήξομεν υἷας ἀχαιῶν
iliad,2,73,DDSDDA,πρῶτα δ ἐγὼν ἔπεσιν ,πειρήσομαι ἣ θέμις ἐστί
iliad,2,74,SSDSDA,καὶ φεύγειν σὺν νηυσὶ ,πολυκλήϊσι κελεύσω
iliad,2,75,SDDSDA,ὑμεῖς δ ἄλλοθεν ἄλλος ,ἐρητύειν ἐπέεσσιν
iliad,2,76,DSDDDA,ἤτοι ὅ γ ὣς εἰπὼν ,κατ ἄρ ἕζετο τοῖσι δ ἀνέστη
iliad,2,77,SDDSDA,νέστωρ ὅς ῥα πύλοιο ,ἄναξ ἦν ἠμαθόεντος
iliad,2,78,DDDDDA,ὅ σφιν ἐὺ φρονέων ,ἀγορήσατο καὶ μετέειπεν
iliad,2,79,DSSDDA,‘ὦ φίλοι ἀργείων ,ἡγήτορες ἠδὲ μέδοντες
iliad,2,80,SDDSDA,εἰ μέν τις τὸν ὄνειρον ,ἀχαιῶν ἄλλος ἔνισπε
iliad,2,81,SSSSDA,ψεῦδός κεν φαῖμεν ,καὶ νοσφιζοίμεθα μᾶλλον
iliad,2,82,DDDSDA,νῦν δ ἴδεν ὃς μέγ ἄριστος ,ἀχαιῶν εὔχεται εἶναι
iliad,2,83,DSSDDA,ἀλλ ἄγετ αἴ κέν πως ,θωρήξομεν υἷας ἀχαιῶν
iliad,2,84,DSSSDA,ὣς ἄρα φωνήσας ,βουλῆς ἐξῆρχε νέεσθαι
iliad,2,85,DSSDDA,οἳ δ ἐπανέστησαν ,πείθοντό τε ποιμένι λαῶν
iliad,2,86,SDDSDA,σκηπτοῦχοι βασιλῆες ,ἐπεσσεύοντο δὲ λαοί
iliad,2,87,DDDSDA,ἠΰτε ἔθνεα εἶσι ,μελισσάων ἁδινάων
iliad,2,88,SDSDDA,πέτρης ἐκ γλαφυρῆς ,αἰεὶ νέον ἐρχομενάων
iliad,2,89,SDDDDA,βοτρυδὸν δὲ πέτονται ,ἐπ ἄνθεσιν εἰαρινοῖσιν
iliad,2,90,SDDDDA,αἳ μέν τ ἔνθα ἅλις ,πεποτήαται αἳ δέ τε ἔνθα
iliad,2,91,SDDDDA,ὣς τῶν ἔθνεα πολλὰ ,νεῶν ἄπο καὶ κλισιάων
iliad,2,92,DDDSDA,ἠϊόνος προπάροιθε ,βαθείης ἐστιχόωντο
iliad,2,93,DDDDDA,ἰλαδὸν εἰς ἀγορήν ,μετὰ δέ σφισιν ὄσσα δεδήει
iliad,2,94,SDDDDA,ὀτρύνουσ ἰέναι ,διὸς ἄγγελος οἳ δ ἀγέροντο
iliad,2,95,SDDDDA,τετρήχει δ ἀγορή ,ὑπὸ δὲ στεναχίζετο γαῖα
iliad,2,96,SSDSDA,λαῶν ἱζόντων ,ὅμαδος δ ἦν ἐννέα δέ σφεας
iliad,2,97,SDDDDA,κήρυκες βοόωντες ,ἐρήτυον εἴ ποτ ἀϋτῆς
iliad,2,98,DSDDDA,σχοίατ ἀκούσειαν ,δὲ διοτρεφέων βασιλήων
iliad,2,99,SDDSDA,σπουδῇ δ ἕζετο λαός ,ἐρήτυθεν δὲ καθ ἕδρας
iliad,2,100,DSDSDA,παυσάμενοι κλαγγῆς ,ἀνὰ δὲ κρείων ἀγαμέμνων
iliad,2,101,SDDSDA,ἔστη σκῆπτρον ἔχων ,τὸ μὲν ἥφαιστος κάμε τεύχων
iliad,2,102,SSDDDA,ἥφαιστος μὲν δῶκε ,διὶ κρονίωνι ἄνακτι
iliad,2,103,DSDDDA,αὐτὰρ ἄρα ζεὺς δῶκε ,διακτόρῳ ἀργεϊφόντῃ
iliad,2,104,SDSDSA,ἑρμείας δὲ ἄναξ ,δῶκεν πέλοπι πληξίππῳ
iliad,2,105,DDSDDA,αὐτὰρ ὃ αὖτε πέλοψ ,δῶκ ἀτρέϊ ποιμένι λαῶν
iliad,2,106,SSDDDA,ἀτρεὺς δὲ θνῄσκων ,ἔλιπεν πολύαρνι θυέστῃ
iliad,2,107,DDDDDA,αὐτὰρ ὃ αὖτε θυέστ ,ἀγαμέμνονι λεῖπε φορῆναι
iliad,2,108,SSDDDA,πολλῇσιν νήσοισι ,καὶ ἄργεϊ παντὶ ἀνάσσειν
iliad,2,109,DDDSDA,τῷ ὅ γ ἐρεισάμενος ,ἔπε ἀργείοισι μετηύδα
iliad,2,110,DSDDDA,‘ὦ φίλοι ἥρωες ,δαναοὶ θεράποντες ἄρηος
iliad,2,111,DDSDDA,ζεύς με μέγα κρονίδης ,ἄτῃ ἐνέδησε βαρείῃ
iliad,2,112,DSDDDA,σχέτλιος ὃς πρὶν μέν ,μοι ὑπέσχετο καὶ κατένευσεν
iliad,2,113,DSSDDA,ἴλιον ἐκπέρσαντ ,εὐτείχεον ἀπονέεσθαι
iliad,2,114,DDSDDA,νῦν δὲ κακὴν ἀπάτην ,βουλεύσατο καί με κελεύει
iliad,2,115,DDDDDA,δυσκλέα ἄργος ἱκέσθαι ,ἐπεὶ πολὺν ὤλεσα λαόν
iliad,2,116,SDDDDA,οὕτω που διὶ μέλλει ,ὑπερμενέϊ φίλον εἶναι
iliad,2,117,SSDDDA,ὃς δὴ πολλάων ,πολίων κατέλυσε κάρηνα
iliad,2,118,DSSDDA,ἠδ ἔτι καὶ λύσει ,τοῦ γὰρ κράτος ἐστὶ μέγιστον
iliad,2,119,SDDDDA,αἰσχρὸν γὰρ τόδε γ ἐστὶ ,καὶ ἐσσομένοισι πυθέσθαι
iliad,2,120,SSDDDA,μὰψ οὕτω τοιόνδε ,τοσόνδε τε λαὸν ἀχαιῶν
iliad,2,121,SDDSDA,ἄπρηκτον πόλεμον ,πολεμίζειν ἠδὲ μάχεσθαι
iliad,2,122,DDDSDA,ἀνδράσι παυροτέροισι ,τέλος δ οὔ πώ τι πέφανται
iliad,2,123,SDDSSA,εἴ περ γάρ κ ἐθέλοιμεν ,ἀχαιοί τε τρῶές τε
iliad,2,124,DDDSDA,ὅρκια πιστὰ ταμόντες ,ἀριθμηθήμεναι ἄμφω
iliad,2,125,SSDDDA,τρῶας μὲν λέξασθαι ,ἐφέστιοι ὅσσοι ἔασιν
iliad,2,126,SDDSDA,ἡμεῖς δ ἐς δεκάδας ,διακοσμηθεῖμεν ἀχαιοί
iliad,2,127,SDDDDA,τρώων δ ἄνδρα ἕκαστοι ,ἑλοίμεθα οἰνοχοεύειν
iliad,2,128,SDSDDA,πολλαί κεν δεκάδες ,δευοίατο οἰνοχόοιο
iliad,2,129,DSDDDA,τόσσον ἐγώ φημι ,πλέας ἔμμεναι υἷας ἀχαιῶν
iliad,2,130,SSDDDA,τρώων οἳ ναίουσι ,κατὰ πτόλιν ἀλλ ἐπίκουροι
iliad,2,131,SDSDDA,πολλέων ἐκ πολίων ,ἐγχέσπαλοι ἄνδρες ἔασιν
iliad,2,132,DSDSDA,οἵ με μέγα πλάζουσι ,καὶ οὐκ εἰῶσ ἐθέλοντα
iliad,2,133,DSSDDA,ἰλίου ἐκπέρσαι ,εὖ ναιόμενον πτολίεθρον
iliad,2,134,DDDDDA,ἐννέα δὴ βεβάασι ,διὸς μεγάλου ἐνιαυτοί
iliad,2,135,SDDSDA,καὶ δὴ δοῦρα σέσηπε ,νεῶν καὶ σπάρτα λέλυνται
iliad,2,136,DDDSDA,αἳ δέ που ἡμέτεραί ,τ ἄλοχοι καὶ νήπια τέκνα
iliad,2,137,DDDDDA,εἵατ ἐνὶ μεγάροις ,ποτιδέγμεναι ἄμμι δὲ ἔργον
iliad,2,138,SSDDDA,αὔτως ἀκράαντον ,οὗ εἵνεκα δεῦρ ἱκόμεσθα
iliad,2,139,DDSSDA,ἀλλ ἄγεθ ὡς ἂν ἐγὼ ,εἴπω πειθώμεθα πάντες
iliad,2,140,SSDSDA,φεύγωμεν σὺν νηυσὶ ,φίλην ἐς πατρίδα γαῖαν
iliad,2,141,DSSDDA,οὐ γὰρ ἔτι τροίην ,αἱρήσομεν εὐρυάγυιαν
iliad,2,142,DDDSDA,ὣς φάτο τοῖσι δὲ θυμὸν ,ἐνὶ στήθεσσιν ὄρινε
iliad,2,143,DSDSDA,πᾶσι μετὰ πληθὺν ,ὅσοι οὐ βουλῆς ἐπάκουσαν
iliad,2,144,SDSDDA,κινήθη δ ἀγορὴ ,φὴ κύματα μακρὰ θαλάσσης
iliad,2,145,SDDSDA,πόντου ἰκαρίοιο ,τὰ μέν τ εὖρός τε νότος τε
iliad,2,146,DSSDDA,ὤρορ ἐπαΐξας ,πατρὸς διὸς ἐκ νεφελάων
iliad,2,147,DSDDDA,ὡς δ ὅτε κινήσῃ ,ζέφυρος βαθὺ λήϊον ἐλθὼν
iliad,2,148,DSDDDA,λάβρος ἐπαιγίζων ,ἐπί τ ἠμύει ἀσταχύεσσιν
iliad,2,149,SDSSDA,ὣς τῶν πᾶσ ἀγορὴ ,κινήθη τοὶ δ ἀλαλητῷ
iliad,2,150,DSDDDA,νῆας ἔπ ἐσσεύοντο ,ποδῶν δ ὑπένερθε κονίη
iliad,2,151,DDSSDA,ἵστατ ἀειρομένη ,τοὶ δ ἀλλήλοισι κέλευον
iliad,2,152,SSSDDA,ἅπτεσθαι νηῶν ,ἠδ ἑλκέμεν εἰς ἅλα δῖαν
iliad,2,153,SDDSDA,οὐρούς τ ἐξεκάθαιρον ,ἀϋτὴ δ οὐρανὸν ἷκεν
iliad,2,154,DDDDDA,οἴκαδε ἱεμένων ,ὑπὸ δ ᾕρεον ἕρματα νηῶν
iliad,2,155,DSDDDA,ἔνθά κεν ἀργείοισιν ,ὑπέρμορα νόστος ἐτύχθη
iliad,2,156,DSSSDA,εἰ μὴ ἀθηναίην ,ἥρη πρὸς μῦθον ἔειπεν
iliad,2,157,DDDDSA,‘ὢ πόποι αἰγιόχοιο ,διὸς τέκος ἀτρυτώνη
iliad,2,158,SSDSDA,οὕτω δὴ οἶκον ,δὲ φίλην ἐς πατρίδα γαῖαν
iliad,2,159,SSDDDA,ἀργεῖοι φεύξονται ,ἐπ εὐρέα νῶτα θαλάσσης
iliad,2,160,DSDSDA,κὰδ δέ κεν εὐχωλὴν ,πριάμῳ καὶ τρωσὶ λίποιεν
iliad,2,161,SDSDDA,ἀργείην ἑλένην ,ἧς εἵνεκα πολλοὶ ἀχαιῶν
iliad,2,162,SDDDDA,ἐν τροίῃ ἀπόλοντο ,φίλης ἀπὸ πατρίδος αἴης
iliad,2,163,DDDSDA,ἀλλ ἴθι νῦν κατὰ λαὸν ,ἀχαιῶν χαλκοχιτώνων
iliad,2,164,DDDDDA,σοῖς ἀγανοῖς ἐπέεσσιν ,ἐρήτυε φῶτα ἕκαστον
iliad,2,165,DSDDDA,μηδὲ ἔα νῆας ,ἅλα δ ἑλκέμεν ἀμφιελίσσας
iliad,2,166,DDDSDA,ὣς ἔφατ οὐδ ἀπίθησε ,θεὰ γλαυκῶπις ἀθήνη
iliad,2,167,DSDSSA,βῆ δὲ κατ οὐλύμποιο ,καρήνων ἀΐξασα
iliad,2,168,DSDDDA,καρπαλίμως δ ἵκανε ,θοὰς ἐπὶ νῆας ἀχαιῶν
iliad,2,169,DDDSDA,εὗρεν ἔπειτ ὀδυσῆα ,διὶ μῆτιν ἀτάλαντον
iliad,2,170,DDDSDA,ἑσταότ οὐδ ὅ γε νηὸς ,ἐϋσσέλμοιο μελαίνης
iliad,2,171,DDDSDA,ἅπτετ ἐπεί μιν ἄχος ,κραδίην καὶ θυμὸν ἵκανεν
iliad,2,172,SDDSDA,ἀγχοῦ δ ἱσταμένη ,προσέφη γλαυκῶπις ἀθήνη
iliad,2,173,DSDDDA,‘διογενὲς λαερτιάδη ,πολυμήχαν ὀδυσσεῦ
iliad,2,174,SSDSDA,οὕτω δὴ οἶκον ,δὲ φίλην ἐς πατρίδα γαῖαν
iliad,2,175,SSDSDA,φεύξεσθ ἐν νήεσσι ,πολυκλήϊσι πεσόντες
iliad,2,176,DSDSDA,κὰδ δέ κεν εὐχωλὴν ,πριάμῳ καὶ τρωσὶ λίποιτε
iliad,2,177,SDSDDA,ἀργείην ἑλένην ,ἧς εἵνεκα πολλοὶ ἀχαιῶν
iliad,2,178,SDDDDA,ἐν τροίῃ ἀπόλοντο ,φίλης ἀπὸ πατρίδος αἴης
iliad,2,179,DDDSDA,ἀλλ ἴθι νῦν κατὰ λαὸν ,ἀχαιῶν μηδ ἔτ ἐρώει
iliad,2,180,DDDDDA,σοῖς δ ἀγανοῖς ἐπέεσσιν ,ἐρήτυε φῶτα ἕκαστον
iliad,2,181,DSDDDA,μηδὲ ἔα νῆας ,ἅλα δ ἑλκέμεν ἀμφιελίσσας
iliad,2,182,DDDDSA,ὣς φάθ ὃ δὲ ξυνέηκε ,θεᾶς ὄπα φωνησάσης
iliad,2,183,DDSDDA,βῆ δὲ θέειν ἀπὸ δὲ ,χλαῖναν βάλε τὴν δὲ κόμισσε
iliad,2,184,SDDDDA,κῆρυξ εὐρυβάτης ,ἰθακήσιος ὅς οἱ ὀπήδει
iliad,2,185,SDDDDA,αὐτὸς δ ἀτρεΐδεω ,ἀγαμέμνονος ἀντίος ἐλθὼν
iliad,2,186,DSSDDA,δέξατό οἱ σκῆπτρον ,πατρώϊον ἄφθιτον αἰεί
iliad,2,187,DDDSDA,σὺν τῷ ἔβη κατὰ νῆας ,ἀχαιῶν χαλκοχιτώνων
iliad,2,188,DDDDDA,ὅν τινα μὲν βασιλῆα ,καὶ ἔξοχον ἄνδρα κιχείη
iliad,2,189,DDDSDA,τὸν δ ἀγανοῖς ἐπέεσσιν ,ἐρητύσασκε παραστάς
iliad,2,190,DDDSSA,‘δαιμόνι οὔ σε ἔοικε ,κακὸν ὣς δειδίσσεσθαι
iliad,2,191,SDDSDA,ἀλλ αὐτός τε κάθησο ,καὶ ἄλλους ἵδρυε λαούς
iliad,2,192,SDSDDA,οὐ γάρ πω σάφα οἶσθ ,οἷος νόος ἀτρεΐωνος
iliad,2,193,SSDDDA,νῦν μὲν πειρᾶται ,τάχα δ ἴψεται υἷας ἀχαιῶν
iliad,2,194,SSDDDA,ἐν βουλῇ δ οὐ πάντες ,ἀκούσαμεν οἷον ἔειπε
iliad,2,195,DDSDDA,μή τι χολωσάμενος ,ῥέξῃ κακὸν υἷας ἀχαιῶν
iliad,2,196,SDSDDA,θυμὸς δὲ μέγας ἐστὶ διοτρεφέων ,βασιλήων
iliad,2,197,SDDDDA,τιμὴ δ ἐκ διός ἐστι ,φιλεῖ δέ ἑ μητίετα ζεύς
iliad,2,198,SSDDDA,ὃν δ αὖ δήμου τ ἄνδρα ,ἴδοι βοόωντά τ ἐφεύροι
iliad,2,199,SDDSDA,τὸν σκήπτρῳ ἐλάσασκεν ,ὁμοκλήσασκέ τε μύθῳ
iliad,2,200,DDDSDA,δαιμόνι ἀτρέμας ἧσο ,καὶ ἄλλων μῦθον ἄκουε
iliad,2,201,DDDDDA,οἳ σέο φέρτεροί εἰσι ,σὺ δ ἀπτόλεμος καὶ ἄναλκις
iliad,2,202,DDDDDA,οὔτέ ποτ ἐν πολέμῳ ,ἐναρίθμιος οὔτ ἐνὶ βουλῇ
iliad,2,203,SSDDDA,οὐ μέν πως πάντες ,βασιλεύσομεν ἐνθάδ ἀχαιοί
iliad,2,204,DDDSDA,οὐκ ἀγαθὸν πολυκοιρανίη ,εἷς κοίρανος ἔστω
iliad,2,205,DSDDDA,εἷς βασιλεύς ᾧ δῶκε ,κρόνου πάϊς ἀγκυλομήτεω
iliad,2,206,SDDDSA,σκῆπτρόν τ ἠδὲ θέμιστας ,ἵνά σφισι βουλεύῃσι
iliad,2,207,DDDDDA,ὣς ὅ γε κοιρανέων ,δίεπε στρατόν οἳ δ ἀγορὴν δὲ
iliad,2,208,DSDDDA,αὖτις ἐπεσσεύοντο ,νεῶν ἄπο καὶ κλισιάων
iliad,2,209,SDDSDA,ἠχῇ ὡς ὅτε κῦμα ,πολυφλοίσβοιο θαλάσσης
iliad,2,210,DDDDDA,αἰγιαλῷ μεγάλῳ ,βρέμεται σμαραγεῖ δέ τε πόντος
iliad,2,211,SSDSDA,ἄλλοι μέν ῥ ἕζοντο ,ἐρήτυθεν δὲ καθ ἕδρας
iliad,2,212,SDDDDA,θερσίτης δ ἔτι μοῦνος ,ἀμετροεπὴς ἐκολῴα
iliad,2,213,DDDDDA,ὃς ἔπεα φρεσὶν ᾗσιν ,ἄκοσμά τε πολλά τε ᾔδη
iliad,2,214,DDDDDA,μάψ ἀτὰρ οὐ κατὰ κόσμον ,ἐριζέμεναι βασιλεῦσιν
iliad,2,215,DSDDSA,ἀλλ ὅ τι οἱ εἴσαιτο ,γελοίϊον ἀργείοισιν
iliad,2,216,DSDDDA,ἔμμεναι αἴσχιστος ,δὲ ἀνὴρ ὑπὸ ἴλιον ἦλθε
iliad,2,217,DSDDDA,φολκὸς ἔην χωλὸς ,δ ἕτερον πόδα τὼ δέ οἱ ὤμω
iliad,2,218,DSDDDA,κυρτὼ ἐπὶ στῆθος ,συνοχωκότε αὐτὰρ ὕπερθε
iliad,2,219,DDSDDA,φοξὸς ἔην κεφαλήν ,ψεδνὴ δ ἐπενήνοθε λάχνη
iliad,2,220,SDDSDA,ἔχθιστος δ ἀχιλῆϊ ,μάλιστ ἦν ἠδ ὀδυσῆϊ
iliad,2,221,SSDDDA,τὼ γὰρ νεικείεσκε ,τότ αὖτ ἀγαμέμνονι δίῳ
iliad,2,222,DSDDDA,ὀξέα κεκλήγων ,λέγ ὀνείδεα τῷ δ ἄρ ἀχαιοὶ
iliad,2,223,SDDSDA,ἐκπάγλως κοτέοντο ,νεμέσσηθέν τ ἐνὶ θυμῷ
iliad,2,224,DDDDDA,αὐτὰρ ὃ μακρὰ βοῶν ,ἀγαμέμνονα νείκεε μύθῳ
iliad,2,225,DDDDDA,‘ἀτρεΐδη τέο δ αὖτ ,ἐπιμέμφεαι ἠδὲ χατίζεις
iliad,2,226,SSDSDA,πλεῖαί τοι χαλκοῦ ,κλισίαι πολλαὶ δὲ γυναῖκες
iliad,2,227,DDSDDA,εἰσὶν ἐνὶ κλισίῃς ,ἐξαίρετοι ἅς τοι ἀχαιοὶ
iliad,2,228,SDSDDA,πρωτίστῳ δίδομεν ,εὖτ ἂν πτολίεθρον ἕλωμεν
iliad,2,229,DSDDDA,ἦ ἔτι καὶ χρυσοῦ ,ἐπιδεύεαι ὅν κέ τις οἴσει
iliad,2,230,SDSDDA,τρώων ἱπποδάμων ,ἐξ ἰλίου υἷος ἄποινα
iliad,2,231,DSDSDA,ὅν κεν ἐγὼ δήσας ,ἀγάγω ἢ ἄλλος ἀχαιῶν
iliad,2,232,DDDDDA,ἠὲ γυναῖκα νέην ,ἵνα μίσγεαι ἐν φιλότητι
iliad,2,233,SDDDDA,ἥν τ αὐτὸς ἀπονόσφι ,κατίσχεαι οὐ μὲν ἔοικεν
iliad,2,234,DDDDDA,ἀρχὸν ἐόντα κακῶν ,ἐπιβασκέμεν υἷας ἀχαιῶν
iliad,2,235,DDDDDA,ὦ πέπονες κάκ ἐλέγχε ,ἀχαιΐδες οὐκέτ ἀχαιοὶ
iliad,2,236,DSDDDA,οἴκαδέ περ σὺν νηυσὶ ,νεώμεθα τόνδε δ ἐῶμεν
iliad,2,237,DSDDDA,αὐτοῦ ἐνὶ τροίῃ ,γέρα πεσσέμεν ὄφρα ἴδηται
iliad,2,238,DSDDDA,ἤ ῥά τί οἱ χἠμεῖς ,προσαμύνομεν ἦε καὶ οὐκί
iliad,2,239,SDDDDA,ὃς καὶ νῦν ἀχιλῆα ,ἕο μέγ ἀμείνονα φῶτα
iliad,2,240,SDDDDA,ἠτίμησεν ἑλὼν ,γὰρ ἔχει γέρας αὐτὸς ἀπούρας
iliad,2,241,DDDDDA,ἀλλὰ μάλ οὐκ ἀχιλῆϊ ,χόλος φρεσίν ἀλλὰ μεθήμων
iliad,2,242,DDSDSA,ἦ γὰρ ἂν ἀτρεΐδη ,νῦν ὕστατα λωβήσαιο
iliad,2,243,DSDDDA,ὣς φάτο νεικείων ,ἀγαμέμνονα ποιμένα λαῶν
iliad,2,244,SSDDDA,θερσίτης τῷ δ ὦκα ,παρίστατο δῖος ὀδυσσεύς
iliad,2,245,DDDSDA,καί μιν ὑπόδρα ἰδὼν ,χαλεπῷ ἠνίπαπε μύθῳ
iliad,2,246,SDDDDA,‘θερσῖτ ἀκριτόμυθε ,λιγύς περ ἐὼν ἀγορητής
iliad,2,247,DDDDDA,ἴσχεο μηδ ἔθελ οἶος ,ἐριζέμεναι βασιλεῦσιν
iliad,2,248,DDDDDA,οὐ γὰρ ἐγὼ σέο φημὶ ,χερειότερον βροτὸν ἄλλον
iliad,2,249,DDDDDA,ἔμμεναι ὅσσοι ἅμ ἀτρεΐδῃς ,ὑπὸ ἴλιον ἦλθον
iliad,2,250,SDDDDA,τὼ οὐκ ἂν βασιλῆας ,ἀνὰ στόμ ἔχων ἀγορεύοις
iliad,2,251,DDDSDA,καί σφιν ὀνείδεά τε ,προφέροις νόστόν τε φυλάσσοις
iliad,2,252,DDDSDA,οὐδέ τί πω σάφα ἴδμεν ,ὅπως ἔσται τάδε ἔργα
iliad,2,253,SDSDDA,ἢ εὖ ἦε κακῶς ,νοστήσομεν υἷες ἀχαιῶν
iliad,2,254,SDDDDA,τὼ νῦν ἀτρεΐδῃ ,ἀγαμέμνονι ποιμένι λαῶν
iliad,2,255,DSDDDA,ἧσαι ὀνειδίζων ,ὅτι οἱ μάλα πολλὰ διδοῦσιν
iliad,2,256,SDDDDA,ἥρωες δαναοί ,σὺ δὲ κερτομέων ἀγορεύεις
iliad,2,257,SDDDDA,ἀλλ ἔκ τοι ἐρέω ,τὸ δὲ καὶ τετελεσμένον ἔσται
iliad,2,258,DSDDDA,εἴ κ ἔτι σ ἀφραίνοντα ,κιχήσομαι ὥς νύ περ ὧδε
iliad,2,259,DDDSDA,μηκέτ ἔπειτ ὀδυσῆϊ ,κάρη ὤμοισιν ἐπείη
iliad,2,260,DDDSDA,μηδ ἔτι τηλεμάχοιο ,πατὴρ κεκλημένος εἴην
iliad,2,261,DDDDDA,εἰ μὴ ἐγώ σε λαβὼν ,ἀπὸ μὲν φίλα εἵματα δύσω
iliad,2,262,SDDSDA,χλαῖνάν τ ἠδὲ χιτῶνα ,τά τ αἰδῶ ἀμφικαλύπτει
iliad,2,263,SSDDDA,αὐτὸν δὲ κλαίοντα ,θοὰς ἐπὶ νῆας ἀφήσω
iliad,2,264,SDDSSA,πεπλήγων ἀγορῆθεν ,ἀεικέσσι πληγῇσιν
iliad,2,265,DSDDDA,ὣς ἄρ ἔφη σκήπτρῳ ,δὲ μετάφρενον ἠδὲ καὶ ὤμω
iliad,2,266,DSDDDA,πλῆξεν ὃ δ ἰδνώθη ,θαλερὸν δέ οἱ ἔκπεσε δάκρυ
iliad,2,267,SDDDDA,σμῶδιξ δ αἱματόεσσα ,μεταφρένου ἐξυπανέστη
iliad,2,268,SDDDSA,σκήπτρου ὕπο χρυσέου ,ὃ δ ἄρ ἕζετο τάρβησέν τε
iliad,2,269,SSDDDA,ἀλγήσας δ ἀχρεῖον ,ἰδὼν ἀπομόρξατο δάκρυ
iliad,2,270,DDDSDA,οἳ δὲ καὶ ἀχνύμενοί ,περ ἐπ αὐτῷ ἡδὺ γέλασσαν
iliad,2,271,DSDSDA,ὧδε δέ τις εἴπεσκεν ,ἰδὼν ἐς πλησίον ἄλλον
iliad,2,272,DSDSDA,‘ὢ πόποι ἦ δὴ μυρί ,ὀδυσσεὺς ἐσθλὰ ἔοργε
iliad,2,273,SSDDDA,βουλάς τ ἐξάρχων ,ἀγαθὰς πόλεμόν τε κορύσσων
iliad,2,274,DDDSDA,νῦν δὲ τόδε μέγ ἄριστον ,ἐν ἀργείοισιν ἔρεξεν
iliad,2,275,SSDDDA,ὃς τὸν λωβητῆρα ,ἐπεσβόλον ἔσχ ἀγοράων
iliad,2,276,SDDSDA,οὔ θήν μιν πάλιν αὖτις ,ἀνήσει θυμὸς ἀγήνωρ
iliad,2,277,SDDSDA,νεικείειν βασιλῆας ,ὀνειδείοις ἐπέεσσιν
iliad,2,278,DSDDDA,ὣς φάσαν ἣ πληθύς ,ἀνὰ δ ὃ πτολίπορθος ὀδυσσεὺς
iliad,2,279,SDDSDA,ἔστη σκῆπτρον ἔχων ,παρὰ δὲ γλαυκῶπις ἀθήνη
iliad,2,280,DSDSDA,εἰδομένη κήρυκι ,σιωπᾶν λαὸν ἀνώγει
iliad,2,281,DSDDDA,ὡς ἅμα θ οἳ πρῶτοί ,τε καὶ ὕστατοι υἷες ἀχαιῶν
iliad,2,282,DSDSDA,μῦθον ἀκούσειαν ,καὶ ἐπιφρασσαίατο βουλήν
iliad,2,283,DDDDDA,ὅ σφιν ἐὺ φρονέων ,ἀγορήσατο καὶ μετέειπεν
iliad,2,284,DSDDDA,‘ἀτρεΐδη νῦν δή ,σε ἄναξ ἐθέλουσιν ἀχαιοὶ
iliad,2,285,DSDDDA,πᾶσιν ἐλέγχιστον ,θέμεναι μερόπεσσι βροτοῖσιν
iliad,2,286,DDDDDA,οὐδέ τοι ἐκτελέουσιν ,ὑπόσχεσιν ἥν περ ὑπέσταν
iliad,2,287,DSDDDA,ἐνθάδ ἔτι στείχοντες ,ἀπ ἄργεος ἱπποβότοιο
iliad,2,288,DSSDDA,ἴλιον ἐκπέρσαντ ,εὐτείχεον ἀπονέεσθαι
iliad,2,289,DSDSDA,ὥς τε γὰρ ἢ παῖδες ,νεαροὶ χῆραί τε γυναῖκες
iliad,2,290,SDSSDA,ἀλλήλοισιν ὀδύρονται ,οἶκον δὲ νέεσθαι
iliad,2,291,SDDSDA,ἦ μὴν καὶ πόνος ἐστὶν ,ἀνιηθέντα νέεσθαι
iliad,2,292,SDDDDA,καὶ γάρ τίς θ ἕνα μῆνα ,μένων ἀπὸ ἧς ἀλόχοιο
iliad,2,293,DSDDDA,ἀσχαλάᾳ σὺν νηῒ ,πολυζύγῳ ὅν περ ἄελλαι
iliad,2,294,DSDDDA,χειμέριαι εἰλέωσιν ,ὀρινομένη τε θάλασσα
iliad,2,295,SDDDDA,ἡμῖν δ εἴνατός ἐστι ,περιτροπέων ἐνιαυτὸς
iliad,2,296,DSDDDA,ἐνθάδε μιμνόντεσσι ,τὼ οὐ νεμεσίζομ ἀχαιοὺς
iliad,2,297,DDDDDA,ἀσχαλάαν παρὰ νηυσὶ ,κορωνίσιν ἀλλὰ καὶ ἔμπης
iliad,2,298,SSDDDA,αἰσχρόν τοι δηρόν ,τε μένειν κενεόν τε νέεσθαι
iliad,2,299,DSDDDA,τλῆτε φίλοι καὶ μείνατ ,ἐπὶ χρόνον ὄφρα δαῶμεν
iliad,2,300,DSSDDA,ἢ ἐτεὸν κάλχας ,μαντεύεται ἦε καὶ οὐκί
iliad,2,301,SDDDDA,εὖ γὰρ δὴ τόδε ἴδμεν ,ἐνὶ φρεσίν ἐστὲ δὲ πάντες
iliad,2,302,DSDDDA,μάρτυροι οὓς μὴ κῆρες ,ἔβαν θανάτοιο φέρουσαι
iliad,2,303,DSDDDA,χθιζά τε καὶ πρωΐζ ,ὅτ ἐς αὐλίδα νῆες ἀχαιῶν
iliad,2,304,DDDSDA,ἠγερέθοντο κακὰ ,πριάμῳ καὶ τρωσὶ φέρουσαι
iliad,2,305,SDSDDA,ἡμεῖς δ ἀμφὶ περὶ ,κρήνην ἱεροὺς κατὰ βωμοὺς
iliad,2,306,DDDSDA,ἕρδομεν ἀθανάτοισι ,τεληέσσας ἑκατόμβας
iliad,2,307,DDDDDA,καλῇ ὑπὸ πλατανίστῳ ,ὅθεν ῥέεν ἀγλαὸν ὕδωρ
iliad,2,308,DDDDDA,ἔνθ ἐφάνη μέγα σῆμα ,δράκων ἐπὶ νῶτα δαφοινὸς
iliad,2,309,DSDDDA,σμερδαλέος τόν ῥ αὐτὸς ,ὀλύμπιος ἧκε φόως δέ
iliad,2,310,DSSDDA,βωμοῦ ὑπαΐξας ,πρός ῥα πλατάνιστον ὄρουσεν
iliad,2,311,DSDSDA,ἔνθα δ ἔσαν στρουθοῖο ,νεοσσοί νήπια τέκνα
iliad,2,312,DDDDSA,ὄζῳ ἐπ ἀκροτάτῳ ,πετάλοις ὑποπεπτηῶτες
iliad,2,313,DSDSDA,ὀκτώ ἀτὰρ μήτηρ ,ἐνάτη ἦν ἣ τέκε τέκνα
iliad,2,314,DDDSDA,ἔνθ ὅ γε τοὺς ἐλεεινὰ ,κατήσθιε τετριγῶτας
iliad,2,315,SDDDDA,μήτηρ δ ἀμφεποτᾶτο ,ὀδυρομένη φίλα τέκνα
iliad,2,316,DDDDDA,τὴν δ ἐλελιξάμενος ,πτέρυγος λάβεν ἀμφιαχυῖαν
iliad,2,317,DDDSDA,αὐτὰρ ἐπεὶ κατὰ τέκνα ,φάγε στρουθοῖο καὶ αὐτήν
iliad,2,318,DSSDDA,τὸν μὲν ἀρίζηλον ,θῆκεν θεὸς ὅς περ ἔφηνε
iliad,2,319,SDDDDA,λᾶαν γάρ μιν ἔθηκε ,κρόνου πάϊς ἀγκυλομήτεω
iliad,2,320,SDSDDA,ἡμεῖς δ ἑσταότες ,θαυμάζομεν οἷον ἐτύχθη
iliad,2,321,SDDSDA,ὡς οὖν δεινὰ πέλωρα ,θεῶν εἰσῆλθ ἑκατόμβας
iliad,2,322,SDSDDA,κάλχας δ αὐτίκ ἔπειτα θεοπροπέων ,ἀγόρευε
iliad,2,323,DDDDDA,τίπτ ἄνεῳ ἐγένεσθε ,κάρη κομόωντες ἀχαιοί
iliad,2,324,SDDDDA,ἡμῖν μὲν τόδ ἔφηνε ,τέρας μέγα μητίετα ζεὺς
iliad,2,325,DDDDDA,ὄψιμον ὀψιτέλεστον ,ὅου κλέος οὔ ποτ ὀλεῖται
iliad,2,326,SDDSDA,ὡς οὗτος κατὰ τέκνα ,φάγε στρουθοῖο καὶ αὐτὴν
iliad,2,327,DSDSDA,ὀκτώ ἀτὰρ μήτηρ ,ἐνάτη ἦν ἣ τέκε τέκνα
iliad,2,328,SSDDDA,ὣς ἡμεῖς τοσσαῦτ ,ἔτεα πτολεμίξομεν αὖθι
iliad,2,329,DDSDDA,τῷ δεκάτῳ δὲ πόλιν ,αἱρήσομεν εὐρυάγυιαν
iliad,2,330,SDDSDA,κεῖνος τὼς ἀγόρευε ,τὰ δὴ νῦν πάντα τελεῖται
iliad,2,331,DDDSDA,ἀλλ ἄγε μίμνετε πάντες ,ἐϋκνήμιδες ἀχαιοὶ
iliad,2,332,SDDDDA,αὐτοῦ εἰς ὅ κεν ἄστυ ,μέγα πριάμοιο ἕλωμεν
iliad,2,333,DSDDDA,ὣς ἔφατ ἀργεῖοι ,δὲ μέγ ἴαχον ἀμφὶ δὲ νῆες
iliad,2,334,DDDSDA,σμερδαλέον κονάβησαν ,ἀϋσάντων ὑπ ἀχαιῶν
iliad,2,335,DSDSSA,μῦθον ἐπαινήσαντες ,ὀδυσσῆος θείοιο
iliad,2,336,DDDDDA,τοῖσι δὲ καὶ μετέειπε ,γερήνιος ἱππότα νέστωρ
iliad,2,337,DSDDDA,‘ὦ πόποι ἦ δὴ παισὶν ,ἐοικότες ἀγοράασθε
iliad,2,338,DSDDDA,νηπιάχοις οἷς οὔ ,τι μέλει πολεμήϊα ἔργα
iliad,2,339,SDDDDA,πῇ δὴ συνθεσίαι ,τε καὶ ὅρκια βήσεται ἥμιν
iliad,2,340,DSDDDA,ἐν πυρὶ δὴ βουλαί ,τε γενοίατο μήδεά τ ἀνδρῶν
iliad,2,341,SSSDDA,σπονδαί τ ἄκρητοι ,καὶ δεξιαί ᾗς ἐπέπιθμεν
iliad,2,342,SDDDDA,αὔτως γὰρ ἐπέεσσ ,ἐριδαίνομεν οὐδέ τι μῆχος
iliad,2,343,DDDDDA,εὑρέμεναι δυνάμεσθα ,πολὺν χρόνον ἐνθάδ ἐόντες
iliad,2,344,DDDSDA,ἀτρεΐδη σὺ δ ἔθ ὡς ,πρὶν ἔχων ἀστεμφέα βουλὴν
iliad,2,345,SSDDSA,ἄρχευ ἀργείοισι ,κατὰ κρατερὰς ὑσμίνας
iliad,2,346,DDDDDA,τούσδε δ ἔα φθινύθειν ,ἕνα καὶ δύο τοί κεν ἀχαιῶν
iliad,2,347,SSDSDA,νόσφιν βουλεύωσ ,ἄνυσις δ οὐκ ἔσσεται αὐτῶν
iliad,2,348,SDSDDA,πρὶν ἄργος δ ἰέναι ,πρὶν καὶ διὸς αἰγιόχοιο
iliad,2,349,DSDDDA,γνώμεναι εἴ τε ψεῦδος ,ὑπόσχεσις εἴ τε καὶ οὐκί
iliad,2,350,DDDDDA,φημὶ γὰρ οὖν κατανεῦσαι ,ὑπερμενέα κρονίωνα
iliad,2,351,DDDDDA,ἤματι τῷ ὅτε νηυσὶν ,ἐν ὠκυπόροισιν ἔβαινον
iliad,2,352,SSDSDA,ἀργεῖοι τρώεσσι ,φόνον καὶ κῆρα φέροντες
iliad,2,353,SDDDDA,ἀστράπτων ἐπιδέξι ,ἐναίσιμα σήματα φαίνων
iliad,2,354,SDSSDA,τὼ μή τις πρὶν ἐπειγέσθω ,οἶκον δὲ νέεσθαι
iliad,2,355,DSDDSA,πρίν τινα πὰρ τρώων ,ἀλόχῳ κατακοιμηθῆναι
iliad,2,356,SDSDDA,τίσασθαι δ ἑλένης ,ὁρμήματά τε στοναχάς τε
iliad,2,357,DSDSDA,εἰ δέ τις ἐκπάγλως ,ἐθέλει οἶκον δὲ νέεσθαι
iliad,2,358,SSDSDA,ἁπτέσθω ἧς νηὸς ,ἐϋσσέλμοιο μελαίνης
iliad,2,359,SSDSDA,ὄφρα πρόσθ ἄλλων ,θάνατον καὶ πότμον ἐπίσπῃ
iliad,2,360,DSSDDA,ἀλλὰ ἄναξ αὐτός ,τ εὖ μήδεο πείθεό τ ἄλλῳ
iliad,2,361,DSDDDA,οὔ τοι ἀπόβλητον ,ἔπος ἔσσεται ὅττί κεν εἴπω
iliad,2,362,SDDSDA,κρῖν ἄνδρας κατὰ φῦλα ,κατὰ φρήτρας ἀγάμεμνον
iliad,2,363,SSDSDA,ὡς φρήτρη φρήτρηφιν ,ἀρήγῃ φῦλα δὲ φύλοις
iliad,2,364,DSSSDA,εἰ δέ κεν ὣς ἕρξῃς ,καί τοι πείθωνται ἀχαιοί
iliad,2,365,DSDDDA,γνώσῃ ἔπειθ ὅς θ ἡγεμόνων ,κακὸς ὅς τέ νυ λαῶν
iliad,2,366,SDDSDA,ἠδ ὅς κ ἐσθλὸς ἔῃσι ,κατὰ σφέας γὰρ μαχέονται
iliad,2,367,SSDDDA,γνώσεαι δ εἰ καὶ θεσπεσίῃ ,πόλιν οὐκ ἀλαπάξεις
iliad,2,368,SDDDDA,ἦ ἀνδρῶν κακότητι ,καὶ ἀφραδίῃ πολέμοιο
iliad,2,369,DDDSDA,τὸν δ ἀπαμειβόμενος ,προσέφη κρείων ἀγαμέμνων
iliad,2,370,SDSDDA,‘ἦ μὰν αὖτ ἀγορῇ ,νικᾷς γέρον υἷας ἀχαιῶν
iliad,2,371,SDDSDA,αἲ γὰρ ζεῦ τε πάτερ ,καὶ ἀθηναίη καὶ ἄπολλον
iliad,2,372,SDSDDA,τοιοῦτοι δέκα μοι ,συμφράδμονες εἶεν ἀχαιῶν
iliad,2,373,DSDDDA,τώ κε τάχ ἠμύσειε ,πόλις πριάμοιο ἄνακτος
iliad,2,374,DDDDDA,χερσὶν ὑφ ἡμετέρῃσιν ,ἁλοῦσά τε περθομένη τε
iliad,2,375,DDDSDA,ἀλλά μοι αἰγίοχος ,κρονίδης ζεὺς ἄλγε ἔδωκεν
iliad,2,376,DSDSDA,ὅς με μετ ἀπρήκτους ,ἔριδας καὶ νείκεα βάλλει
iliad,2,377,DDDDDA,καὶ γὰρ ἐγὼν ἀχιλεύς ,τε μαχεσσάμεθ εἵνεκα κούρης
iliad,2,378,DDDSDA,ἀντιβίοις ἐπέεσσιν ,ἐγὼ δ ἦρχον χαλεπαίνων
iliad,2,379,DDSDDA,εἰ δέ ποτ ἔς γε μίαν ,βουλεύσομεν οὐκέτ ἔπειτα
iliad,2,380,DSDDSA,τρωσὶν ἀνάβλησις ,κακοῦ ἔσσεται οὐδ ἠβαιόν
iliad,2,381,SDDDDA,νῦν δ ἔρχεσθ ἐπὶ δεῖπνον ,ἵνα ξυνάγωμεν ἄρηα
iliad,2,382,SDSSDA,εὖ μέν τις δόρυ θηξάσθω ,εὖ δ ἀσπίδα θέσθω
iliad,2,383,DSSDDA,εὖ δέ τις ἵπποισιν ,δεῖπνον δότω ὠκυπόδεσσιν
iliad,2,384,DDDDDA,εὖ δέ τις ἅρματος ἀμφὶς ,ἰδὼν πολέμοιο μεδέσθω
iliad,2,385,DDDSDA,ὥς κε πανημέριοι ,στυγερῷ κρινώμεθ ἄρηϊ
iliad,2,386,SSDDSA,οὐ γὰρ παυσωλή ,γε μετέσσεται οὐδ ἠβαιὸν
iliad,2,387,SSDDDA,εἰ μὴ νὺξ ἐλθοῦσα ,διακρινέει μένος ἀνδρῶν
iliad,2,388,SSDSSA,ἱδρώσει μέν τευ ,τελαμὼν ἀμφὶ στήθεσφιν
iliad,2,389,DDDDDA,ἀσπίδος ἀμφιβρότης ,περὶ δ ἔγχεϊ χεῖρα καμεῖται
iliad,2,390,SDDDDA,ἱδρώσει δέ τευ ἵππος ,ἐΰξοον ἅρμα τιταίνων
iliad,2,391,DDDDDA,ὃν δέ κ ἐγὼν ἀπάνευθε ,μάχης ἐθέλοντα νοήσω
iliad,2,392,SDDDDA,μιμνάζειν παρὰ νηυσὶ ,κορωνίσιν οὔ οἱ ἔπειτα
iliad,2,393,DSDDSA,ἄρκιον ἐσσεῖται ,φυγέειν κύνας ἠδ οἰωνούς
iliad,2,394,DSDDDA,ὣς ἔφατ ἀργεῖοι ,δὲ μέγ ἴαχον ὡς ὅτε κῦμα
iliad,2,395,DSDSDA,ἀκτῇ ἐφ ὑψηλῇ ,ὅτε κινήσῃ νότος ἐλθών
iliad,2,396,SDSDDA,προβλῆτι σκοπέλῳ ,τὸν δ οὔ ποτε κύματα λείπει
iliad,2,397,SDDSDA,παντοίων ἀνέμων ,ὅτ ἂν ἔνθ ἢ ἔνθα γένωνται
iliad,2,398,SDDSDA,ἀνστάντες δ ὀρέοντο ,κεδασθέντες κατὰ νῆας
iliad,2,399,SDDSDA,κάπνισσάν τε κατὰ ,κλισίας καὶ δεῖπνον ἕλοντο
iliad,2,400,SDDSDA,ἄλλος δ ἄλλῳ ἔρεζε ,θεῶν αἰειγενετάων
iliad,2,401,DDDSDA,εὐχόμενος θάνατόν ,τε φυγεῖν καὶ μῶλον ἄρηος
iliad,2,402,DDDSDA,αὐτὰρ ὃ βοῦν ἱέρευσε ,ἄναξ ἀνδρῶν ἀγαμέμνων
iliad,2,403,DDDDDA,πίονα πενταέτηρον ,ὑπερμενέϊ κρονίωνι
iliad,2,404,SDDSDA,κίκλησκεν δὲ γέροντας ,ἀριστῆας παναχαιῶν
iliad,2,405,DSDDDA,νέστορα μὲν πρώτιστα ,καὶ ἰδομενῆα ἄνακτα
iliad,2,406,DSDSDA,αὐτὰρ ἔπειτ αἴαντε ,δύω καὶ τυδέος υἱόν
iliad,2,407,SDDSDA,ἕκτον δ αὖτ ὀδυσῆα ,διὶ μῆτιν ἀτάλαντον
iliad,2,408,DDDDDA,αὐτόματος δέ οἱ ἦλθε ,βοὴν ἀγαθὸς μενέλαος
iliad,2,409,DDDDDA,ᾔδεε γὰρ κατὰ θυμὸν ,ἀδελφεὸν ὡς ἐπονεῖτο
iliad,2,410,DSDDDA,βοῦν δὲ περιστήσαντο ,καὶ οὐλοχύτας ἀνέλοντο
iliad,2,411,SDDSDA,τοῖσιν δ εὐχόμενος ,μετέφη κρείων ἀγαμέμνων
iliad,2,412,SDDDDA,‘ζεῦ κύδιστε μέγιστε ,κελαινεφὲς αἰθέρι ναίων
iliad,2,413,DDSDDA,μὴ πρὶν ἐπ ἠέλιον ,δῦναι καὶ ἐπὶ κνέφας ἐλθεῖν
iliad,2,414,DSDDDA,πρίν με κατὰ πρηνὲς ,βαλέειν πριάμοιο μέλαθρον
iliad,2,415,NNNNNN,NA,NA
iliad,2,416,DDDSDA,ἑκτόρεον δὲ χιτῶνα ,περὶ στήθεσσι δαΐξαι
iliad,2,417,SDDSDA,χαλκῷ ῥωγαλέον ,πολέες δ ἀμφ αὐτὸν ἑταῖροι
iliad,2,418,DDDSDA,πρηνέες ἐν κονίῃσιν ,ὀδὰξ λαζοίατο γαῖαν
iliad,2,419,DDDSDA,ὣς ἔφατ οὐδ ἄρα πώ ,οἱ ἐπεκραίαινε κρονίων
iliad,2,420,DDDDDA,ἀλλ ὅ γε δέκτο μὲν ἱρά ,πόνον δ ἀμέγαρτον ὄφελλεν
iliad,2,421,DSDDDA,αὐτὰρ ἐπεί ῥ εὔξαντο ,καὶ οὐλοχύτας προβάλοντο
iliad,2,422,DSDSDA,αὐέρυσαν μὲν πρῶτα ,καὶ ἔσφαξαν καὶ ἔδειραν
iliad,2,423,SDDSDA,μηρούς τ ἐξέταμον ,κατά τε κνίσῃ ἐκάλυψαν
iliad,2,424,DSDSDA,δίπτυχα ποιήσαντες ,ἐπ αὐτῶν δ ὠμοθέτησαν
iliad,2,425,DSDSDA,καὶ τὰ μὲν ἂρ σχίζῃσιν ,ἀφύλλοισιν κατέκαιον
iliad,2,426,DSDDSA,σπλάγχνα δ ἄρ ἀμπείραντες ,ὑπείρεχον ἡφαίστοιο
iliad,2,427,DDDSDA,αὐτὰρ ἐπεὶ κατὰ μῆρε ,κάη καὶ σπλάγχνα πάσαντο
iliad,2,428,SDDDDA,μίστυλλόν τ ἄρα τἆλλα ,καὶ ἀμφ ὀβελοῖσιν ἔπειραν
iliad,2,429,SDDDDA,ὤπτησάν τε περιφραδέως ,ἐρύσαντό τε πάντα
iliad,2,430,DSDDDA,αὐτὰρ ἐπεὶ παύσαντο ,πόνου τετύκοντό τε δαῖτα
iliad,2,431,SDDDDA,δαίνυντ οὐδέ τι θυμὸς ,ἐδεύετο δαιτὸς ἐΐσης
iliad,2,432,DDDDDA,αὐτὰρ ἐπεὶ πόσιος ,καὶ ἐδητύος ἐξ ἔρον ἕντο
iliad,2,433,DSDDDA,τοῖς ἄρα μύθων ἦρχε ,γερήνιος ἱππότα νέστωρ
iliad,2,434,DSDSDA,‘ἀτρεΐδη κύδιστε ,ἄναξ ἀνδρῶν ἀγάμεμνον
iliad,2,435,DSDDDA,μηκέτι νῦν δήθ αὖθι ,λεγώμεθα μηδ ἔτι δηρὸν
iliad,2,436,SDDDDA,ἀμβαλλώμεθα ἔργον ,ὃ δὴ θεὸς ἐγγυαλίζει
iliad,2,437,DSDSDA,ἀλλ ἄγε κήρυκες ,μὲν ἀχαιῶν χαλκοχιτώνων
iliad,2,438,SSDSDA,λαὸν κηρύσσοντες ,ἀγειρόντων κατὰ νῆας
iliad,2,439,SDDDDA,ἡμεῖς δ ἀθρόοι ὧδε ,κατὰ στρατὸν εὐρὺν ἀχαιῶν
iliad,2,440,DDDDDA,ἴομεν ὄφρα κε θᾶσσον ,ἐγείρομεν ὀξὺν ἄρηα
iliad,2,441,DDDSDA,ὣς ἔφατ οὐδ ἀπίθησεν ,ἄναξ ἀνδρῶν ἀγαμέμνων
iliad,2,442,DSDSDA,αὐτίκα κηρύκεσσι ,λιγυφθόγγοισι κέλευσε
iliad,2,443,SDDDDA,κηρύσσειν πόλεμον ,δὲ κάρη κομόωντας ἀχαιούς
iliad,2,444,DSSSDA,οἳ μὲν ἐκήρυσσον ,τοὶ δ ἠγείροντο μάλ ὦκα
iliad,2,445,SDSDDA,οἳ δ ἀμφ ἀτρεΐωνα διοτρεφέες ,βασιλῆες
iliad,2,446,SSDSDA,θῦνον κρίνοντες ,μετὰ δὲ γλαυκῶπις ἀθήνη
iliad,2,447,DDDSDA,αἰγίδ ἔχουσ ἐρίτιμον ,ἀγήρων ἀθανάτην τε
iliad,2,448,DDSDDA,τῆς ἑκατὸν θύσανοι ,παγχρύσεοι ἠερέθονται
iliad,2,449,DDDSDA,πάντες ἐϋπλεκέες ,ἑκατόμβοιος δὲ ἕκαστος
iliad,2,450,SSDDDA,σὺν τῇ παιφάσσουσα ,διέσσυτο λαὸν ἀχαιῶν
iliad,2,451,SDSDDA,ὀτρύνουσ ἰέναι ,ἐν δὲ σθένος ὦρσεν ἑκάστῳ
iliad,2,452,DSDSDA,καρδίῃ ἄλληκτον ,πολεμίζειν ἠδὲ μάχεσθαι
iliad,2,453,DDDDDA,τοῖσι δ ἄφαρ πόλεμος ,γλυκίων γένετ ἠὲ νέεσθαι
iliad,2,454,SDDSDA,ἐν νηυσὶ γλαφυρῇσι ,φίλην ἐς πατρίδα γαῖαν
iliad,2,455,DDDDDA,ἠΰτε πῦρ ἀΐδηλον ,ἐπιφλέγει ἄσπετον ὕλην
iliad,2,456,DDDDDA,οὔρεος ἐν κορυφῇς ,ἕκαθεν δέ τε φαίνεται αὐγή
iliad,2,457,SDDSDA,ὣς τῶν ἐρχομένων ,ἀπὸ χαλκοῦ θεσπεσίοιο
iliad,2,458,SDDDDA,αἴγλη παμφανόωσα ,δι αἰθέρος οὐρανὸν ἷκε
iliad,2,459,SSDSDA,τῶν δ ὥς τ ὀρνίθων ,πετεηνῶν ἔθνεα πολλὰ
iliad,2,460,SDSSDA,χηνῶν ἢ γεράνων ,ἢ κύκνων δουλιχοδείρων
iliad,2,461,DSDDSA,ἀσίω ἐν λειμῶνι ,καϋστρίου ἀμφὶ ῥέεθρα
iliad,2,462,DDDDDA,ἔνθα καὶ ἔνθα ποτῶνται ,ἀγαλλόμενα πτερύγεσσι
iliad,2,463,SDSDDA,κλαγγηδὸν προκαθιζόντων ,σμαραγεῖ δέ τε λειμών
iliad,2,464,SDDDDA,ὣς τῶν ἔθνεα πολλὰ ,νεῶν ἄπο καὶ κλισιάων
iliad,2,465,NNNNNN,NA,NA
iliad,2,466,DDDSDA,σμερδαλέον κονάβιζε ,ποδῶν αὐτῶν τε καὶ ἵππων
iliad,2,467,NNNNNN,NA,NA
iliad,2,468,DDDDDA,μυρίοι ὅσσά τε φύλλα ,καὶ ἄνθεα γίγνεται ὥρῃ
iliad,2,469,DSDSDA,ἠΰτε μυιάων ,ἁδινάων ἔθνεα πολλὰ
iliad,2,470,DSSDSA,αἵ τε κατὰ σταθμὸν ,ποιμνήϊον ἠλάσκουσιν
iliad,2,471,DDDDDA,ὥρῃ ἐν εἰαρινῇ ,ὅτε τε γλάγος ἄγγεα δεύει
iliad,2,472,DSDDDA,τόσσοι ἐπὶ τρώεσσι ,κάρη κομόωντες ἀχαιοὶ
iliad,2,473,DSDSDA,ἐν πεδίῳ ἵσταντο ,διαρραῖσαι μεμαῶτες
iliad,2,474,SDDSDA,τοὺς δ ὥς τ αἰπόλια ,πλατέ αἰγῶν αἰπόλοι ἄνδρες
iliad,2,475,SDDDDA,ῥεῖα διακρίνωσιν ,ἐπεί κε νομῷ μιγέωσιν
iliad,2,476,SDDDDA,ὣς τοὺς ἡγεμόνες ,διεκόσμεον ἔνθα καὶ ἔνθα
iliad,2,477,SDDSDA,ὑσμίνην δ ἰέναι ,μετὰ δὲ κρείων ἀγαμέμνων
iliad,2,478,DDDDDA,ὄμματα καὶ κεφαλὴν ,ἴκελος διὶ τερπικεραύνῳ
iliad,2,479,DSSDSA,ἄρεϊ δὲ ζώνην ,στέρνον δὲ ποσειδάωνι
iliad,2,480,DDDDDA,ἠΰτε βοῦς ἀγέληφι ,μέγ ἔξοχος ἔπλετο πάντων
iliad,2,481,DDDDDA,ταῦρος ὃ γάρ τε βόεσσι ,μεταπρέπει ἀγρομένῃσι
iliad,2,482,DDSSDA,τοῖον ἄρ ἀτρεΐδην ,θῆκε ζεὺς ἤματι κείνῳ
iliad,2,483,DSDDSA,ἐκπρεπέ ἐν πολλοῖσι ,καὶ ἔξοχον ἡρώεσσιν
iliad,2,484,DSDDDA,ἔσπετε νῦν μοι μοῦσαι ,ὀλύμπια δώματ ἔχουσαι
iliad,2,485,SDDDDA,ὑμεῖς γὰρ θεαί ἐστε ,πάρεστέ τε ἴστέ τε πάντα
iliad,2,486,SDDDDA,ἡμεῖς δὲ κλέος οἶον ,ἀκούομεν οὐδέ τι ἴδμεν
iliad,2,487,DDDSDA,οἵ τινες ἡγεμόνες ,δαναῶν καὶ κοίρανοι ἦσαν
iliad,2,488,SDSDDA,πληθὺν δ οὐκ ἂν ἐγὼ ,μυθήσομαι οὐδ ὀνομήνω
iliad,2,489,SDSDDA,οὐδ εἴ μοι δέκα μὲν ,γλῶσσαι δέκα δὲ στόματ εἶεν
iliad,2,490,SSSDDA,φωνὴ δ ἄρρηκτος ,χάλκεον δέ μοι ἦτορ ἐνείη
iliad,2,491,DDSDDA,εἰ μὴ ὀλυμπιάδες ,μοῦσαι διὸς αἰγιόχοιο
iliad,2,492,DSDDDA,θυγατέρες μνησαίαθ ,ὅσοι ὑπὸ ἴλιον ἦλθον
iliad,2,493,SSDSDA,ἀρχοὺς αὖ νηῶν ,ἐρέω νῆάς τε προπάσας
iliad,2,494,SSDSDA,βοιωτῶν μὲν πηνέλεως ,καὶ λήϊτος ἦρχον
iliad,2,495,DSDSDA,ἀρκεσίλαός τε ,προθοήνωρ τε κλονίος τε
iliad,2,496,DDDDSA,οἵ θ ὑρίην ἐνέμοντο ,καὶ αὐλίδα πετρήεσσαν
iliad,2,497,SSDSDA,σχοῖνόν τε σκῶλόν ,τε πολύκνημόν τ ἐτεωνόν
iliad,2,498,SSDDDA,θέσπειαν γραῖάν ,τε καὶ εὐρύχορον μυκαλησσόν
iliad,2,499,SDDDDA,οἵ τ ἀμφ ἅρμ ἐνέμοντο ,καὶ εἰλέσιον καὶ ἐρυθράς
iliad,2,500,DSSSDA,οἵ τ ἐλεῶν εἶχον ,ἠδ ὕλην καὶ πετεῶνα
iliad,2,501,DDDDDA,ὠκαλέην μεδεῶνά ,τ ἐϋκτίμενον πτολίεθρον
iliad,2,502,SSDSDA,κώπας εὔτρησίν ,τε πολυτρήρωνά τε θίσβην
iliad,2,503,DSSSDA,οἵ τε κορώνειαν ,καὶ ποιήενθ ἁλίαρτον
iliad,2,504,NNNNNN,NA,NA
iliad,2,505,DSDDDA,οἵ θ ὑποθήβας εἶχον ,ἐϋκτίμενον πτολίεθρον
iliad,2,506,SDDDDA,ὀγχηστόν θ ἱερὸν ,ποσιδήϊον ἀγλαὸν ἄλσος
iliad,2,507,DDSDDA,οἵ τε πολυστάφυλον ,ἄρνην ἔχον οἵ τε μίδειαν
iliad,2,508,SDSDDA,νῖσάν τε ζαθέην ,ἀνθηδόνα τ ἐσχατόωσαν
iliad,2,509,SSDDDA,τῶν μὲν πεντήκοντα ,νέες κίον ἐν δὲ ἑκάστῃ
iliad,2,510,SSDSDA,κοῦροι βοιωτῶν ,ἑκατὸν καὶ εἴκοσι βαῖνον
iliad,2,511,SDDDDA,οἳ δ ἀσπληδόνα ναῖον ,ἰδ ὀρχομενὸν μινύειον
iliad,2,512,SDDDDA,τῶν ἦρχ ἀσκάλαφος ,καὶ ἰάλμενος υἷες ἄρηος
iliad,2,513,DDDDDA,οὓς τέκεν ἀστυόχη ,δόμῳ ἄκτορος ἀζεΐδαο
iliad,2,514,DSDDDA,παρθένος αἰδοίη ,ὑπερώϊον εἰσαναβᾶσα
iliad,2,515,SDDDDA,ἄρηϊ κρατερῷ ,ὃ δέ οἱ παρελέξατο λάθρῃ
iliad,2,516,DSDDDA,τοῖς δὲ τριήκοντα ,γλαφυραὶ νέες ἐστιχόωντο
iliad,2,517,SSDDDA,αὐτὰρ φωκήων ,σχεδίος καὶ ἐπίστροφος ἦρχον
iliad,2,518,SSDSDA,υἷες ἰφίτου ,μεγαθύμου ναυβολίδαο
iliad,2,519,DDSDSA,οἳ κυπάρισσον ἔχον ,πυθῶνά τε πετρήεσσαν
iliad,2,520,SDSDDA,κρῖσάν τε ζαθέην ,καὶ δαυλίδα καὶ πανοπῆα
iliad,2,521,DSDDDA,οἵ τ ἀνεμώρειαν ,καὶ ὑάμπολιν ἀμφενέμοντο
iliad,2,522,DDSSDA,οἵ τ ἄρα πὰρ ποταμὸν ,κηφισὸν δῖον ἔναιον
iliad,2,523,DDSDSA,οἵ τε λίλαιαν ἔχον ,πηγῇς ἔπι κηφισοῖο
iliad,2,524,DDDSDA,τοῖς δ ἅμα τεσσαράκοντα ,μέλαιναι νῆες ἕποντο
iliad,2,525,SSDDDA,οἳ μὲν φωκήων ,στίχας ἵστασαν ἀμφιέποντες
iliad,2,526,SSDDSA,βοιωτῶν δ ἔμπλην ,ἐπ ἀριστερὰ θωρήσσοντο
iliad,2,527,SDDSDA,λοκρῶν δ ἡγεμόνευεν ,ὀϊλῆος ταχὺς αἴας
iliad,2,528,SDDDDA,μείων οὔ τι τόσος ,γε ὅσος τελαμώνιος αἴας
iliad,2,529,DSDDDA,ἀλλὰ πολὺ μείων ,ὀλίγος μὲν ἔην λινοθώρηξ
iliad,2,530,SDDSDA,ἐγχείῃ δ ἐκέκαστο ,πανέλληνας καὶ ἀχαιούς
iliad,2,531,SDDDDA,οἳ κῦνόν τ ἐνέμοντ ,ὀπόεντά τε καλλίαρόν τε
iliad,2,532,SSDSDA,βῆσσάν τε σκάρφην ,τε καὶ αὐγειὰς ἐρατεινὰς
iliad,2,533,SDDDSA,τάρφην τε θρόνιον ,τε βοαγρίου ἀμφὶ ῥέεθρα
iliad,2,534,DDDSDA,τῷ δ ἅμα τεσσαράκοντα ,μέλαιναι νῆες ἕποντο
iliad,2,535,SSDDSA,λοκρῶν οἳ ναίουσι ,πέρην ἱερῆς εὐβοίης
iliad,2,536,SDDSDA,οἳ δ εὔβοιαν ἔχον ,μένεα πνείοντες ἄβαντες
iliad,2,537,NNNNNN,NA,NA
iliad,2,538,SDSSDA,κήρινθόν τ ἔφαλον ,δίου τ αἰπὺ πτολίεθρον
iliad,2,539,DDSDDA,οἵ τε κάρυστον ἔχον ,ἠδ οἳ στύρα ναιετάασκον
iliad,2,540,SDDSDA,τῶν αὖθ ἡγεμόνευ ,ἐλεφήνωρ ὄζος ἄρηος
iliad,2,541,SDDSDA,χαλκωδοντιάδης ,μεγαθύμων ἀρχὸς ἀβάντων
iliad,2,542,DDDDDA,τῷ δ ἅμ ἄβαντες ἕποντο ,θοοὶ ὄπιθεν κομόωντες
iliad,2,543,SDDSDA,αἰχμηταὶ μεμαῶτες ,ὀρεκτῇσιν μελίῃσι
iliad,2,544,NNNNNN,NA,NA
iliad,2,545,DDDSDA,τῷ δ ἅμα τεσσαράκοντα ,μέλαιναι νῆες ἕποντο
iliad,2,546,DSDDDA,οἳ δ ἄρ ἀθήνας εἶχον ,ἐϋκτίμενον πτολίεθρον
iliad,2,547,DSDDDA,δῆμον ἐρεχθῆος ,μεγαλήτορος ὅν ποτ ἀθήνη
iliad,2,548,DDDSDA,θρέψε διὸς θυγάτηρ ,τέκε δὲ ζείδωρος ἄρουρα
iliad,2,549,DSDSDA,κὰδ δ ἐν ἀθήνῃς εἷσεν ,ἑῷ ἐν πίονι νηῷ
iliad,2,550,DSDSDA,ἔνθα δέ μιν ταύροισι ,καὶ ἀρνειοῖς ἱλάονται
iliad,2,551,DSDDDA,κοῦροι ἀθηναίων ,περιτελλομένων ἐνιαυτῶν
iliad,2,552,SDSDDA,τῶν αὖθ ἡγεμόνευ ,υἱὸς πετεῶο μενεσθεύς
iliad,2,553,SDDDDA,τῷ δ οὔ πώ τις ὁμοῖος ,ἐπιχθόνιος γένετ ἀνὴρ
iliad,2,554,SSDDDA,κοσμῆσαι ἵππους ,τε καὶ ἀνέρας ἀσπιδιώτας
iliad,2,555,SDDDDA,νέστωρ οἶος ἔριζεν ,ὃ γὰρ προγενέστερος ἦεν
iliad,2,556,DSDSDA,τῷ δ ἅμα πεντήκοντα ,μέλαιναι νῆες ἕποντο
iliad,2,557,SDDDDA,αἴας δ ἐκ σαλαμῖνος ,ἄγεν δυοκαίδεκα νῆας
iliad,2,558,DDSSDA,στῆσε δ ἄγων ἵν ἀθηναίων ,ἵσταντο φάλαγγες
iliad,2,559,SSSDDA,οἳ δ ἄργός τ εἶχον ,τίρυνθά τε τειχιόεσσαν
iliad,2,560,DDDDDA,ἑρμιόνην ἀσίνην ,τε βαθὺν κατὰ κόλπον ἐχούσας
iliad,2,561,SDDDDA,τροιζῆν ἠϊόνας ,τε καὶ ἀμπελόεντ ἐπίδαυρον
iliad,2,562,DSSDDA,οἵ τ ἔχον αἴγιναν ,μάσητά τε κοῦροι ἀχαιῶν
iliad,2,563,SDDDDA,τῶν αὖθ ἡγεμόνευε ,βοὴν ἀγαθὸς διομήδης
iliad,2,564,DDDSDA,καὶ σθένελος καπανῆος ,ἀγακλειτοῦ φίλος υἱός
iliad,2,565,DDDDDA,τοῖσι δ ἅμ εὐρύαλος ,τρίτατος κίεν ἰσόθεος φὼς
iliad,2,566,SSDDDA,μηκιστέος υἱὸς ,ταλαϊονίδαο ἄνακτος
iliad,2,567,SSDDDA,συμπάντων δ ἡγεῖτο ,βοὴν ἀγαθὸς διομήδης
iliad,2,568,DSDSDA,τοῖσι δ ἅμ ὀγδώκοντα ,μέλαιναι νῆες ἕποντο
iliad,2,569,DSDDDA,οἳ δὲ μυκήνας εἶχον ,ἐϋκτίμενον πτολίεθρον
iliad,2,570,SDDDSA,ἀφνειόν τε κόρινθον ,ἐϋκτιμένας τε κλεωνάς
iliad,2,571,SDDDDA,ὀρνειάς τ ἐνέμοντο ,ἀραιθυρέην τ ἐρατεινὴν
iliad,2,572,DDSSDA,καὶ σικυῶν ὅθ ἄρ ἄδρηστος ,πρῶτ ἐμβασίλευεν
iliad,2,573,DSDSDA,οἵ θ ὑπερησίην ,τε καὶ αἰπεινὴν γονόεσσαν
iliad,2,574,SSSDDA,πελλήνην τ εἶχον ,ἠδ αἴγιον ἀμφενέμοντο
iliad,2,575,DDDDSA,αἰγιαλόν τ ἀνὰ πάντα ,καὶ ἀμφ ἑλίκην εὐρεῖαν
iliad,2,576,DSSSDA,τῶν ἑκατὸν νηῶν ,ἦρχε κρείων ἀγαμέμνων
iliad,2,577,DDDSDA,ἀτρεΐδης ἅμα τῷ ,γε πολὺ πλεῖστοι καὶ ἄριστοι
iliad,2,578,DSDDDA,λαοὶ ἕποντ ἐν δ αὐτὸς ,ἐδύσετο νώροπα χαλκὸν
iliad,2,579,DSDDSA,κυδιόων πᾶσιν ,δὲ μετέπρεπεν ἡρώεσσιν
iliad,2,580,DDDSDA,οὕνεκ ἄριστος ἔην ,πολὺ δὲ πλείστους ἄγε λαούς
iliad,2,581,SSDDSA,οἳ δ εἶχον κοίλην ,λακεδαίμονα κητώεσσαν
iliad,2,582,SSDSDA,φᾶρίν τε σπάρτην ,τε πολυτρήρωνά τε μέσσην
iliad,2,583,SDDSDA,βρυσειάς τ ἐνέμοντο ,καὶ αὐγειὰς ἐρατεινάς
iliad,2,584,DSDDDA,οἵ τ ἄρ ἀμύκλας εἶχον ,ἕλος τ ἔφαλον πτολίεθρον
iliad,2,585,DSSDDA,οἵ τε λάαν εἶχον ,ἠδ οἴτυλον ἀμφενέμοντο
iliad,2,586,DDDDDA,τῶν οἱ ἀδελφεὸς ἦρχε ,βοὴν ἀγαθὸς μενέλαος
iliad,2,587,SDDDSA,ἑξήκοντα νεῶν ,ἀπάτερθε δὲ θωρήσσοντο
iliad,2,588,SDDSDA,ἐν δ αὐτὸς κίεν ᾗσι ,προθυμίῃσι πεποιθὼς
iliad,2,589,SDDDDA,ὀτρύνων πόλεμον ,δέ μάλιστα δὲ ἵετο θυμῷ
iliad,2,590,SDSDDA,τίσασθαι ἑλένης ,ὁρμήματά τε στοναχάς τε
iliad,2,591,DDDSDA,οἳ δὲ πύλον τ ἐνέμοντο ,καὶ ἀρήνην ἐρατεινὴν
iliad,2,592,DSDDDA,καὶ θρύον ἀλφειοῖο ,πόρον καὶ ἐΰκτιτον αἰπὺ
iliad,2,593,DSDDDA,καὶ κυπαρισσήεντα ,καὶ ἀμφιγένειαν ἔναιον
iliad,2,594,DDSDDA,καὶ πτελεὸν καὶ ἕλος ,καὶ δώριον ἔνθά τε μοῦσαι
iliad,2,595,DDSDDA,ἀντόμεναι θάμυριν ,τὸν θρήϊκα παῦσαν ἀοιδῆς
iliad,2,596,DDDDDA,οἰχαλίηθεν ἰόντα ,παρ εὐρύτου οἰχαλιῆος
iliad,2,597,DDSDDA,στεῦτο γὰρ εὐχόμενος ,νικησέμεν εἴ περ ἂν αὐταὶ
iliad,2,598,DSSDDA,μοῦσαι ἀείδοιεν ,κοῦραι διὸς αἰγιόχοιο
iliad,2,599,DDSDDA,αἳ δὲ χολωσάμεναι ,πηρὸν θέσαν αὐτὰρ ἀοιδὴν
iliad,2,600,DDDDDA,θεσπεσίην ἀφέλοντο ,καὶ ἐκλέλαθον κιθαριστύν
iliad,2,601,SDDDDA,τῶν αὖθ ἡγεμόνευε ,γερήνιος ἱππότα νέστωρ
iliad,2,602,DSDDDA,τῷ δ ἐνενήκοντα ,γλαφυραὶ νέες ἐστιχόωντο
iliad,2,603,DDDSDA,οἳ δ ἔχον ἀρκαδίην ,ὑπὸ κυλλήνης ὄρος αἰπὺ
iliad,2,604,DDDDDA,αἰπύτιον παρὰ τύμβον ,ἵν ἀνέρες ἀγχιμαχηταί
iliad,2,605,DDDDDA,οἳ φενεόν τ ἐνέμοντο ,καὶ ὀρχομενὸν πολύμηλον
iliad,2,606,SDDDDA,ῥίπην τε στρατίην ,τε καὶ ἠνεμόεσσαν ἐνίσπην
iliad,2,607,DSSDDA,καὶ τεγέην εἶχον ,καὶ μαντινέην ἐρατεινὴν
iliad,2,608,SSSDDA,στύμφηλόν τ εἶχον ,καὶ παρρασίην ἐνέμοντο
iliad,2,609,SSDSDA,τῶν ἦρχ ἀγκαίοιο ,πάϊς κρείων ἀγαπήνωρ
iliad,2,610,SDDSDA,ἑξήκοντα νεῶν ,πολέες δ ἐν νηῒ ἑκάστῃ
iliad,2,611,DDDDDA,ἀρκάδες ἄνδρες ἔβαινον ,ἐπιστάμενοι πολεμίζειν
iliad,2,612,SSDSDA,αὐτὸς γάρ σφιν δῶκεν ,ἄναξ ἀνδρῶν ἀγαμέμνων
iliad,2,613,DSDDDA,νῆας ἐϋσσέλμους ,περάαν ἐπὶ οἴνοπα πόντον
iliad,2,614,DDDDDA,ἀτρεΐδης ἐπεὶ οὔ ,σφι θαλάσσια ἔργα μεμήλει
iliad,2,615,DDDDDA,οἳ δ ἄρα βουπράσιόν ,τε καὶ ἤλιδα δῖαν ἔναιον
iliad,2,616,DSSDDA,ὅσσον ἐφ ὑρμίνη ,καὶ μύρσινος ἐσχατόωσα
iliad,2,617,SDDDDA,πέτρη τ ὠλενίη ,καὶ ἀλήσιον ἐντὸς ἐέργει
iliad,2,618,SDDDDA,τῶν αὖ τέσσαρες ἀρχοὶ ,ἔσαν δέκα δ ἀνδρὶ ἑκάστῳ
iliad,2,619,DDDSDA,νῆες ἕποντο θοαί ,πολέες δ ἔμβαινον ἐπειοί
iliad,2,620,DDSDSA,τῶν μὲν ἄρ ἀμφίμαχος ,καὶ θάλπιος ἡγησάσθην
iliad,2,621,DDDDDA,υἷες ὃ μὲν κτεάτου ,ὃ δ ἄρ εὐρύτου ἀκτορίωνε
iliad,2,622,DDSDSA,τῶν δ ἀμαρυγκεΐδης ,ἦρχε κρατερὸς διώρης
iliad,2,623,DSDSDA,τῶν δὲ τετάρτων ἦρχε ,πολύξεινος θεοειδὴς
iliad,2,624,DDSDDA,υἱὸς ἀγασθένεος ,αὐγηϊάδαο ἄνακτος
iliad,2,625,SDDSDA,οἳ δ ἐκ δουλιχίοιο ,ἐχινάων θ ἱεράων
iliad,2,626,SSDDDA,νήσων αἳ ναίουσι ,πέρην ἁλὸς ἤλιδος ἄντα
iliad,2,627,SDDDDA,τῶν αὖθ ἡγεμόνευε ,μέγης ἀτάλαντος ἄρηϊ
iliad,2,628,DSDDDA,φυλεΐδης ὃν τίκτε ,διῒ φίλος ἱππότα φυλεύς
iliad,2,629,DDDDDA,ὅς ποτε δουλίχιον ,δ ἀπενάσσατο πατρὶ χολωθείς
iliad,2,630,DDDSDA,τῷ δ ἅμα τεσσαράκοντα ,μέλαιναι νῆες ἕποντο
iliad,2,631,DSDSDA,αὐτὰρ ὀδυσσεὺς ἦγε ,κεφαλλῆνας μεγαθύμους
iliad,2,632,DSSDDA,οἵ ῥ ἰθάκην εἶχον ,καὶ νήριτον εἰνοσίφυλλον
iliad,2,633,DDDDSA,καὶ κροκύλει ἐνέμοντο ,καὶ αἰγίλιπα τρηχεῖαν
iliad,2,634,NNNNNN,NA,NA
iliad,2,635,SDSDDA,οἵ τ ἤπειρον ἔχον ,ἠδ ἀντιπέραι ἐνέμοντο
iliad,2,636,DSDSDA,τῶν μὲν ὀδυσσεὺς ἦρχε ,διὶ μῆτιν ἀτάλαντος
iliad,2,637,DDDDDA,τῷ δ ἅμα νῆες ἕποντο ,δυώδεκα μιλτοπάρῃοι
iliad,2,638,SSDSDA,αἰτωλῶν δ ἡγεῖτο ,θόας ἀνδραίμονος υἱός
iliad,2,639,SDDDDA,οἳ πλευρῶν ἐνέμοντο ,καὶ ὤλενον ἠδὲ πυλήνην
iliad,2,640,DDDDSA,χαλκίδα τ ἀγχίαλον ,καλυδῶνά τε πετρήεσσαν
iliad,2,641,DSDDDA,οὐ γὰρ ἔτ οἰνῆος ,μεγαλήτορος υἱέες ἦσαν
iliad,2,642,DDDSDA,οὐδ ἄρ ἔτ αὐτὸς ἔην ,θάνε δὲ ξανθὸς μελέαγρος
iliad,2,643,DDDDSA,τῷ δ ἐπὶ πάντ ἐτέταλτο ,ἀνασσέμεν αἰτωλοῖσι
iliad,2,644,DDDSDA,τῷ δ ἅμα τεσσαράκοντα ,μέλαιναι νῆες ἕποντο
iliad,2,645,SDSDDA,κρητῶν δ ἰδομενεὺς ,δουρὶ κλυτὸς ἡγεμόνευεν
iliad,2,646,SSSDDA,οἳ κνωσόν τ εἶχον ,γόρτυνά τε τειχιόεσσαν
iliad,2,647,SSDDDA,λύκτον μίλητόν ,τε καὶ ἀργινόεντα λύκαστον
iliad,2,648,SDDSDA,φαιστόν τε ῥύτιόν ,τε πόλεις εὖ ναιετοώσας
iliad,2,649,SSDDDA,ἄλλοι θ οἳ κρήτην ,ἑκατόμπολιν ἀμφενέμοντο
iliad,2,650,DDSDDA,τῶν μὲν ἄρ ἰδομενεὺς ,δουρὶ κλυτὸς ἡγεμόνευε
iliad,2,651,NNNNNN,NA,NA
iliad,2,652,DSDSDA,τοῖσι δ ἅμ ὀγδώκοντα ,μέλαιναι νῆες ἕποντο
iliad,2,653,DSDSDA,τληπόλεμος δ ἡρακλεΐδης ,ἠΰς τε μέγας τε
iliad,2,654,DDDDDA,ἐκ ῥόδου ἐννέα νῆας ,ἄγεν ῥοδίων ἀγερώχων
iliad,2,655,DDDDSA,οἳ ῥόδον ἀμφενέμοντο ,διὰ τρίχα κοσμηθέντες
iliad,2,656,DSDDDA,λίνδον ἰηλυσόν ,τε καὶ ἀργινόεντα κάμειρον
iliad,2,657,SDSDDA,τῶν μὲν τληπόλεμος ,δουρὶ κλυτὸς ἡγεμόνευεν
iliad,2,658,DDDSSA,ὃν τέκεν ἀστυόχεια ,βίῃ ἡρακληείῃ
iliad,2,659,DDDDSA,τὴν ἄγετ ἐξ ἐφύρης ,ποταμοῦ ἄπο σελλήεντος
iliad,2,660,SDSDSA,πέρσας ἄστεα πολλὰ διοτρεφέων ,αἰζηῶν
iliad,2,661,DDDDSA,τληπόλεμος δ ἐπεὶ οὖν ,τράφ ἐνὶ μεγάρῳ εὐπήκτῳ
iliad,2,662,DDDSDA,αὐτίκα πατρὸς ἑοῖο ,φίλον μήτρωα κατέκτα
iliad,2,663,SSDDDA,ἤδη γηράσκοντα ,λικύμνιον ὄζον ἄρηος
iliad,2,664,DDDDDA,αἶψα δὲ νῆας ἔπηξε ,πολὺν δ ὅ γε λαὸν ἀγείρας
iliad,2,665,SDDSDA,βῆ φεύγων ἐπὶ πόντον ,ἀπείλησαν γάρ οἱ ἄλλοι
iliad,2,666,DSDSSA,υἱέες υἱωνοί ,τε βίης ἡρακληείης
iliad,2,667,DDDDDA,αὐτὰρ ὅ γ ἐς ῥόδον ἷξεν ,ἀλώμενος ἄλγεα πάσχων
iliad,2,668,DSDDDA,τριχθὰ δὲ ᾤκηθεν ,καταφυλαδόν ἠδὲ φίληθεν
iliad,2,669,DDDSDA,ἐκ διός ὅς τε θεοῖσι ,καὶ ἀνθρώποισιν ἀνάσσει
iliad,2,670,SDSDDA,καί σφιν θεσπέσιον ,πλοῦτον κατέχευε κρονίων
iliad,2,671,SSDSDA,νιρεὺς αὖ σύμηθεν ,ἄγε τρεῖς νῆας ἐΐσας
iliad,2,672,SDSDDA,νιρεὺς ἀγλαΐης ,υἱὸς χαρόποιό τ ἄνακτος
iliad,2,673,SSDDDA,νιρεύς ὃς κάλλιστος ,ἀνὴρ ὑπὸ ἴλιον ἦλθε
iliad,2,674,SDDDDA,τῶν ἄλλων δαναῶν ,μετ ἀμύμονα πηλεΐωνα
iliad,2,675,DDSDDA,ἀλλ ἀλαπαδνὸς ἔην ,παῦρος δέ οἱ εἵπετο λαός
iliad,2,676,SDSDDA,οἳ δ ἄρα νίσυρόν ,τ εἶχον κράπαθόν τε κάσον τε
iliad,2,677,SDDSDA,καὶ κῶν εὐρυπύλοιο ,πόλιν νήσους τε καλύδνας
iliad,2,678,SSDDSA,τῶν αὖ φείδιππός ,τε καὶ ἄντιφος ἡγησάσθην
iliad,2,679,DDSDDA,θεσσαλοῦ υἷε δύω ,ἡρακλεΐδαο ἄνακτος
iliad,2,680,DSDDDA,τοῖς δὲ τριήκοντα ,γλαφυραὶ νέες ἐστιχόωντο
iliad,2,681,SSDDDA,νῦν αὖ τοὺς ὅσσοι ,τὸ πελασγικὸν ἄργος ἔναιον
iliad,2,682,DDSSDA,οἵ τ ἄλον οἵ τ ἀλόπην ,οἵ τε τρηχῖνα νέμοντο
iliad,2,683,SSSDDA,οἵ τ εἶχον φθίην ,ἠδ ἑλλάδα καλλιγύναικα
iliad,2,684,DDDSDA,μυρμιδόνες δὲ καλεῦντο ,καὶ ἕλληνες καὶ ἀχαιοί
iliad,2,685,SSDSDA,τῶν αὖ πεντήκοντα ,νεῶν ἦν ἀρχὸς ἀχιλλεύς
iliad,2,686,SDDDSA,ἀλλ οἵ γ οὐ πολέμοιο ,δυσηχέος ἐμνώοντο
iliad,2,687,DSDDSA,οὐ γὰρ ἔην ὅς τίς ,σφιν ἐπὶ στίχας ἡγήσαιτο
iliad,2,688,DSDSDA,κεῖτο γὰρ ἐν νήεσσι ,ποδάρκης δῖος ἀχιλλεὺς
iliad,2,689,SDSDDA,κούρης χωόμενος ,βρισηΐδος ἠϋκόμοιο
iliad,2,690,SSSDDA,τὴν ἐκ λυρνησσοῦ ,ἐξείλετο πολλὰ μογήσας
iliad,2,691,SDSSDA,λυρνησσὸν διαπορθήσας ,καὶ τείχεα θήβης
iliad,2,692,DDDDDA,κὰδ δὲ μύνητ ἔβαλεν ,καὶ ἐπίστροφον ἐγχεσιμώρους
iliad,2,693,DSDDDA,υἱέας εὐηνοῖο ,σεληπιάδαο ἄνακτος
iliad,2,694,DDDSDA,τῆς ὅ γε κεῖτ ἀχέων ,τάχα δ ἀνστήσεσθαι ἔμελλεν
iliad,2,695,SDSDDA,οἳ δ εἶχον φυλάκην ,καὶ πύρασον ἀνθεμόεντα
iliad,2,696,SDSDDA,δήμητρος τέμενος ,ἴτωνά τε μητέρα μήλων
iliad,2,697,DSDDDA,ἀγχίαλόν τ ἀντρῶνα ,ἰδὲ πτελεὸν λεχεποίην
iliad,2,698,SDDDDA,τῶν αὖ πρωτεσίλαος ,ἀρήϊος ἡγεμόνευε
iliad,2,699,DDDDDA,ζωὸς ἐών τότε δ ἤδη ,ἔχεν κάτα γαῖα μέλαινα
iliad,2,700,DDDDDA,τοῦ δὲ καὶ ἀμφιδρυφὴς ,ἄλοχος φυλάκῃ ἐλέλειπτο
iliad,2,701,DDSDDA,καὶ δόμος ἡμιτελής ,τὸν δ ἔκτανε δάρδανος ἀνὴρ
iliad,2,702,DSDSDA,νηὸς ἀποθρῴσκοντα ,πολὺ πρώτιστον ἀχαιῶν
iliad,2,703,DDDDDA,οὐδὲ μὲν οὐδ οἳ ἄναρχοι ,ἔσαν πόθεόν γε μὲν ἀρχόν
iliad,2,704,SSDSDA,ἀλλά σφεας κόσμησε ,ποδάρκης ὄζος ἄρηος
iliad,2,705,SSDSDA,ἰφίκλου υἱὸς ,πολυμήλου φυλακίδαο
iliad,2,706,DSDSDA,αὐτοκασίγνητος ,μεγαθύμου πρωτεσιλάου
iliad,2,707,DDDDDA,ὁπλότερος γενεῇ ,ὁ δ ἅμα πρότερος καὶ ἀρείων
iliad,2,708,SDDDDA,ἥρως πρωτεσίλαος ,ἀρήϊος οὐδέ τι λαοὶ
iliad,2,709,SDDDDA,δεύονθ ἡγεμόνος ,πόθεόν γε μὲν ἐσθλὸν ἐόντα
iliad,2,710,DDDSDA,τῷ δ ἅμα τεσσαράκοντα ,μέλαιναι νῆες ἕποντο
iliad,2,711,DDDSDA,οἳ δὲ φερὰς ἐνέμοντο ,παραὶ βοιβηΐδα λίμνην
iliad,2,712,SDDDDA,βοίβην καὶ γλαφύρας ,καὶ ἐϋκτιμένην ἰαωλκόν
iliad,2,713,SSDDDA,τῶν ἦρχ ἀδμήτοιο ,φίλος πάϊς ἕνδεκα νηῶν
iliad,2,714,SDSDDA,εὔμηλος τὸν ὑπ ἀδμήτῳ ,τέκε δῖα γυναικῶν
iliad,2,715,SDDSDA,ἄλκηστις πελίαο ,θυγατρῶν εἶδος ἀρίστη
iliad,2,716,DSSDDA,οἳ δ ἄρα μηθώνην ,καὶ θαυμακίην ἐνέμοντο
iliad,2,717,DDDSSA,καὶ μελίβοιαν ἔχον ,καὶ ὀλιζῶνα τρηχεῖαν
iliad,2,718,DSSSDA,τῶν δὲ φιλοκτήτης ,ἦρχεν τόξων ἐῢ εἰδὼς
iliad,2,719,DDDSSA,ἑπτὰ νεῶν ἐρέται ,δ ἐν ἑκάστῃ πεντήκοντα
iliad,2,720,DSSDDA,ἐμβέβασαν τόξων ,εὖ εἰδότες ἶφι μάχεσθαι
iliad,2,721,DSSDDA,ἀλλ ὃ μὲν ἐν νήσῳ ,κεῖτο κρατέρ ἄλγεα πάσχων
iliad,2,722,DDDDDA,λήμνῳ ἐν ἠγαθέῃ ,ὅθι μιν λίπον υἷες ἀχαιῶν
iliad,2,723,DSDDDA,ἕλκεϊ μοχθίζοντα ,κακῷ ὀλοόφρονος ὕδρου
iliad,2,724,DDDSDA,ἔνθ ὅ γε κεῖτ ἀχέων ,τάχα δὲ μνήσεσθαι ἔμελλον
iliad,2,725,SDDSDA,ἀργεῖοι παρὰ νηυσὶ ,φιλοκτήταο ἄνακτος
iliad,2,726,DDDDDA,οὐδὲ μὲν οὐδ οἳ ἄναρχοι ,ἔσαν πόθεόν γε μὲν ἀρχόν
iliad,2,727,DSDSDA,ἀλλὰ μέδων κόσμησεν ,ὀϊλῆος νόθος υἱός
iliad,2,728,DSDSDA,τόν ῥ ἔτεκεν ῥήνη ,ὑπ ὀϊλῆϊ πτολιπόρθῳ
iliad,2,729,SSDSDA,οἳ δ εἶχον τρίκκην ,καὶ ἰθώμην κλωμακόεσσαν
iliad,2,730,DDDDDA,οἵ τ ἔχον οἰχαλίην ,πόλιν εὐρύτου οἰχαλιῆος
iliad,2,731,SSSSDA,τῶν αὖθ ἡγείσθην ,ἀσκληπιοῦ δύο παῖδε
iliad,2,732,SDDDDA,ἰητῆρ ἀγαθὼ ,ποδαλείριος ἠδὲ μαχάων
iliad,2,733,DSDDDA,τοῖς δὲ τριήκοντα ,γλαφυραὶ νέες ἐστιχόωντο
iliad,2,734,DDSSDA,οἳ δ ἔχον ὀρμένιον ,οἵ τε κρήνην ὑπέρειαν
iliad,2,735,DDDDDA,οἵ τ ἔχον ἀστέριον ,τιτάνοιό τε λευκὰ κάρηνα
iliad,2,736,SDSDDA,τῶν ἦρχ εὐρύπυλος ,εὐαίμονος ἀγλαὸς υἱός
iliad,2,737,DDDSDA,τῷ δ ἅμα τεσσαράκοντα ,μέλαιναι νῆες ἕποντο
iliad,2,738,SDSSDA,οἳ δ ἄργισσαν ἔχον ,καὶ γυρτώνην ἐνέμοντο
iliad,2,739,SSDDDA,ὄρθην ἠλώνην ,τε πόλιν τ ὀλοοσσόνα λευκήν
iliad,2,740,SDDDDA,τῶν αὖθ ἡγεμόνευε ,μενεπτόλεμος πολυποίτης
iliad,2,741,SDDDDA,υἱὸς πειριθόοιο ,τὸν ἀθάνατος τέκετο ζεύς
iliad,2,742,DDDDDA,τόν ῥ ὑπὸ πειριθόῳ ,τέκετο κλυτὸς ἱπποδάμεια
iliad,2,743,DDDDSA,ἤματι τῷ ὅτε φῆρας ,ἐτίσατο λαχνήεντας
iliad,2,744,SDDSDA,τοὺς δ ἐκ πηλίου ὦσε ,καὶ αἰθίκεσσι πέλασσεν
iliad,2,745,SDDSDA,οὐκ οἶος ἅμα τῷ ,γε λεοντεὺς ὄζος ἄρηος
iliad,2,746,DSDSDA,υἱὸς ὑπερθύμοιο ,κορώνου καινεΐδαο
iliad,2,747,DDDSDA,τοῖς δ ἅμα τεσσαράκοντα ,μέλαιναι νῆες ἕποντο
iliad,2,748,SDDSDA,γουνεὺς δ ἐκ κύφου ἦγε ,δύω καὶ εἴκοσι νῆας
iliad,2,749,DDDDDA,τῷ δ ἐνιῆνες ἕποντο ,μενεπτόλεμοί τε περαιβοὶ
iliad,2,750,DSSDDA,οἳ περὶ δωδώνην ,δυσχείμερον οἰκί ἔθεντο
iliad,2,751,SSDSDA,οἵ τ ἀμφ ἱμερτὸν ,τιταρησσὸν ἔργα νέμοντο
iliad,2,752,SSDSDA,ὅς ῥ ἐς πηνειὸν ,προΐει καλλίρροον ὕδωρ
iliad,2,753,DSSDDA,οὐδ ὅ γε πηνειῷ ,συμμίσγεται ἀργυροδίνῃ
iliad,2,754,DDDDDA,ἀλλά τέ μιν καθύπερθεν ,ἐπιρρέει ἠΰτ ἔλαιον
iliad,2,755,SSDDDA,ὅρκου γὰρ δεινοῦ ,στυγὸς ὕδατός ἐστιν ἀπορρώξ
iliad,2,756,SSDSDA,μαγνήτων δ ἦρχε ,πρόθοος τενθρηδόνος υἱός
iliad,2,757,DSSDDA,οἳ περὶ πηνειὸν ,καὶ πήλιον εἰνοσίφυλλον
iliad,2,758,SSDDDA,ναίεσκον τῶν μὲν ,πρόθοος θοὸς ἡγεμόνευε
iliad,2,759,DDDSDA,τῷ δ ἅμα τεσσαράκοντα ,μέλαιναι νῆες ἕποντο
iliad,2,760,DDDSDA,οὗτοι ἄρ ἡγεμόνες ,δαναῶν καὶ κοίρανοι ἦσαν
iliad,2,761,SDDDDA,τίς τὰρ τῶν ὄχ ἄριστος ,ἔην σύ μοι ἔννεπε μοῦσα
iliad,2,762,SSDDDA,αὐτῶν ἠδ ἵππων ,οἳ ἅμ ἀτρεΐδῃσιν ἕποντο
iliad,2,763,SDDSDA,ἵπποι μὲν μέγ ἄρισται ,ἔσαν φηρητιάδαο
iliad,2,764,SDDDSA,τὰς εὔμηλος ἔλαυνε ,ποδώκεας ὄρνιθας ὣς
iliad,2,765,DDDDDA,ὄτριχας οἰέτεας ,σταφύλῇ ἐπὶ νῶτον ἐΐσας
iliad,2,766,SSSDDA,τὰς ἐν πηρείῃ ,θρέψ ἀργυρότοξος ἀπόλλων
iliad,2,767,SSDSDA,ἄμφω θηλείας ,φόβον ἄρηος φορεούσας
iliad,2,768,SDDDDA,ἀνδρῶν αὖ μέγ ἄριστος ,ἔην τελαμώνιος αἴας
iliad,2,769,DSDDDA,ὄφρ ἀχιλεὺς μήνιεν ,ὃ γὰρ πολὺ φέρτατος ἦεν
iliad,2,770,SDDDDA,ἵπποι θ οἳ φορέεσκον ,ἀμύμονα πηλεΐωνα
iliad,2,771,DSDDDA,ἀλλ ὃ μὲν ἐν νήεσσι ,κορωνίσι ποντοπόροισι
iliad,2,772,DSDDDA,κεῖτ ἀπομηνίσας ,ἀγαμέμνονι ποιμένι λαῶν
iliad,2,773,DSDSDA,ἀτρεΐδῃ λαοὶ ,δὲ παρὰ ῥηγμῖνι θαλάσσης
iliad,2,774,SSDDDA,δίσκοισιν τέρποντο ,καὶ αἰγανέῃσιν ἱέντες
iliad,2,775,SSDDDA,τόξοισίν θ ἵπποι ,δὲ παρ ἅρμασιν οἷσιν ἕκαστος
iliad,2,776,DDDSDA,λωτὸν ἐρεπτόμενοι ,ἐλεόθρεπτόν τε σέλινον
iliad,2,777,DDDDDA,ἕστασαν ἅρματα δ εὖ ,πεπυκασμένα κεῖτο ἀνάκτων
iliad,2,778,DSDDDA,ἐν κλισίῃς οἳ δ ἀρχὸν ,ἀρηΐφιλον ποθέοντες
iliad,2,779,SDDDDA,φοίτων ἔνθα καὶ ἔνθα ,κατὰ στρατὸν οὐδὲ μάχοντο
iliad,2,780,DSDSDA,οἳ δ ἄρ ἴσαν ὡς εἴ ,τε πυρὶ χθὼν πᾶσα νέμοιτο
iliad,2,781,DDDSDA,γαῖα δ ὑπεστενάχιζε ,διὶ ὣς τερπικεραύνῳ
iliad,2,782,DDDDDA,χωομένῳ ὅτε τ ἀμφὶ ,τυφωέϊ γαῖαν ἱμάσσῃ
iliad,2,783,DDDDDA,εἰν ἀρίμοις ὅθι φασὶ ,τυφωέος ἔμμεναι εὐνάς
iliad,2,784,DDDDDA,ὣς ἄρα τῶν ὑπὸ ποσσὶ ,μέγα στεναχίζετο γαῖα
iliad,2,785,DDDSDA,ἐρχομένων μάλα δ ὦκα ,διέπρησσον πεδίοιο
iliad,2,786,SDDDDA,τρωσὶν δ ἄγγελος ἦλθε ,ποδήνεμος ὠκέα ἶρις
iliad,2,787,DDDDDA,πὰρ διὸς αἰγιόχοιο ,σὺν ἀγγελίῃ ἀλεγεινῇ
iliad,2,788,DDDDDA,οἳ δ ἀγορὰς ἀγόρευον ,ἐπὶ πριάμοιο θύρῃσι
iliad,2,789,DDSDDA,πάντες ὁμηγερέες ,ἠμὲν νέοι ἠδὲ γέροντες
iliad,2,790,SDDDDA,ἀγχοῦ δ ἱσταμένη ,προσέφη πόδας ὠκέα ἶρις
iliad,2,791,DSSDDA,εἴσατο δὲ φθογγὴν ,υἷϊ πριάμοιο πολίτῃ
iliad,2,792,SDDSDA,ὃς τρώων σκοπὸς ἷζε ,ποδωκείῃσι πεποιθὼς
iliad,2,793,DDSSDA,τύμβῳ ἐπ ἀκροτάτῳ ,αἰσυήταο γέροντος
iliad,2,794,DDDSDA,δέγμενος ὁππότε ναῦφιν ,ἀφορμηθεῖεν ἀχαιοί
iliad,2,795,DDDDDA,τῷ μιν ἐεισαμένη ,προσέφη πόδας ὠκέα ἶρις
iliad,2,796,DSSDDA,‘ὦ γέρον αἰεί τοι ,μῦθοι φίλοι ἄκριτοί εἰσιν
iliad,2,797,DSDDDA,ὥς ποτ ἐπ εἰρήνης ,πόλεμος δ ἀλίαστος ὄρωρεν
iliad,2,798,SDDSDA,ἤδη μὲν μάλα πολλὰ ,μάχας εἰσήλυθον ἀνδρῶν
iliad,2,799,SSDDDA,ἀλλ οὔ πω τοιόνδε ,τοσόνδέ τε λαὸν ὄπωπα
iliad,2,800,SSDDDA,λίην γὰρ φύλλοισιν ,ἐοικότες ἢ ψαμάθοισιν
iliad,2,801,SDDDDA,ἔρχονται πεδίοιο ,μαχησόμενοι προτὶ ἄστυ
iliad,2,802,SDDDDA,ἕκτορ σοὶ δὲ μάλιστ ,ἐπιτέλλομαι ὧδε δὲ ῥέξαι
iliad,2,803,SDDDDA,πολλοὶ γὰρ κατὰ ἄστυ ,μέγα πριάμου ἐπίκουροι
iliad,2,804,SSDDSA,ἄλλη δ ἄλλων γλῶσσα ,πολυσπερέων ἀνθρώπων
iliad,2,805,DDSDDA,τοῖσιν ἕκαστος ἀνὴρ ,σημαινέτω οἷσί περ ἄρχει
iliad,2,806,SSSDDA,τῶν δ ἐξηγείσθω ,κοσμησάμενος πολιήτας
iliad,2,807,DSDDSA,ὣς ἔφαθ ἕκτωρ δ οὔ ,τι θεᾶς ἔπος ἠγνοίησεν
iliad,2,808,DDDDSA,αἶψα δ ἔλυσ ἀγορήν ,ἐπὶ τεύχεα δ ἐσσεύοντο
iliad,2,809,SSDSDA,πᾶσαι δ ὠΐγνυντο ,πύλαι ἐκ δ ἔσσυτο λαὸς
iliad,2,810,SSDDDA,πεζοί θ ἱππῆές ,τε πολὺς δ ὀρυμαγδὸς ὀρώρει
iliad,2,811,NNNNNN,NA,NA
iliad,2,812,DDDDDA,ἐν πεδίῳ ἀπάνευθε ,περίδρομος ἔνθα καὶ ἔνθα
iliad,2,813,SSDSSA,τὴν ἤτοι ἄνδρες ,βατίειαν κικλήσκουσιν
iliad,2,814,DDDSDA,ἀθάνατοι δέ τε σῆμα ,πολυσκάρθμοιο μυρίνης
iliad,2,815,DSDDDA,ἔνθα τότε τρῶές ,τε διέκριθεν ἠδ ἐπίκουροι
iliad,2,816,DDDDDA,τρωσὶ μὲν ἡγεμόνευε ,μέγας κορυθαίολος ἕκτωρ
iliad,2,817,DDDSDA,πριαμίδης ἅμα τῷ ,γε πολὺ πλεῖστοι καὶ ἄριστοι
iliad,2,818,SSDDSA,λαοὶ θωρήσσοντο ,μεμαότες ἐγχείῃσι
iliad,2,819,DSDDSA,δαρδανίων αὖτ ἦρχεν ,ἐῢς πάϊς ἀγχίσαο
iliad,2,820,SDSDDA,αἰνείας τὸν ὑπ ἀγχίσῃ ,τέκε δῖ ἀφροδίτη
iliad,2,821,SSDDSA,ἴδης ἐν κνημοῖσι ,θεὰ βροτῷ εὐνηθεῖσα
iliad,2,822,SDDSDA,οὐκ οἶος ἅμα τῷ ,γε δύω ἀντήνορος υἷε
iliad,2,823,DDDSDA,ἀρχέλοχός τ ἀκάμας ,τε μάχης εὖ εἰδότε πάσης
iliad,2,824,NNNNNN,NA,NA
iliad,2,825,SSDDSA,ἀφνειοὶ πίνοντες ,ὕδωρ μέλαν αἰσήποιο
iliad,2,826,SSDDDA,τρῶες τῶν αὖτ ἦρχε ,λυκάονος ἀγλαὸς υἱὸς
iliad,2,827,DSDSDA,πάνδαρος ᾧ καὶ τόξον ,ἀπόλλων αὐτὸς ἔδωκεν
iliad,2,828,SSSSDA,οἳ δ ἀδρήστειάν ,τ εἶχον καὶ δῆμον ἀπαισοῦ
iliad,2,829,DDSSDA,καὶ πιτύειαν ἔχον ,καὶ τηρείης ὄρος αἰπύ
iliad,2,830,SSDSDA,τῶν ἦρχ ἄδρηστός ,τε καὶ ἄμφιος λινοθώρηξ
iliad,2,831,DDSDDA,υἷε δύω μέροπος ,περκωσίου ὃς περὶ πάντων
iliad,2,832,DDSSDA,ᾔδεε μαντοσύνας ,οὐδὲ οὓς παῖδας ἔασκε
iliad,2,833,SDSDDA,στείχειν ἐς πόλεμον ,φθισήνορα τὼ δέ οἱ οὔ τι
iliad,2,834,SSDDDA,πειθέσθην κῆρες ,γὰρ ἄγον μέλανος θανάτοιο
iliad,2,835,DSSDDA,οἳ δ ἄρα περκώτην ,καὶ πράκτιον ἀμφενέμοντο
iliad,2,836,SDDSDA,καὶ σηστὸν καὶ ἄβυδον ,ἔχον καὶ δῖαν ἀρίσβην
iliad,2,837,SDSDDA,τῶν αὖθ ὑρτακίδης ,ἦρχ ἄσιος ὄρχαμος ἀνδρῶν
iliad,2,838,DDDSDA,ἄσιος ὑρτακίδης ,ὃν ἀρίσβηθεν φέρον ἵπποι
iliad,2,839,SDDDSA,αἴθωνες μεγάλοι ,ποταμοῦ ἄπο σελλήεντος
iliad,2,840,DDDSDA,ἱππόθοος δ ἄγε φῦλα ,πελασγῶν ἐγχεσιμώρων
iliad,2,841,SSDDDA,τῶν οἳ λάρισαν ,ἐριβώλακα ναιετάασκον
iliad,2,842,SDDSDA,τῶν ἦρχ ἱππόθοός ,τε πύλαιός τ ὄζος ἄρηος
iliad,2,843,DSDSDA,υἷε δύω λήθοιο ,πελασγοῦ τευταμίδαο
iliad,2,844,SDDSDA,αὐτὰρ θρήϊκας ἦγ ,ἀκάμας καὶ πείροος ἥρως
iliad,2,845,SSDDDA,ὅσσους ἑλλήσποντος ,ἀγάρροος ἐντὸς ἐέργει
iliad,2,846,SSDSSA,εὔφημος δ ἀρχὸς ,κικόνων ἦν αἰχμητάων
iliad,2,847,SSDDDA,υἱὸς τροιζήνοιο ,διοτρεφέος κεάδαο
iliad,2,848,SSDDDA,αὐτὰρ πυραίχμης ,ἄγε παίονας ἀγκυλοτόξους
iliad,2,849,DDDDDA,τηλόθεν ἐξ ἀμυδῶνος ,ἀπ ἀξιοῦ εὐρὺ ῥέοντος
iliad,2,850,DSDDDA,ἀξιοῦ οὗ κάλλιστον ,ὕδωρ ἐπικίδναται αἶαν
iliad,2,851,DSDDDA,παφλαγόνων δ ἡγεῖτο ,πυλαιμένεος λάσιον κῆρ
iliad,2,852,DDDDDA,ἐξ ἐνετῶν ὅθεν ἡμιόνων ,γένος ἀγροτεράων
iliad,2,853,DDSDDA,οἵ ῥα κύτωρον ἔχον ,καὶ σήσαμον ἀμφενέμοντο
iliad,2,854,DDDDDA,ἀμφί τε παρθένιον ,ποταμὸν κλυτὰ δώματ ἔναιον
iliad,2,855,SDDSDA,κρῶμνάν τ αἰγιαλόν ,τε καὶ ὑψηλοὺς ἐρυθίνους
iliad,2,856,DSDDDA,αὐτὰρ ἁλιζώνων ,ὀδίος καὶ ἐπίστροφος ἦρχον
iliad,2,857,DDDDDA,τηλόθεν ἐξ ἀλύβης ,ὅθεν ἀργύρου ἐστὶ γενέθλη
iliad,2,858,SDDDSA,μυσῶν δὲ χρόμις ἦρχε ,καὶ ἔννομος οἰωνιστής
iliad,2,859,SSDDDA,ἀλλ οὐκ οἰωνοῖσιν ,ἐρύσατο κῆρα μέλαιναν
iliad,2,860,DDDDDA,ἀλλ ἐδάμη ὑπὸ χερσὶ ,ποδώκεος αἰακίδαο
iliad,2,861,DDSDDA,ἐν ποταμῷ ὅθι περ ,τρῶας κεράϊζε καὶ ἄλλους
iliad,2,862,SDDDDA,φόρκυς αὖ φρύγας ἦγε ,καὶ ἀσκάνιος θεοειδὴς
iliad,2,863,SDDSDA,τῆλ ἐξ ἀσκανίης ,μέμασαν δ ὑσμῖνι μάχεσθαι
iliad,2,864,DSDDSA,μῄοσιν αὖ μέσθλης ,τε καὶ ἄντιφος ἡγησάσθην
iliad,2,865,DDSSDA,υἷε ταλαιμένεος ,τὼ γυγαίη τέκε λίμνη
iliad,2,866,SDDSDA,οἳ καὶ μῄονας ἦγον ,ὑπὸ τμώλῳ γεγαῶτας
iliad,2,867,SSSDDA,νάστης αὖ καρῶν ,ἡγήσατο βαρβαροφώνων
iliad,2,868,SDSDDA,οἳ μίλητον ἔχον ,φθιρῶν τ ὄρος ἀκριτόφυλλον
iliad,2,869,SDDSDA,μαιάνδρου τε ῥοὰς ,μυκάλης τ αἰπεινὰ κάρηνα
iliad,2,870,DDSSSA,τῶν μὲν ἄρ ἀμφίμαχος ,καὶ νάστης ἡγησάσθην
iliad,2,871,SDDDDA,νάστης ἀμφίμαχός ,τε νομίονος ἀγλαὰ τέκνα
iliad,2,872,SDDDDA,ὃς καὶ χρυσὸν ἔχων ,πόλεμον δ ἴεν ἠΰτε κούρη
iliad,2,873,DDDDDA,νήπιος οὐδέ τί οἱ ,τό γ ἐπήρκεσε λυγρὸν ὄλεθρον
iliad,2,874,DDDDDA,ἀλλ ἐδάμη ὑπὸ χερσὶ ,ποδώκεος αἰακίδαο
iliad,2,875,DSDDDA,ἐν ποταμῷ χρυσὸν ,δ ἀχιλεὺς ἐκόμισσε δαΐφρων
iliad,2,876,SSDSDA,σαρπηδὼν δ ἦρχεν ,λυκίων καὶ γλαῦκος ἀμύμων
iliad,2,877,DDSDSA,τηλόθεν ἐκ λυκίης ,ξάνθου ἄπο δινήεντος
