odyssey,22,1,DSDDDA,αὐτὰρ ὁ γυμνώθη ,ῥακέων πολύμητις ὀδυσσεύς
odyssey,22,2,DDDDDA,ἆλτο δ ἐπὶ μέγαν οὐδόν ,ἔχων βιὸν ἠδὲ φαρέτρην
odyssey,22,3,SSDSDA,ἰῶν ἐμπλείην ,ταχέας δ ἐκχεύατ ὀϊστοὺς
odyssey,22,4,SDDSDA,αὐτοῦ πρόσθε ποδῶν ,μετὰ δὲ μνηστῆρσιν ἔειπεν
odyssey,22,5,SDDDDA,‘οὗτος μὲν δὴ ἄεθλος ,ἀάατος ἐκτετέλεσται
odyssey,22,6,SDDSDA,νῦν αὖτε σκοπὸν ἄλλον ,ὃν οὔ πώ τις βάλεν ἀνήρ
odyssey,22,7,DDDDDA,εἴσομαι αἴ κε τύχωμι ,πόρῃ δέ μοι εὖχος ἀπόλλων
odyssey,22,8,DDSDDA,ἦ καὶ ἐπ ἀντινόῳ ,ἰθύνετο πικρὸν ὀϊστόν
odyssey,22,9,DDDSDA,ἦ τοι ὁ καλὸν ἄλεισον ,ἀναιρήσεσθαι ἔμελλε
odyssey,22,10,DSSDDA,χρύσεον ἄμφωτον ,καὶ δὴ μετὰ χερσὶν ἐνώμα
odyssey,22,11,DSDDDA,ὄφρα πίοι οἴνοιο ,φόνος δέ οἱ οὐκ ἐνὶ θυμῷ
odyssey,22,12,DSDDDA,μέμβλετο τίς κ οἴοιτο ,μετ ἀνδράσι δαιτυμόνεσσι
odyssey,22,13,DDDDDA,μοῦνον ἐνὶ πλεόνεσσι ,καὶ εἰ μάλα καρτερὸς εἴη
odyssey,22,14,SDDSDA,οἷ τεύξειν θάνατόν ,τε κακὸν καὶ κῆρα μέλαιναν
odyssey,22,15,DDDDDA,τὸν δ ὀδυσεὺς κατὰ λαιμὸν ,ἐπισχόμενος βάλεν ἰῷ
odyssey,22,16,SDDDDA,ἀντικρὺ δ ἁπαλοῖο ,δι αὐχένος ἤλυθ ἀκωκή
odyssey,22,17,SDDDDA,ἐκλίνθη δ ἑτέρωσε ,δέπας δέ οἱ ἔκπεσε χειρὸς
odyssey,22,18,DDDSDA,βλημένου αὐτίκα δ αὐλὸς ,ἀνὰ ῥῖνας παχὺς ἦλθεν
odyssey,22,19,DDDDDA,αἵματος ἀνδρομέοιο ,θοῶς δ ἀπὸ εἷο τράπεζαν
odyssey,22,20,DSDDDA,ὦσε ποδὶ πλήξας ,ἀπὸ δ εἴδατα χεῦεν ἔραζε
odyssey,22,21,SDDDDA,σῖτός τε κρέα τ ὀπτὰ ,φορύνετο τοὶ δ ὁμάδησαν
odyssey,22,22,SDDDDA,μνηστῆρες κατὰ δώμαθ ,ὅπως ἴδον ἄνδρα πεσόντα
odyssey,22,23,DDDSDA,ἐκ δὲ θρόνων ἀνόρουσαν ,ὀρινθέντες κατὰ δῶμα
odyssey,22,24,DSDSDA,πάντοσε παπταίνοντες ,ἐϋδμήτους ποτὶ τοίχους
odyssey,22,25,DDSDDA,οὐδέ πη ἀσπὶς ἔην ,οὐδ ἄλκιμον ἔγχος ἑλέσθαι
odyssey,22,26,SDDSDA,νείκειον δ ὀδυσῆα ,χολωτοῖσιν ἐπέεσσι
odyssey,22,27,DSSDDA,ξεῖνε κακῶς ἀνδρῶν ,τοξάζεαι οὐκέτ ἀέθλων
odyssey,22,28,SDSSDA,ἄλλων ἀντιάσεις ,νῦν τοι σῶς αἰπὺς ὄλεθρος
odyssey,22,29,SSDDDA,καὶ γὰρ δὴ νῦν φῶτα ,κατέκτανες ὃς μέγ ἄριστος
odyssey,22,30,SDSDDA,κούρων εἰν ἰθάκῃ ,τῷ σ ἐνθάδε γῦπες ἔδονται
odyssey,22,31,DDDDDA,ἴσκεν ἕκαστος ἀνήρ ,ἐπεὶ ἦ φάσαν οὐκ ἐθέλοντα
odyssey,22,32,DSDDDA,ἄνδρα κατακτεῖναι ,τὸ δὲ νήπιοι οὐκ ἐνόησαν
odyssey,22,33,SSDSDA,ὡς δή σφιν καὶ πᾶσιν ,ὀλέθρου πείρατ ἐφῆπτο
odyssey,22,34,DDDDDA,τοὺς δ ἄρ ὑπόδρα ἰδὼν ,προσέφη πολύμητις ὀδυσσεύς
odyssey,22,35,DDDDDA,ὦ κύνες οὔ μ ἔτ ἐφάσκεθ ,ὑπότροπον οἴκαδ ἱκέσθαι
odyssey,22,36,DSDDDA,δήμου ἄπο τρώων ,ὅτι μοι κατεκείρετε οἶκον
odyssey,22,37,SDDSDA,δμῳῇσιν δὲ γυναιξὶ ,παρευνάζεσθε βιαίως
odyssey,22,38,SSDSDA,αὐτοῦ τε ζώοντος ,ὑπεμνάασθε γυναῖκα
odyssey,22,39,DSDDDA,οὔτε θεοὺς δείσαντες ,οἳ οὐρανὸν εὐρὺν ἔχουσιν
odyssey,22,40,DSDDDA,οὔτε τιν ἀνθρώπων ,νέμεσιν κατόπισθεν ἔσεσθαι
odyssey,22,41,SSDSDA,νῦν ὑμῖν καὶ πᾶσιν ,ὀλέθρου πείρατ ἐφῆπται
odyssey,22,42,DDDSDA,ὣς φάτο τοὺς δ ἄρα πάντας ,ὑπὸ χλωρὸν δέος εἷλεν
odyssey,22,43,SDDDDA,πάπτηνεν δὲ ἕκαστος ,ὅπη φύγοι αἰπὺν ὄλεθρον
odyssey,22,44,DDDDDA,εὐρύμαχος δέ μιν οἶος ,ἀμειβόμενος προσέειπεν
odyssey,22,45,SDDDSA,εἰ μὲν δὴ ὀδυσεὺς ,ἰθακήσιος εἰλήλουθας
odyssey,22,46,DDDSDA,ταῦτα μὲν αἴσιμα εἶπας ,ὅσα ῥέζεσκον ἀχαιοί
odyssey,22,47,DDDDDA,πολλὰ μὲν ἐν μεγάροισιν ,ἀτάσθαλα πολλὰ δ ἐπ ἀγροῦ
odyssey,22,48,DSDDDA,ἀλλ ὁ μὲν ἤδη κεῖται ,ὃς αἴτιος ἔπλετο πάντων
odyssey,22,49,DSDSDA,ἀντίνοος οὗτος ,γὰρ ἐπίηλεν τάδε ἔργα
odyssey,22,50,DSSDDA,οὔ τι γάμου τόσσον ,κεχρημένος οὐδὲ χατίζων
odyssey,22,51,SDDDDA,ἀλλ ἄλλα φρονέων ,τά οἱ οὐκ ἐτέλεσσε κρονίων
odyssey,22,52,DDDDDA,ὄφρ ἰθάκης κατὰ δῆμον ,ἐϋκτιμένης βασιλεύοι
odyssey,22,53,DSDSDA,αὐτός ἀτὰρ σὸν παῖδα ,κατακτείνειε λοχήσας
odyssey,22,54,DSDDDA,νῦν δ ὁ μὲν ἐν μοίρῃ ,πέφαται σὺ δὲ φείδεο λαῶν
odyssey,22,55,DDDDDA,σῶν ἀτὰρ ἄμμες ὄπισθεν ,ἀρεσσάμενοι κατὰ δῆμον
odyssey,22,56,DDDDDA,ὅσσα τοι ἐκπέποται ,καὶ ἐδήδοται ἐν μεγάροισι
odyssey,22,57,SDDDDA,τιμὴν ἀμφὶς ἄγοντες ,ἐεικοσάβοιον ἕκαστος
odyssey,22,58,SSDDDA,χαλκόν τε χρυσόν ,τ ἀποδώσομεν εἰς ὅ κε σὸν κῆρ
odyssey,22,59,SSDSDA,ἰανθῇ πρὶν δ οὔ ,τι νεμεσσητὸν κεχολῶσθαι
odyssey,22,60,DDDDDA,τὸν δ ἄρ ὑπόδρα ἰδὼν ,προσέφη πολύμητις ὀδυσσεύς
odyssey,22,61,DSSDDA,‘εὐρύμαχ οὐδ εἴ μοι ,πατρώϊα πάντ ἀποδοῖτε
odyssey,22,62,DSDDDA,ὅσσα τε νῦν ὔμμ ἐστὶ ,καὶ εἴ ποθεν ἄλλ ἐπιθεῖτε
odyssey,22,63,DDDSDA,οὐδέ κεν ὣς ἔτι χεῖρας ,ἐμὰς λήξαιμι φόνοιο
odyssey,22,64,SSDDDA,πρὶν πᾶσαν μνηστῆρας ,ὑπερβασίην ἀποτῖσαι
odyssey,22,65,SDDDDA,νῦν ὑμῖν παράκειται ,ἐναντίον ἠὲ μάχεσθαι
odyssey,22,66,SSDSDA,ἢ φεύγειν ὅς κεν ,θάνατον καὶ κῆρας ἀλύξῃ
odyssey,22,67,DSDDDA,ἀλλά τιν οὐ φεύξεσθαι ,ὀΐομαι αἰπὺν ὄλεθρον
odyssey,22,68,DSDDDA,ὣς φάτο τῶν δ αὐτοῦ ,λύτο γούνατα καὶ φίλον ἦτορ
odyssey,22,69,SDDDDA,τοῖσιν δ εὐρύμαχος ,προσεφώνεε δεύτερον αὖτις
odyssey,22,70,DSDDDA,ὦ φίλοι οὐ γὰρ σχήσει ,ἀνὴρ ὅδε χεῖρας ἀάπτους
odyssey,22,71,DDDDDA,ἀλλ ἐπεὶ ἔλλαβε τόξον ,ἐΰξοον ἠδὲ φαρέτρην
odyssey,22,72,DSSDDA,οὐδοῦ ἄπο ξεστοῦ ,τοξάσσεται εἰς ὅ κε πάντας
odyssey,22,73,DSSSDA,ἄμμε κατακτείνῃ ,ἀλλὰ μνησώμεθα χάρμης
odyssey,22,74,DSDSDA,φάσγανά τε σπάσσασθε ,καὶ ἀντίσχεσθε τραπέζας
odyssey,22,75,SDDSDA,ἰῶν ὠκυμόρων ,ἐπὶ δ αὐτῷ πάντες ἔχωμεν
odyssey,22,76,DDDDDA,ἀθρόοι εἴ κέ μιν οὐδοῦ ,ἀπώσομεν ἠδὲ θυράων
odyssey,22,77,SDDSDA,ἔλθωμεν δ ἀνὰ ἄστυ ,βοὴ δ ὤκιστα γένοιτο
odyssey,22,78,DDSDSA,τῷ κε τάχ οὗτος ἀνὴρ ,νῦν ὕστατα τοξάσσαιτο
odyssey,22,79,DSSDDA,ὣς ἄρα φωνήσας ,εἰρύσσατο φάσγανον ὀξὺ
odyssey,22,80,DDDDDA,χάλκεον ἀμφοτέρωθεν ,ἀκαχμένον ἆλτο δ ἐπ αὐτῷ
odyssey,22,81,DDDSDA,σμερδαλέα ἰάχων ,ὁ δ ἁμαρτῆ δῖος ὀδυσσεὺς
odyssey,22,82,DSDSDA,ἰὸν ἀποπροίει ,βάλε δὲ στῆθος παρὰ μαζόν
odyssey,22,83,DDDDDA,ἐν δέ οἱ ἥπατι πῆξε ,θοὸν βέλος ἐκ δ ἄρα χειρὸς
odyssey,22,84,DDDSDA,φάσγανον ἧκε χαμᾶζε ,περιρρηδὴς δὲ τραπέζῃ
odyssey,22,85,DSDDDA,κάππεσεν ἰδνωθείς ,ἀπὸ δ εἴδατα χεῦεν ἔραζε
odyssey,22,86,DDDDDA,καὶ δέπας ἀμφικύπελλον ,ὁ δὲ χθόνα τύπτε μετώπῳ
odyssey,22,87,DSDDDA,θυμῷ ἀνιάζων ,ποσὶ δὲ θρόνον ἀμφοτέροισι
odyssey,22,88,SDDSDA,λακτίζων ἐτίνασσε ,κατ ὀφθαλμῶν δ ἔχυτ ἀχλύς
odyssey,22,89,DDDDDA,ἀμφίνομος δ ὀδυσῆος ,ἐείσατο κυδαλίμοιο
odyssey,22,90,DSSDDA,ἀντίος ἀΐξας ,εἴρυτο δὲ φάσγανον ὀξύ
odyssey,22,91,SSDSDA,εἴ πώς οἱ εἴξειε ,θυράων ἀλλ ἄρα μιν φθῆ
odyssey,22,92,DDDSDA,τηλέμαχος κατόπισθε ,βαλὼν χαλκήρεϊ δουρὶ
odyssey,22,93,SSDSDA,ὤμων μεσσηγύς ,διὰ δὲ στήθεσφιν ἔλασσεν
odyssey,22,94,SDDDDA,δούπησεν δὲ πεσών ,χθόνα δ ἤλασε παντὶ μετώπῳ
odyssey,22,95,DDDDDA,τηλέμαχος δ ἀπόρουσε ,λιπὼν δολιχόσκιον ἔγχος
odyssey,22,96,DDDDDA,αὐτοῦ ἐν ἀμφινόμῳ ,περὶ γὰρ δίε μή τις ἀχαιῶν
odyssey,22,97,DDDDDA,ἔγχος ἀνελκόμενον ,δολιχόσκιον ἢ ἐλάσειε
odyssey,22,98,SSSDDA,φασγάνῳ ἀΐξας ἠὲ ,προπρηνέα τύψας
odyssey,22,99,DDDDDA,βῆ δὲ θέειν μάλα δ ὦκα ,φίλον πατέρ εἰσαφίκανεν
odyssey,22,100,SDDDDA,ἀγχοῦ δ ἱστάμενος ,ἔπεα πτερόεντα προσηύδα
odyssey,22,101,DSDSDA,ὦ πάτερ ἤδη τοι ,σάκος οἴσω καὶ δύο δοῦρε
odyssey,22,102,DSDDDA,καὶ κυνέην πάγχαλκον ,ἐπὶ κροτάφοις ἀραρυῖαν
odyssey,22,103,SDDSDA,αὐτός τ ἀμφιβαλεῦμαι ,ἰών δώσω δὲ συβώτῃ
odyssey,22,104,SDDSDA,καὶ τῷ βουκόλῳ ἄλλα ,τετευχῆσθαι γὰρ ἄμεινον
odyssey,22,105,DDDDDA,τὸν δ ἀπαμειβόμενος ,προσέφη πολύμητις ὀδυσσεύς
odyssey,22,106,DSDSDA,‘οἶσε θέων ἧός ,μοι ἀμύνεσθαι πάρ ὀϊστοί
odyssey,22,107,DSDSDA,μή μ ἀποκινήσωσι ,θυράων μοῦνον ἐόντα
odyssey,22,108,DDDDDA,ὣς φάτο τηλέμαχος ,δὲ φίλῳ ἐπεπείθετο πατρί
odyssey,22,109,DDDDDA,βῆ δ ἴμεναι θάλαμόνδ ,ὅθι οἱ κλυτὰ τεύχεα κεῖτο
odyssey,22,110,SDDDDA,ἔνθεν τέσσαρα μὲν ,σάκε ἔξελε δούρατα δ ὀκτὼ
odyssey,22,111,DDSDDA,καὶ πίσυρας κυνέας ,χαλκήρεας ἱπποδασείας
odyssey,22,112,DDDDDA,βῆ δὲ φέρων μάλα δ ὦκα ,φίλον πατέρ εἰσαφίκανεν
odyssey,22,113,SSDDDA,αὐτὸς δὲ πρώτιστα ,περὶ χροῒ δύσετο χαλκόν
odyssey,22,114,SSDSDA,ὣς δ αὔτως τὼ δμῶε ,δυέσθην τεύχεα καλά
odyssey,22,115,SDDDDA,ἔσταν δ ἀμφ ὀδυσῆα ,δαΐφρονα ποικιλομήτην
odyssey,22,116,DDDSDA,αὐτὰρ ὅ γ ὄφρα μὲν αὐτῷ ,ἀμύνεσθαι ἔσαν ἰοί
odyssey,22,117,SSDSDA,τόφρα μνηστήρων ,ἕνα γ αἰεὶ ᾧ ἐνὶ οἴκῳ
odyssey,22,118,DDSSDA,βάλλε τιτυσκόμενος ,τοὶ δ ἀγχιστῖνοι ἔπιπτον
odyssey,22,119,DDDSDA,αὐτὰρ ἐπεὶ λίπον ἰοὶ ,ὀϊστεύοντα ἄνακτα
odyssey,22,120,SSDDDA,τόξον μὲν πρὸς σταθμὸν ,ἐϋσταθέος μεγάροιο
odyssey,22,121,SDDDDA,ἔκλιν ἑστάμεναι ,πρὸς ἐνώπια παμφανόωντα
odyssey,22,122,SSDDDA,αὐτὸς δ ἀμφ ὤμοισι ,σάκος θέτο τετραθέλυμνον
odyssey,22,123,DSDSDA,κρατὶ δ ἐπ ἰφθίμῳ ,κυνέην εὔτυκτον ἔθηκεν
odyssey,22,124,SSDDDA,ἵππουριν δεινὸν ,δὲ λόφος καθύπερθεν ἔνευεν
odyssey,22,125,DDDDDA,εἵλετο δ ἄλκιμα δοῦρε ,δύω κεκορυθμένα χαλκῷ
odyssey,22,126,DDDSDA,ὀρσοθύρη δέ τις ἔσκεν ,ἐϋδμήτῳ ἐνὶ τοίχῳ
odyssey,22,127,DDDDDA,ἀκρότατον δὲ παρ οὐδὸν ,ἐϋσταθέος μεγάροιο
odyssey,22,128,DSDDDA,ἦν ὁδὸς ἐς λαύρην ,σανίδες δ ἔχον εὖ ἀραρυῖαι
odyssey,22,129,DSDSDA,τὴν δ ὀδυσεὺς φράζεσθαι ,ἀνώγει δῖον ὑφορβὸν
odyssey,22,130,DSDSDA,ἑσταότ ἄγχ αὐτῆς ,μία δ οἴη γίγνετ ἐφορμή
odyssey,22,131,DDDSDA,τοῖς δ ἀγέλεως μετέειπεν ,ἔπος πάντεσσι πιφαύσκων
odyssey,22,132,DSDDDA,ὦ φίλοι οὐκ ἂν δή ,τις ἀν ὀρσοθύρην ἀναβαίη
odyssey,22,133,SSDSDA,καὶ εἴποι λαοῖσι ,βοὴ δ ὤκιστα γένοιτο
odyssey,22,134,DDSDSA,τῷ κε τάχ οὗτος ἀνὴρ ,νῦν ὕστατα τοξάσσαιτο
odyssey,22,135,SDDDDA,τὸν δ αὖτε προσέειπε ,μελάνθιος αἰπόλος αἰγῶν
odyssey,22,136,SDDDDA,‘οὔ πως ἔστ ἀγέλαε ,διοτρεφές ἄγχι γὰρ αἰνῶς
odyssey,22,137,SDDDDA,αὐλῆς καλὰ θύρετρα ,καὶ ἀργαλέον στόμα λαύρης
odyssey,22,138,SDDSDA,καί χ εἷς πάντας ἐρύκοι ,ἀνήρ ὅς τ ἄλκιμος εἴη
odyssey,22,139,DSDSSA,ἀλλ ἄγεθ ὑμῖν τεύχε ,ἐνείκω θωρηχθῆναι
odyssey,22,140,DSDDDA,ἐκ θαλάμου ἔνδον ,γάρ ὀΐομαι οὐδέ πη ἄλλῃ
odyssey,22,141,DSDSDA,τεύχεα κατθέσθην ,ὀδυσεὺς καὶ φαίδιμος υἱός
odyssey,22,142,SDDDDA,ὣς εἰπὼν ἀνέβαινε ,μελάνθιος αἰπόλος αἰγῶν
odyssey,22,143,DDDSDA,εἰς θαλάμους ὀδυσῆος ,ἀνὰ ῥῶγας μεγάροιο
odyssey,22,144,SDDDDA,ἔνθεν δώδεκα μὲν ,σάκε ἔξελε τόσσα δὲ δοῦρα
odyssey,22,145,SDSDDA,καὶ τόσσας κυνέας ,χαλκήρεας ἱπποδασείας
odyssey,22,146,DDDSDA,βῆ δ ἴμεναι μάλα δ ὦκα ,φέρων μνηστῆρσιν ἔδωκεν
odyssey,22,147,DSDDDA,καὶ τότ ὀδυσσῆος ,λύτο γούνατα καὶ φίλον ἦτορ
odyssey,22,148,DDDDDA,ὡς περιβαλλομένους ,ἴδε τεύχεα χερσί τε δοῦρα
odyssey,22,149,DSDSDA,μακρὰ τινάσσοντας ,μέγα δ αὐτῷ φαίνετο ἔργον
odyssey,22,150,DDDDDA,αἶψα δὲ τηλέμαχον ,ἔπεα πτερόεντα προσηύδα
odyssey,22,151,DDDDDA,τηλέμαχ ἦ μάλα δή ,τις ἐνὶ μεγάροισι γυναικῶν
odyssey,22,152,SDDDDA,νῶϊν ἐποτρύνει ,πόλεμον κακὸν ἠὲ μελανθεύς
odyssey,22,153,SDSDDA,τὸν δ αὖ τηλέμαχος ,πεπνυμένος ἀντίον ηὔδα
odyssey,22,154,DDDDDA,‘ὦ πάτερ αὐτὸς ἐγὼ ,τόδε γ ἤμβροτον—οὐδέ τις ἄλλος
odyssey,22,155,DDDDDA,αἴτιος—ὃς θαλάμοιο ,θύρην πυκινῶς ἀραρυῖαν
odyssey,22,156,DSSDDA,κάλλιπον ἀγκλίνας ,τῶν δὲ σκοπὸς ἦεν ἀμείνων
odyssey,22,157,DSDDDA,ἀλλ ἴθι δῖ εὔμαιε ,θύρην ἐπίθες θαλάμοιο
odyssey,22,158,DDDSDA,καὶ φράσαι ἤ τις ἄρ ἐστὶ ,γυναικῶν ἣ τάδε ῥέζει
odyssey,22,159,SDDSDA,ἢ υἱὸς δολίοιο ,μελανθεύς τόν περ ὀΐω
odyssey,22,160,SSDSDA,ὣς οἱ μὲν τοιαῦτα ,πρὸς ἀλλήλους ἀγόρευον
odyssey,22,161,SDDDDA,βῆ δ αὖτις θάλαμόνδε ,μελάνθιος αἰπόλος αἰγῶν
odyssey,22,162,SDDDDA,οἴσων τεύχεα καλά ,νόησε δὲ δῖος ὑφορβός
odyssey,22,163,DSDDDA,αἶψα δ ὀδυσσῆα ,προσεφώνεεν ἐγγὺς ἐόντα
odyssey,22,164,DSDDDA,διογενὲς λαερτιάδη ,πολυμήχαν ὀδυσσεῦ
odyssey,22,165,SDDDDA,κεῖνος δ αὖτ ἀΐδηλος ,ἀνήρ ὃν ὀϊόμεθ αὐτοί
odyssey,22,166,DDDSDA,ἔρχεται ἐς θάλαμον ,σὺ δέ μοι νημερτὲς ἐνίσπες
odyssey,22,167,DSSSDA,ἤ μιν ἀποκτείνω ,αἴ κε κρείσσων γε γένωμαι
odyssey,22,168,DDDDDA,ἦε σοὶ ἐνθάδ ἄγω ,ἵν ὑπερβασίας ἀποτίσῃ
odyssey,22,169,SSDDDA,πολλάς ὅσσας οὗτος ,ἐμήσατο σῷ ἐνὶ οἴκῳ
odyssey,22,170,DDDDDA,τὸν δ ἀπαμειβόμενος ,προσέφη πολύμητις ὀδυσσεύς
odyssey,22,171,DSDSDA,‘ἦ τοι ἐγὼ καὶ τηλέμαχος ,μνηστῆρας ἀγαυοὺς
odyssey,22,172,DSDDDA,σχήσομεν ἔντοσθεν ,μεγάρων μάλα περ μεμαῶτας
odyssey,22,173,DSDSDA,σφῶϊ δ ἀποστρέψαντε ,πόδας καὶ χεῖρας ὕπερθεν
odyssey,22,174,DDDSDA,ἐς θάλαμον βαλέειν ,σανίδας δ ἐκδῆσαι ὄπισθε
odyssey,22,175,SSSSSA,σειρὴν δὲ πλεκτὴν ,ἐξ αὐτοῦ πειρήναντε
odyssey,22,176,DSDDDA,κίον ἀν ὑψηλὴν ,ἐρύσαι πελάσαι τε δοκοῖσιν
odyssey,22,177,SSDDDA,ὥς κεν δηθὰ ζωὸς ,ἐὼν χαλέπ ἄλγεα πάσχῃ
odyssey,22,178,DDDDDA,ὣς ἔφαθ οἱ δ ἄρα τοῦ ,μάλα μὲν κλύον ἠδ ἐπίθοντο
odyssey,22,179,DDDDDA,βὰν δ ἴμεν ἐς θάλαμον ,λαθέτην δέ μιν ἔνδον ἐόντα
odyssey,22,180,DDDDDA,ἦ τοι ὁ μὲν θαλάμοιο ,μυχὸν κάτα τεύχε ἐρεύνα
odyssey,22,181,SDDSDA,τὼ δ ἔσταν ἑκάτερθε ,παρὰ σταθμοῖσι μένοντε
odyssey,22,182,DDDDDA,εὖθ ὑπὲρ οὐδὸν ἔβαινε ,μελάνθιος αἰπόλος αἰγῶν
odyssey,22,183,DSDSDA,τῇ ἑτέρῃ μὲν χειρὶ ,φέρων καλὴν τρυφάλειαν
odyssey,22,184,DDDDDA,τῇ δ ἑτέρῃ σάκος εὐρὺ ,γέρον πεπαλαγμένον ἄζῃ
odyssey,22,185,SSDSDA,λαέρτεω ἥρωος ,ὃ κουρίζων φορέεσκε
odyssey,22,186,DSDDDA,δὴ τότε γ ἤδη κεῖτο ,ῥαφαὶ δὲ λέλυντο ἱμάντων
odyssey,22,187,DSDDDA,τὼ δ ἄρ ἐπαΐξανθ ,ἑλέτην ἔρυσάν τέ μιν εἴσω
odyssey,22,188,SDDDDA,κουρίξ ἐν δαπέδῳ ,δὲ χαμαὶ βάλον ἀχνύμενον κῆρ
odyssey,22,189,DSDSDA,σὺν δὲ πόδας χεῖράς ,τε δέον θυμαλγέϊ δεσμῷ
odyssey,22,190,DSDDDA,εὖ μάλ ἀποστρέψαντε ,διαμπερές ὡς ἐκέλευσεν
odyssey,22,191,SSDSDA,υἱὸς λαέρταο ,πολύτλας δῖος ὀδυσσεύς
odyssey,22,192,SSSSSA,σειρὴν δὲ πλεκτὴν ,ἐξ αὐτοῦ πειρήναντε
odyssey,22,193,DSDDDA,κίον ἀν ὑψηλὴν ,ἔρυσαν πέλασάν τε δοκοῖσι
odyssey,22,194,DDDSDA,τὸν δ ἐπικερτομέων ,προσέφης εὔμαιε συβῶτα
odyssey,22,195,SDDDDA,νῦν μὲν δὴ μάλα πάγχυ ,μελάνθιε νύκτα φυλάξεις
odyssey,22,196,DDDDDA,εὐνῇ ἔνι μαλακῇ ,καταλέγμενος ὥς σε ἔοικεν
odyssey,22,197,DDDDDA,οὐδέ σέ γ ἠριγένεια ,παρ ὠκεανοῖο ῥοάων
odyssey,22,198,DDSDDA,λήσει ἐπερχομένη ,χρυσόθρονος ἡνίκ ἀγινεῖς
odyssey,22,199,SSDDDA,αἶγας μνηστήρεσσι ,δόμον κάτα δαῖτα πένεσθαι
odyssey,22,200,DDDDDA,ὣς ὁ μὲν αὖθι λέλειπτο ,ταθεὶς ὀλοῷ ἐνὶ δεσμῷ
odyssey,22,201,SDDDDA,τὼ δ ἐς τεύχεα δύντε ,θύρην ἐπιθέντε φαεινήν
odyssey,22,202,SDDDDA,βήτην εἰς ὀδυσῆα ,δαΐφρονα ποικιλομήτην
odyssey,22,203,DSDDDA,ἔνθα μένος πνείοντες ,ἐφέστασαν οἱ μὲν ἐπ οὐδοῦ
odyssey,22,204,DSDDDA,τέσσαρες οἱ δ ἔντοσθε ,δόμων πολέες τε καὶ ἐσθλοί
odyssey,22,205,DDDDDA,τοῖσι δ ἐπ ἀγχίμολον ,θυγάτηρ διὸς ἦλθεν ἀθήνη
odyssey,22,206,DDSDDA,μέντορι εἰδομένη ,ἠμὲν δέμας ἠδὲ καὶ αὐδήν
odyssey,22,207,DSDSDA,τὴν δ ὀδυσεὺς γήθησεν ,ἰδὼν καὶ μῦθον ἔειπε
odyssey,22,208,DDSDDA,μέντορ ἄμυνον ἀρήν ,μνῆσαι δ ἑτάροιο φίλοιο
odyssey,22,209,DSDDDA,ὅς σ ἀγαθὰ ῥέζεσκον ,ὁμηλικίην δέ μοί ἐσσι
odyssey,22,210,DDSDDA,ὣς φάτ ὀϊόμενος ,λαοσσόον ἔμμεν ἀθήνην
odyssey,22,211,SDDDDA,μνηστῆρες δ ἑτέρωθεν ,ὁμόκλεον ἐν μεγάροισι
odyssey,22,212,SDDDDA,πρῶτος τήν γ ἐνένιπε ,δαμαστορίδης ἀγέλαος
odyssey,22,213,SDDDDA,μέντορ μή σ ἐπέεσσι ,παραιπεπίθῃσιν ὀδυσσεὺς
odyssey,22,214,SDDDDA,μνηστήρεσσι μάχεσθαι ,ἀμυνέμεναι δέ οἱ αὐτῷ
odyssey,22,215,DDDDDA,ὧδε γὰρ ἡμέτερόν ,γε νόον τελέεσθαι ὀΐω
odyssey,22,216,DSSDDA,ὁππότε κεν τούτους ,κτέωμεν πατέρ ἠδὲ καὶ υἱόν
odyssey,22,217,DDDDDA,ἐν δὲ σὺ τοῖσιν ἔπειτα ,πεφήσεαι οἷα μενοινᾷς
odyssey,22,218,SDSSDA,ἔρδειν ἐν μεγάροις ,σῷ δ αὐτοῦ κράατι τίσεις
odyssey,22,219,DDDDDA,αὐτὰρ ἐπὴν ὑμέων ,γε βίας ἀφελώμεθα χαλκῷ
odyssey,22,220,DDDDDA,κτήμαθ ὁπόσσα τοί ἐστι ,τά τ ἔνδοθι καὶ τὰ θύρηφι
odyssey,22,221,DSDDDA,τοῖσιν ὀδυσσῆος ,μεταμίξομεν οὐδέ τοι υἷας
odyssey,22,222,SDDDDA,ζώειν ἐν μεγάροισιν ,ἐάσομεν οὐδέ θύγατρας
odyssey,22,223,DSDDDA,οὐδ ἄλοχον κεδνὴν ,ἰθάκης κατὰ ἄστυ πολεύειν
odyssey,22,224,DSDDDA,ὣς φάτ ἀθηναίη ,δὲ χολώσατο κηρόθι μᾶλλον
odyssey,22,225,SDDSDA,νείκεσσεν δ ὀδυσῆα ,χολωτοῖσιν ἐπέεσσιν
odyssey,22,226,DDDDDA,οὐκέτι σοί γ ὀδυσεῦ ,μένος ἔμπεδον οὐδέ τις ἀλκή
odyssey,22,227,DDSDDA,οἵη ὅτ ἀμφ ἑλένῃ ,λευκωλένῳ εὐπατερείῃ
odyssey,22,228,DSDDDA,εἰνάετες τρώεσσιν ,ἐμάρναο νωλεμὲς αἰεί
odyssey,22,229,SDDSDA,πολλοὺς δ ἄνδρας ἔπεφνες ,ἐν αἰνῇ δηϊοτῆτι
odyssey,22,230,SSDDDA,σῇ δ ἥλω βουλῇ ,πριάμου πόλις εὐρυάγυια
odyssey,22,231,SDDSDA,πῶς δὴ νῦν ὅτε σόν ,τε δόμον καὶ κτήμαθ ἱκάνεις
odyssey,22,232,SSDDDA,ἄντα μνηστήρων ,ὀλοφύρεαι ἄλκιμος εἶναι
odyssey,22,233,DDDDDA,ἀλλ ἄγε δεῦρο πέπον ,παρ ἔμ ἵστασο καὶ ἴδε ἔργον
odyssey,22,234,SSDDDA,ὄφρ εἰδῇς οἷός ,τοι ἐν ἀνδράσι δυσμενέεσσιν
odyssey,22,235,SDSDDA,μέντωρ ἀλκιμίδης ,εὐεργεσίας ἀποτίνειν
odyssey,22,236,DSDDDA,ἦ ῥα καὶ οὔ πω πάγχυ ,δίδου ἑτεραλκέα νίκην
odyssey,22,237,DDDSSA,ἀλλ ἔτ ἄρα σθένεός ,τε καὶ ἀλκῆς πειρήτιζεν
odyssey,22,238,DSSSDA,ἠμὲν ὀδυσσῆος ,ἠδ υἱοῦ κυδαλίμοιο
odyssey,22,239,SDDDDA,αὐτὴ δ αἰθαλόεντος ,ἀνὰ μεγάροιο μέλαθρον
odyssey,22,240,DSDDDA,ἕζετ ἀναΐξασα ,χελιδόνι εἰκέλη ἄντην
odyssey,22,241,SSDDDA,μνηστῆρας δ ὤτρυνε ,δαμαστορίδης ἀγέλαος
odyssey,22,242,DDDSDA,εὐρύνομός τε καὶ ἀμφιμέδων ,δημοπτόλεμός τε
odyssey,22,243,SDDDDA,πείσανδρός τε πολυκτορίδης ,πόλυβός τε δαΐφρων
odyssey,22,244,SSDDDA,οἱ γὰρ μνηστήρων ,ἀρετῇ ἔσαν ἔξοχ ἄριστοι
odyssey,22,245,DSDDDA,ὅσσοι ἔτ ἔζωον ,περί τε ψυχέων ἐμάχοντο
odyssey,22,246,SDDSDA,τοὺς δ ἤδη ἐδάμασσε ,βιὸς καὶ ταρφέες ἰοί
odyssey,22,247,DDDSDA,τοῖς δ ἀγέλεως μετέειπεν ,ἔπος πάντεσσι πιφαύσκων
odyssey,22,248,DSDDDA,ὦ φίλοι ἤδη σχήσει ,ἀνὴρ ὅδε χεῖρας ἀάπτους
odyssey,22,249,SSDDDA,καὶ δή οἱ μέντωρ ,μὲν ἔβη κενὰ εὔγματα εἰπών
odyssey,22,250,SSDSDA,οἱ δ οἶοι λείπονται ,ἐπὶ πρώτῃσι θύρῃσι
odyssey,22,251,SDDDDA,τῷ νῦν μὴ ἅμα πάντες ,ἐφίετε δούρατα μακρά
odyssey,22,252,DSDDDA,ἀλλ ἄγεθ οἱ ἓξ πρῶτον ,ἀκοντίσατ αἴ κέ ποθι ζεὺς
odyssey,22,253,DSSSDA,δώῃ ὀδυσσῆα ,βλῆσθαι καὶ κῦδος ἀρέσθαι
odyssey,22,254,SSDSDA,τῶν δ ἄλλων οὐ κῆδος ,ἐπὴν οὗτός γε πέσῃσιν
odyssey,22,255,DDDDDA,ὣς ἔφαθ οἱ δ ἄρα πάντες ,ἀκόντισαν ὡς ἐκέλευεν
odyssey,22,256,DDDDDA,ἱέμενοι τὰ δὲ πάντα ,ἐτώσια θῆκεν ἀθήνη
odyssey,22,257,SSDDDA,τῶν ἄλλος μὲν σταθμὸν ,ἐϋσταθέος μεγάροιο
odyssey,22,258,SSDDDA,βεβλήκει ἄλλος ,δὲ θύρην πυκινῶς ἀραρυῖαν
odyssey,22,259,SSDDDA,ἄλλου δ ἐν τοίχῳ ,μελίη πέσε χαλκοβάρεια
odyssey,22,260,DSDSSA,αὐτὰρ ἐπεὶ δὴ δούρατ ,ἀλεύαντο μνηστήρων
odyssey,22,261,DSDSDA,τοῖς δ ἄρα μύθων ἦρχε ,πολύτλας δῖος ὀδυσσεύς
odyssey,22,262,DSDSDA,ὦ φίλοι ἤδη μέν ,κεν ἐγὼν εἴποιμι καὶ ἄμμι
odyssey,22,263,SDDDDA,μνηστήρων ἐς ὅμιλον ,ἀκοντίσαι οἳ μεμάασιν
odyssey,22,264,DDDDDA,ἡμέας ἐξεναρίξαι ,ἐπὶ προτέροισι κακοῖσιν
odyssey,22,265,DDDDDA,ὣς ἔφαθ οἱ δ ἄρα πάντες ,ἀκόντισαν ὀξέα δοῦρα
odyssey,22,266,DDSDDA,ἄντα τιτυσκόμενοι ,δημοπτόλεμον μὲν ὀδυσσεύς
odyssey,22,267,DDDDDA,εὐρυάδην δ ἄρα τηλέμαχος ,ἔλατον δὲ συβώτης
odyssey,22,268,SDDDDA,πείσανδρον δ ἄρ ἔπεφνε ,βοῶν ἐπιβουκόλος ἀνήρ
odyssey,22,269,DDDDDA,οἱ μὲν ἔπειθ ἅμα πάντες ,ὀδὰξ ἕλον ἄσπετον οὖδας
odyssey,22,270,SDSDDA,μνηστῆρες δ ἀνεχώρησαν ,μεγάροιο μυχόνδε
odyssey,22,271,DSDSDA,τοὶ δ ἄρ ἐπήϊξαν ,νεκύων δ ἐξ ἔγχε ἕλοντο
odyssey,22,272,SSDDDA,αὖτις δὲ μνηστῆρες ,ἀκόντισαν ὀξέα δοῦρα
odyssey,22,273,DDDDDA,ἱέμενοι τὰ δὲ πολλὰ ,ἐτώσια θῆκεν ἀθήνη
odyssey,22,274,SSDDDA,τῶν ἄλλος μὲν σταθμὸν ,ἐϋσταθέος μεγάροιο
odyssey,22,275,SSDDDA,βεβλήκειν ἄλλος ,δὲ θύρην πυκινῶς ἀραρυῖαν
odyssey,22,276,SSDDDA,ἄλλου δ ἐν τοίχῳ ,μελίη πέσε χαλκοβάρεια
odyssey,22,277,DDDDDA,ἀμφιμέδων δ ἄρα τηλέμαχον ,βάλε χεῖρ ἐπὶ καρπῷ
odyssey,22,278,SSSSDA,λίγδην ἄκρον δὲ ,ῥινὸν δηλήσατο χαλκός
odyssey,22,279,SSDDDA,κτήσιππος δ εὔμαιον ,ὑπὲρ σάκος ἔγχεϊ μακρῷ
odyssey,22,280,DSDDDA,ὦμον ἐπέγραψεν ,τὸ δ ὑπέρπτατο πῖπτε δ ἔραζε
odyssey,22,281,SDDDDA,τοὶ δ αὖτ ἀμφ ὀδυσῆα ,δαΐφρονα ποικιλομήτην
odyssey,22,282,SDDDDA,μνηστήρων ἐς ὅμιλον ,ἀκόντισαν ὀξέα δοῦρα
odyssey,22,283,SDDDDA,ἔνθ αὖτ εὐρυδάμαντα ,βάλε πτολίπορθος ὀδυσσεύς
odyssey,22,284,DDDDDA,ἀμφιμέδοντα δὲ τηλέμαχος ,πόλυβον δὲ συβώτης
odyssey,22,285,SDDDDA,κτήσιππον δ ἄρ ἔπειτα ,βοῶν ἐπιβουκόλος ἀνὴρ
odyssey,22,286,SSDDDA,βεβλήκει πρὸς στῆθος ,ἐπευχόμενος δὲ προσηύδα
odyssey,22,287,DDDDDA,ὦ πολυθερσεΐδη ,φιλοκέρτομε μή ποτε πάμπαν
odyssey,22,288,SDDSDA,εἴκων ἀφραδίῃς ,μέγα εἰπεῖν ἀλλὰ θεοῖσιν
odyssey,22,289,DSDDDA,μῦθον ἐπιτρέψαι ,ἐπεὶ ἦ πολὺ φέρτεροί εἰσι
odyssey,22,290,DDSDDA,τοῦτό τοι ἀντὶ ποδὸς ,ξεινήϊον ὅν ποτ ἔδωκας
odyssey,22,291,DDDDSA,ἀντιθέῳ ὀδυσῆϊ ,δόμον κάτ ἀλητεύοντι
odyssey,22,292,DDDDDA,ἦ ῥα βοῶν ἑλίκων ,ἐπιβουκόλος αὐτὰρ ὀδυσσεὺς
odyssey,22,293,DDSDDA,οὖτα δαμαστορίδην ,αὐτοσχεδὸν ἔγχεϊ μακρῷ
odyssey,22,294,DSDSDA,τηλέμαχος δ εὐηνορίδην ,λειώκριτον οὖτα
odyssey,22,295,DDDDDA,δουρὶ μέσον κενεῶνα ,διαπρὸ δὲ χαλκὸν ἔλασσεν
odyssey,22,296,DSDDDA,ἤριπε δὲ πρηνής ,χθόνα δ ἤλασε παντὶ μετώπῳ
odyssey,22,297,DSSDDA,δὴ τότ ἀθηναίη ,φθισίμβροτον αἰγίδ ἀνέσχεν
odyssey,22,298,DDSDSA,ὑψόθεν ἐξ ὀροφῆς ,τῶν δὲ φρένες ἐπτοίηθεν
odyssey,22,299,DDDDDA,οἱ δ ἐφέβοντο κατὰ ,μέγαρον βόες ὣς ἀγελαῖαι
odyssey,22,300,SDDSDA,τὰς μέν τ αἰόλος οἶστρος ,ἐφορμηθεὶς ἐδόνησεν
odyssey,22,301,DDDDDA,ὥρῃ ἐν εἰαρινῇ ,ὅτε τ ἤματα μακρὰ πέλονται
odyssey,22,302,SDSDDA,οἱ δ ὥς τ αἰγυπιοὶ ,γαμψώνυχες ἀγκυλοχεῖλαι
odyssey,22,303,DSDSDA,ἐξ ὀρέων ἐλθόντες ,ἐπ ὀρνίθεσσι θόρωσι
odyssey,22,304,SDDSDA,ταὶ μέν τ ἐν πεδίῳ ,νέφεα πτώσσουσαι ἵενται
odyssey,22,305,DDDDDA,οἱ δέ τε τὰς ὀλέκουσιν ,ἐπάλμενοι οὐδέ τις ἀλκὴ
odyssey,22,306,DDSDDA,γίγνεται οὐδὲ φυγή ,χαίρουσι δέ τ ἀνέρες ἄγρῃ
odyssey,22,307,DSDDDA,ὣς ἄρα τοὶ μνηστῆρας ,ἐπεσσύμενοι κατὰ δῶμα
odyssey,22,308,DDSDDA,τύπτον ἐπιστροφάδην ,τῶν δὲ στόνος ὤρνυτ ἀεικὴς
odyssey,22,309,SDDDDA,κράτων τυπτομένων ,δάπεδον δ ἅπαν αἵματι θῦε
odyssey,22,310,SDDDDA,λειώδης δ ὀδυσῆος ,ἐπεσσύμενος λάβε γούνων
odyssey,22,311,SDDDDA,καί μιν λισσόμενος ,ἔπεα πτερόεντα προσηύδα
odyssey,22,312,SDDDDA,γουνοῦμαί σ ὀδυσεῦ ,σὺ δέ μ αἴδεο καί μ ἐλέησον
odyssey,22,313,SDDSDA,οὐ γάρ πώ τινά φημι ,γυναικῶν ἐν μεγάροισιν
odyssey,22,314,SDDDDA,εἰπεῖν οὐδέ τι ῥέξαι ,ἀτάσθαλον ἀλλὰ καὶ ἄλλους
odyssey,22,315,SSDSDA,παύεσκον μνηστῆρας ,ὅτις τοιαῦτά γε ῥέζοι
odyssey,22,316,DSDDDA,ἀλλά μοι οὐ πείθοντο ,κακῶν ἄπο χεῖρας ἔχεσθαι
odyssey,22,317,DDDDDA,τῷ καὶ ἀτασθαλίῃσιν ,ἀεικέα πότμον ἐπέσπον
odyssey,22,318,DDDDDA,αὐτὰρ ἐγὼ μετὰ τοῖσι ,θυοσκόος οὐδὲν ἐοργὼς
odyssey,22,319,DSDDSA,κείσομαι ὡς οὐκ ἔστι ,χάρις μετόπισθ εὐεργέων
odyssey,22,320,DDDDDA,τὸν δ ἄρ ὑπόδρα ἰδὼν ,προσέφη πολύμητις ὀδυσσεύς
odyssey,22,321,SDDDDA,‘εἰ μὲν δὴ μετὰ τοῖσι ,θυοσκόος εὔχεαι εἶναι
odyssey,22,322,DSSDDA,πολλάκι που μέλλεις ,ἀρήμεναι ἐν μεγάροισι
odyssey,22,323,DSDDDA,τηλοῦ ἐμοὶ νόστοιο ,τέλος γλυκεροῖο γενέσθαι
odyssey,22,324,DDSSDA,σοὶ δ ἄλοχόν τε φίλην ,σπέσθαι καὶ τέκνα τεκέσθαι
odyssey,22,325,SDDDDA,τῷ οὐκ ἂν θάνατόν ,γε δυσηλεγέα προφύγοισθα
odyssey,22,326,DSDDDA,ὣς ἄρα φωνήσας ,ξίφος εἵλετο χειρὶ παχείῃ
odyssey,22,327,DDDDDA,κείμενον ὅ ῥ ἀγέλαος ,ἀποπροέηκε χαμᾶζε
odyssey,22,328,DSDDDA,κτεινόμενος τῷ τόν ,γε κατ αὐχένα μέσσον ἔλασσε
odyssey,22,329,DDDDDA,φθεγγομένου δ ἄρα τοῦ ,γε κάρη κονίῃσιν ἐμίχθη
odyssey,22,330,DDDDDA,τερπιάδης δ ἔτ ἀοιδὸς ,ἀλύσκανε κῆρα μέλαιναν
odyssey,22,331,DSDSDA,φήμιος ὅς ῥ ἤειδε ,μετὰ μνηστῆρσιν ἀνάγκῃ
odyssey,22,332,SSDSDA,ἔστη δ ἐν χείρεσσίν ,ἔχων φόρμιγγα λίγειαν
odyssey,22,333,DDDDSA,ἄγχι παρ ὀρσοθύρην ,δίχα δὲ φρεσὶ μερμήριζεν
odyssey,22,334,SDDDDA,ἢ ἐκδὺς μεγάροιο ,διὸς μεγάλου ποτὶ βωμὸν
odyssey,22,335,SSDDDA,ἑρκείου ἵζοιτο ,τετυγμένον ἔνθ ἄρα πολλὰ
odyssey,22,336,SDDDDA,λαέρτης ὀδυσεύς ,τε βοῶν ἐπὶ μηρί ἔκηαν
odyssey,22,337,SSDSDA,ἦ γούνων λίσσοιτο ,προσαΐξας ὀδυσῆα
odyssey,22,338,DDDDDA,ὧδε δέ οἱ φρονέοντι ,δοάσσατο κέρδιον εἶναι
odyssey,22,339,SSSDDA,γούνων ἅψασθαι ,λαερτιάδεω ὀδυσῆος
odyssey,22,340,DSDDDA,ἦ τοι ὁ φόρμιγγα ,γλαφυρὴν κατέθηκε χαμᾶζε
odyssey,22,341,SSDDDA,μεσσηγὺς κρητῆρος ,ἰδὲ θρόνου ἀργυροήλου
odyssey,22,342,SDDSDA,αὐτὸς δ αὖτ ὀδυσῆα ,προσαΐξας λάβε γούνων
odyssey,22,343,SDDDDA,καί μιν λισσόμενος ,ἔπεα πτερόεντα προσηύδα
odyssey,22,344,SDDDDA,γουνοῦμαί σ ὀδυσεῦ ,σὺ δέ μ αἴδεο καί μ ἐλέησον
odyssey,22,345,SDDDDA,αὐτῷ τοι μετόπισθ ,ἄχος ἔσσεται εἴ κεν ἀοιδὸν
odyssey,22,346,SDDSDA,πέφνῃς ὅς τε θεοῖσι ,καὶ ἀνθρώποισιν ἀείδω
odyssey,22,347,DSDDDA,αὐτοδίδακτος δ εἰμί ,θεὸς δέ μοι ἐν φρεσὶν οἴμας
odyssey,22,348,SDDDDA,παντοίας ἐνέφυσεν ,ἔοικα δέ τοι παραείδειν
odyssey,22,349,DSSDDA,ὥς τε θεῷ τῷ με ,λιλαίεο δειροτομῆσαι
odyssey,22,350,SDDSDA,καί κεν τηλέμαχος ,τάδε γ εἴποι σὸς φίλος υἱός
odyssey,22,351,DDSDDA,ὡς ἐγὼ οὔ τι ἑκὼν ,ἐς σὸν δόμον οὐδὲ χατίζων
odyssey,22,352,SSDDDA,πωλεύμην μνηστῆρσιν ,ἀεισόμενος μετὰ δαῖτας
odyssey,22,353,DDSDDA,ἀλλὰ πολὺ πλέονες ,καὶ κρείσσονες ἦγον ἀνάγκῃ
odyssey,22,354,DSDSDA,ὣς φάτο τοῦ δ ἤκουσ ,ἱερὴ ἲς τηλεμάχοιο
odyssey,22,355,DDDDDA,αἶψα δ ἑὸν πατέρα ,προσεφώνεεν ἐγγὺς ἐόντα
odyssey,22,356,DDDDDA,ἴσχεο μηδέ τι τοῦτον ,ἀναίτιον οὔταε χαλκῷ
odyssey,22,357,SDDDDA,καὶ κήρυκα μέδοντα ,σαώσομεν ὅς τέ μευ αἰεὶ
odyssey,22,358,DDSDDA,οἴκῳ ἐν ἡμετέρῳ ,κηδέσκετο παιδὸς ἐόντος
odyssey,22,359,SDDDDA,εἰ δὴ μή μιν ἔπεφνε ,φιλοίτιος ἠὲ συβώτης
odyssey,22,360,DDDDDA,ἠὲ σοὶ ἀντεβόλησεν ,ὀρινομένῳ κατὰ δῶμα
odyssey,22,361,DSDSDA,ὣς φάτο τοῦ δ ἤκουσε ,μέδων πεπνυμένα εἰδώς
odyssey,22,362,SDDDDA,πεπτηὼς γὰρ ἔκειτο ,ὑπὸ θρόνον ἀμφὶ δὲ δέρμα
odyssey,22,363,DDDSDA,ἕστο βοὸς νεόδαρτον ,ἀλύσκων κῆρα μέλαιναν
odyssey,22,364,DDDDDA,αἶψα δ ἀπὸ θρόνου ὦρτο ,θοῶς δ ἀπέδυνε βοείην
odyssey,22,365,DDDSDA,τηλέμαχον δ ἄρ ἔπειτα ,προσαΐξας λάβε γούνων
odyssey,22,366,SDDDDA,καί μιν λισσόμενος ,ἔπεα πτερόεντα προσηύδα
odyssey,22,367,DDDDDA,ὦ φίλ ἐγὼ μὲν ὅδ εἰμί ,σὺ δ ἴσχεο εἰπὲ δὲ πατρὶ
odyssey,22,368,DDSDDA,μή με περισθενέων ,δηλήσεται ὀξέϊ χαλκῷ
odyssey,22,369,SSDDDA,ἀνδρῶν μνηστήρων ,κεχολωμένος οἵ οἱ ἔκειρον
odyssey,22,370,DDDDDA,κτήματ ἐνὶ μεγάροις ,σὲ δὲ νήπιοι οὐδὲν ἔτιον
odyssey,22,371,DSDDDA,τὸν δ ἐπιμειδήσας ,προσέφη πολύμητις ὀδυσσεύς
odyssey,22,372,DSDDDA,‘θάρσει ἐπεὶ δή σ οὗτος ,ἐρύσσατο καὶ ἐσάωσεν
odyssey,22,373,SDDSDA,ὄφρα γνῷς κατὰ θυμόν ,ἀτὰρ εἴπῃσθα καὶ ἄλλῳ
odyssey,22,374,DSSDDA,ὡς κακοεργίης ,εὐεργεσίη μέγ ἀμείνων
odyssey,22,375,SSDSDA,ἀλλ ἐξελθόντες ,μεγάρων ἕζεσθε θύραζε
odyssey,22,376,DSDDDA,ἐκ φόνου εἰς αὐλήν ,σύ τε καὶ πολύφημος ἀοιδός
odyssey,22,377,DDDDDA,ὄφρ ἂν ἐγὼ κατὰ δῶμα ,πονήσομαι ὅττεό με χρή
odyssey,22,378,DSSDDA,ὣς φάτο τὼ δ ἔξω ,βήτην μεγάροιο κιόντε
odyssey,22,379,SDDDDA,ἑζέσθην δ ἄρα τώ ,γε διὸς μεγάλου ποτὶ βωμόν
odyssey,22,380,DSDDDA,πάντοσε παπταίνοντε ,φόνον ποτιδεγμένω αἰεί
odyssey,22,381,SDDDDA,πάπτηνεν δ ὀδυσεὺς ,καθ ἑὸν δόμον εἴ τις ἔτ ἀνδρῶν
odyssey,22,382,DDDSDA,ζωὸς ὑποκλοπέοιτο ,ἀλύσκων κῆρα μέλαιναν
odyssey,22,383,DDDDDA,τοὺς δὲ ἴδεν μάλα πάντας ,ἐν αἵματι καὶ κονίῃσι
odyssey,22,384,SSSDDA,πεπτεῶτας πολλούς ,ὥστ ἰχθύας οὕς θ ἁλιῆες
odyssey,22,385,DDDSDA,κοῖλον ἐς αἰγιαλὸν ,πολιῆς ἔκτοσθε θαλάσσης
odyssey,22,386,DDDSDA,δικτύῳ ἐξέρυσαν ,πολυωπῷ οἱ δέ τε πάντες
odyssey,22,387,DDDDDA,κύμαθ ἁλὸς ποθέοντες ,ἐπὶ ψαμάθοισι κέχυνται
odyssey,22,388,SDDSDA,τῶν μέν τ ἠέλιος ,φαέθων ἐξείλετο θυμόν
odyssey,22,389,DSDSDA,ὣς τότ ἄρα μνηστῆρες ,ἐπ ἀλλήλοισι κέχυντο
odyssey,22,390,DDDDDA,δὴ τότε τηλέμαχον ,προσέφη πολύμητις ὀδυσσεύς
odyssey,22,391,DDDDSA,τηλέμαχ εἰ δ ἄγε μοι ,κάλεσον τροφὸν εὐρύκλειαν
odyssey,22,392,DSDDDA,ὄφρα ἔπος εἴπωμι ,τό μοι καταθύμιόν ἐστιν
odyssey,22,393,DDDDDA,’ ὣς φάτο τηλέμαχος ,δὲ φίλῳ ἐπεπείθετο πατρί
odyssey,22,394,SDDDSA,κινήσας δὲ θύρην ,προσέφη τροφὸν εὐρύκλειαν
odyssey,22,395,DSDDDA,δεῦρο δὴ ὄρσο γρηῢ ,παλαιγενές ἥ τε γυναικῶν
odyssey,22,396,SDDDDA,δμῳάων σκοπός ἐσσι ,κατὰ μέγαρ ἡμετεράων
odyssey,22,397,DSDDDA,ἔρχεο κικλήσκει ,σε πατὴρ ἐμός ὄφρα τι εἴπῃ
odyssey,22,398,DSSDDA,ὣς ἄρ ἐφώνησεν ,τῇ δ ἄπτερος ἔπλετο μῦθος
odyssey,22,399,SDDSDA,ὤϊξεν δὲ θύρας ,μεγάρων εὖ ναιεταόντων
odyssey,22,400,DSDSDA,βῆ δ ἴμεν αὐτὰρ τηλέμαχος ,πρόσθ ἡγεμόνευεν
odyssey,22,401,DDDDDA,εὗρεν ἔπειτ ὀδυσῆα ,μετὰ κταμένοισι νέκυσσιν
odyssey,22,402,DSDDDA,αἵματι καὶ λύθρῳ ,πεπαλαγμένον ὥστε λέοντα
odyssey,22,403,DSDDSA,ὅς ῥά τε βεβρωκὼς ,βοὸς ἔρχεται ἀγραύλοιο
odyssey,22,404,DSDDDA,πᾶν δ ἄρα οἱ στῆθός ,τε παρήϊά τ ἀμφοτέρωθεν
odyssey,22,405,DDSSDA,αἱματόεντα πέλει ,δεινὸς δ εἰς ὦπα ἰδέσθαι
odyssey,22,406,DDDSDA,ὣς ὀδυσεὺς πεπάλακτο ,πόδας καὶ χεῖρας ὕπερθεν
odyssey,22,407,SDDDDA,ἡ δ ὡς οὖν νέκυάς ,τε καὶ ἄσπετον εἴσιδεν αἷμα
odyssey,22,408,SDDDDA,ἴθυσέν ῥ ὀλολύξαι ,ἐπεὶ μέγα εἴσιδεν ἔργον
odyssey,22,409,DDDDDA,ἀλλ ὀδυσεὺς κατέρυκε ,καὶ ἔσχεθεν ἱεμένην περ
odyssey,22,410,SSDDDA,καί μιν φωνήσας ,ἔπεα πτερόεντα προσηύδα
odyssey,22,411,SSDDDA,ἐν θυμῷ γρηῦ χαῖρε ,καὶ ἴσχεο μηδ ὀλόλυζε
odyssey,22,412,DDDDDA,οὐχ ὁσίη κταμένοισιν ,ἐπ ἀνδράσιν εὐχετάασθαι
odyssey,22,413,DDDSDA,τούσδε δὲ μοῖρ ἐδάμασσε ,θεῶν καὶ σχέτλια ἔργα
odyssey,22,414,DSDDSA,οὔ τινα γὰρ τίεσκον ,ἐπιχθονίων ἀνθρώπων
odyssey,22,415,DDDDDA,οὐ κακὸν οὐδὲ μὲν ἐσθλόν ,ὅτις σφέας εἰσαφίκοιτο
odyssey,22,416,DDDDDA,τῷ καὶ ἀτασθαλίῃσιν ,ἀεικέα πότμον ἐπέσπον
odyssey,22,417,DDDDDA,ἀλλ ἄγε μοι σὺ γυναῖκας ,ἐνὶ μεγάροις κατάλεξον
odyssey,22,418,DSDSDA,αἵ τέ μ ἀτιμάζουσι ,καὶ αἳ νηλείτιδές εἰσιν
odyssey,22,419,SDDDSA,τὸν δ αὖτε προσέειπε ,φίλη τροφὸς εὐρύκλεια
odyssey,22,420,DSDSDA,‘τοιγὰρ ἐγώ τοι τέκνον ,ἀληθείην καταλέξω
odyssey,22,421,SDDDDA,πεντήκοντά τοί εἰσιν ,ἐνὶ μεγάροισι γυναῖκες
odyssey,22,422,SSDDSA,δμῳαί τὰς μέν τ ἔργα ,διδάξαμεν ἐργάζεσθαι
odyssey,22,423,DSSDDA,εἴριά τε ξαίνειν ,καὶ δουλοσύνην ἀνέχεσθαι
odyssey,22,424,SDDSDA,τάων δώδεκα πᾶσαι ,ἀναιδείης ἐπέβησαν
odyssey,22,425,DSSSDA,οὔτ ἐμὲ τίουσαι ,οὔτ αὐτὴν πηνελόπειαν
odyssey,22,426,DDDDDA,τηλέμαχος δὲ νέον ,μὲν ἀέξετο οὐδέ ἑ μήτηρ
odyssey,22,427,SSDSDA,σημαίνειν εἴασκεν ,ἐπὶ δμῳῇσι γυναιξίν
odyssey,22,428,DDDDDA,ἀλλ ἄγ ἐγὼν ἀναβᾶσ ,ὑπερώϊα σιγαλόεντα
odyssey,22,429,SDSDDA,εἴπω σῇ ἀλόχῳ ,τῇ τις θεὸς ὕπνον ἐπῶρσε
odyssey,22,430,DDDDDA,τὴν δ ἀπαμειβόμενος ,προσέφη πολύμητις ὀδυσσεύς
odyssey,22,431,SDDDDA,‘μή πω τήνδ ἐπέγειρε ,σὺ δ ἐνθάδε εἰπὲ γυναιξὶν
odyssey,22,432,DSDDDA,ἐλθέμεν αἵ περ πρόσθεν ,ἀεικέα μηχανόωντο
odyssey,22,433,DSDDDA,ὣς ἄρ ἔφη γρηῢς ,δὲ διὲκ μεγάροιο βεβήκει
odyssey,22,434,DDSDDA,ἀγγελέουσα γυναιξὶ καὶ ,ὀτρυνέουσα νέεσθαι
odyssey,22,435,DDSDDA,αὐτὰρ ὁ τηλέμαχον ,καὶ βουκόλον ἠδὲ συβώτην
odyssey,22,436,DDDDDA,εἰς ἓ καλεσσάμενος ,ἔπεα πτερόεντα προσηύδα
odyssey,22,437,DDDDDA,ἄρχετε νῦν νέκυας ,φορέειν καὶ ἄνωχθε γυναῖκας
odyssey,22,438,DDDDDA,αὐτὰρ ἔπειτα θρόνους ,περικαλλέας ἠδὲ τραπέζας
odyssey,22,439,DSDSDA,ὕδατι καὶ σπόγγοισι ,πολυτρήτοισι καθαίρειν
odyssey,22,440,DSDDSA,αὐτὰρ ἐπὴν δὴ πάντα ,δόμον κατακοσμήσησθε
odyssey,22,441,SDDDDA,δμῳὰς ἐξαγαγόντες ,ἐϋσταθέος μεγάροιο
odyssey,22,442,SDDDDA,μεσσηγύς τε θόλου ,καὶ ἀμύμονος ἕρκεος αὐλῆς
odyssey,22,443,DDDDDA,θεινέμεναι ξίφεσιν ,τανυήκεσιν εἰς ὅ κε πασέων
odyssey,22,444,SDDDDA,ψυχὰς ἐξαφέλησθε ,καὶ ἐκλελάθωντ ἀφροδίτης
odyssey,22,445,DSDSDA,τὴν ἄρ ὑπὸ μνηστῆρσιν ,ἔχον μίσγοντό τε λάθρη
odyssey,22,446,DDDDDA,ὣς ἔφαθ αἱ δὲ γυναῖκες ,ἀολλέες ἦλθον ἅπασαι
odyssey,22,447,DDDDDA,αἴν ὀλοφυρόμεναι ,θαλερὸν κατὰ δάκρυ χέουσαι
odyssey,22,448,DDDDSA,πρῶτα μὲν οὖν νέκυας ,φόρεον κατατεθνηῶτας
odyssey,22,449,DSDSDA,κὰδ δ ἄρ ὑπ αἰθούσῃ ,τίθεσαν εὐερκέος αὐλῆς
odyssey,22,450,SDSSDA,ἀλλήλοισιν ἐρείδουσαι ,σήμαινε δ ὀδυσσεὺς
odyssey,22,451,DSSDDA,αὐτὸς ἐπισπέρχων ,ταὶ δ ἐκφόρεον καὶ ἀνάγκῃ
odyssey,22,452,DDDDDA,αὐτὰρ ἔπειτα θρόνους ,περικαλλέας ἠδὲ τραπέζας
odyssey,22,453,DSDSDA,ὕδατι καὶ σπόγγοισι ,πολυτρήτοισι κάθαιρον
odyssey,22,454,SDSDDA,αὐτὰρ τηλέμαχος ,καὶ βουκόλος ἠδὲ συβώτῃς
odyssey,22,455,SDDSDA,λίστροισιν δάπεδον ,πύκα ποιητοῖο δόμοιο
odyssey,22,456,SDSDDA,ξῦον ταὶ δ ἐφόρεον ,δμῳαί τίθεσαν δὲ θύραζε
odyssey,22,457,DSDDSA,αὐτὰρ ἐπειδὴ πᾶν ,μέγαρον διεκοσμήσαντο
odyssey,22,458,SDDDDA,δμῳὰς δ ἐξαγαγόντες ,ἐϋσταθέος μεγάροιο
odyssey,22,459,SDDDDA,μεσσηγύς τε θόλου ,καὶ ἀμύμονος ἕρκεος αὐλῆς
odyssey,22,460,DSDSDA,εἴλεον ἐν στείνει ,ὅθεν οὔ πως ἦεν ἀλύξαι
odyssey,22,461,DDSDDA,τοῖσι δὲ τηλέμαχος ,πεπνυμένος ἦρχ ἀγορεύειν
odyssey,22,462,SDDDDA,μὴ μὲν δὴ καθαρῷ ,θανάτῳ ἀπὸ θυμὸν ἑλοίμην
odyssey,22,463,SDDDDA,τάων αἳ δὴ ἐμῇ ,κεφαλῇ κατ ὀνείδεα χεῦαν
odyssey,22,464,DDDSDA,μητέρι θ ἡμετέρῃ ,παρά τε μνηστῆρσιν ἴαυον
odyssey,22,465,DSDDSA,ὣς ἄρ ἔφη καὶ πεῖσμα ,νεὸς κυανοπρῴροιο
odyssey,22,466,DSDDDA,κίονος ἐξάψας ,μεγάλης περίβαλλε θόλοιο
odyssey,22,467,DDSDDA,ὑψόσ ἐπεντανύσας ,μή τις ποσὶν οὖδας ἵκοιτο
odyssey,22,468,DSDDDA,ὡς δ ὅτ ἂν ἢ κίχλαι ,τανυσίπτεροι ἠὲ πέλειαι
odyssey,22,469,DSDSDA,ἕρκει ἐνιπλήξωσι ,τό θ ἑστήκῃ ἐνὶ θάμνῳ
odyssey,22,470,DDDDDA,αὖλιν ἐσιέμεναι ,στυγερὸς δ ὑπεδέξατο κοῖτος
odyssey,22,471,SSDDDA,ὣς αἵ γ ἑξείης ,κεφαλὰς ἔχον ἀμφὶ δὲ πάσαις
odyssey,22,472,SDDSDA,δειρῇσι βρόχοι ἦσαν ,ὅπως οἴκτιστα θάνοιεν
odyssey,22,473,SDDDDA,ἤσπαιρον δὲ πόδεσσι ,μίνυνθά περ οὔ τι μάλα δήν
odyssey,22,474,DDDDDA,ἐκ δὲ μελάνθιον ἦγον ,ἀνὰ πρόθυρόν τε καὶ αὐλήν
odyssey,22,475,DSDDDA,τοῦ δ ἀπὸ μὲν ῥῖνάς ,τε καὶ οὔατα νηλέϊ χαλκῷ
odyssey,22,476,SDDDDA,τάμνον μήδεά τ ἐξέρυσαν ,κυσὶν ὠμὰ δάσασθαι
odyssey,22,477,SDSDDA,χεῖράς τ ἠδὲ πόδας ,κόπτον κεκοτηότι θυμῷ
odyssey,22,478,DDDSDA,οἱ μὲν ἔπειτ ἀπονιψάμενοι ,χεῖράς τε πόδας τε
odyssey,22,479,DDDDDA,εἰς ὀδυσῆα δόμονδε ,κίον τετέλεστο δὲ ἔργον
odyssey,22,480,DDDDSA,αὐτὰρ ὅ γε προσέειπε ,φίλην τροφὸν εὐρύκλειαν
odyssey,22,481,DSDDDA,‘οἶσε θέειον γρηΰ ,κακῶν ἄκος οἶσε δέ μοι πῦρ
odyssey,22,482,DSDDDA,ὄφρα θεειώσω ,μέγαρον σὺ δὲ πηνελόπειαν
odyssey,22,483,SDDDDA,ἐλθεῖν ἐνθάδ ἄνωχθι ,σὺν ἀμφιπόλοισι γυναιξί
odyssey,22,484,SSSDDA,πάσας δ ὄτρυνον ,δμῳὰς κατὰ δῶμα νέεσθαι
odyssey,22,485,SDDDSA,’ τὸν δ αὖτε προσέειπε ,φίλη τροφὸς εὐρύκλεια
odyssey,22,486,SDDDDA,‘ναὶ δὴ ταῦτά γε τέκνον ,ἐμόν κατὰ μοῖραν ἔειπες
odyssey,22,487,DSDDDA,ἀλλ ἄγε τοι χλαῖνάν ,τε χιτῶνά τε εἵματ ἐνείκω
odyssey,22,488,SDDDDA,μηδ οὕτω ῥάκεσιν ,πεπυκασμένος εὐρέας ὤμους
odyssey,22,489,DDDSDA,ἕσταθ ἐνὶ μεγάροισι ,νεμεσσητὸν δέ κεν εἴη
odyssey,22,490,DDDDDA,τὴν δ ἀπαμειβόμενος ,προσέφη πολύμητις ὀδυσσεύς
odyssey,22,491,SSDDDA,‘πῦρ νῦν μοι πρώτιστον ,ἐνὶ μεγάροισι γενέσθω
odyssey,22,492,DDDDSA,ὣς ἔφατ οὐδ ἀπίθησε ,φίλη τροφὸς εὐρύκλεια
odyssey,22,493,SDSDDA,ἤνεικεν δ ἄρα πῦρ ,καὶ θήϊον αὐτὰρ ὀδυσσεὺς
odyssey,22,494,DSDSDA,εὖ διεθείωσεν ,μέγαρον καὶ δῶμα καὶ αὐλήν
odyssey,22,495,SDDDDA,γρηῢς δ αὖτ ἀπέβη ,διὰ δώματα κάλ ὀδυσῆος
odyssey,22,496,DDSDDA,ἀγγελέουσα γυναιξὶ καὶ ,ὀτρυνέουσα νέεσθαι
odyssey,22,497,DDDDDA,αἱ δ ἴσαν ἐκ μεγάροιο ,δάος μετὰ χερσὶν ἔχουσαι
odyssey,22,498,DDDSDA,αἱ μὲν ἄρ ἀμφεχέοντο ,καὶ ἠσπάζοντ ὀδυσῆα
odyssey,22,499,SDDDDA,καὶ κύνεον ἀγαπαξόμεναι ,κεφαλήν τε καὶ ὤμους
odyssey,22,500,SDSDDA,χεῖράς τ αἰνύμεναι ,τὸν δὲ γλυκὺς ἵμερος ᾕρει
odyssey,22,501,SDSDDA,κλαυθμοῦ καὶ στοναχῆς ,γίγνωσκε δ ἄρα φρεσὶ πάσας
