text,book,line,meter,first_hemistich,second_hemistich
odyssey,20,1,DDSDDA,αὐτὰρ ὁ ἐν προδόμῳ ,εὐνάζετο δῖος ὀδυσσεύς
odyssey,20,2,DSDDDA,κὰμ μὲν ἀδέψητον ,βοέην στόρεσ αὐτὰρ ὕπερθε
odyssey,20,3,DDSSDA,κώεα πόλλ ὀΐων ,τοὺς ἱρεύεσκον ἀχαιοί
odyssey,20,4,DDSDSA,εὐρυνόμη δ ἄρ ἐπὶ ,χλαῖναν βάλε κοιμηθέντι
odyssey,20,5,DSDDDA,ἔνθ ὀδυσεὺς μνηστῆρσι ,κακὰ φρονέων ἐνὶ θυμῷ
odyssey,20,6,SDSDDA,κεῖτ ἐγρηγορόων ,ταὶ δ ἐκ μεγάροιο γυναῖκες
odyssey,20,7,DSDSDA,ἤϊσαν αἳ μνηστῆρσιν ,ἐμισγέσκοντο πάρος περ
odyssey,20,8,SDDDDA,ἀλλήλῃσι γέλω ,τε καὶ εὐφροσύνην παρέχουσαι
odyssey,20,9,SDDSDA,τοῦ δ ὠρίνετο θυμὸς ,ἐνὶ στήθεσσι φίλοισι
odyssey,20,10,DSDDDA,πολλὰ δὲ μερμήριζε ,κατὰ φρένα καὶ κατὰ θυμόν
odyssey,20,11,DSDSDA,ἠὲ μεταΐξας ,θάνατον τεύξειεν ἑκάστῃ
odyssey,20,12,DSDDDA,ἦ ἔτ ἐῷ μνηστῆρσιν ,ὑπερφιάλοισι μιγῆναι
odyssey,20,13,DDDDDA,ὕστατα καὶ πύματα ,κραδίη δέ οἱ ἔνδον ὑλάκτει
odyssey,20,14,DDDDDA,ὡς δὲ κύων ἀμαλῇσι ,περὶ σκυλάκεσσι βεβῶσα
odyssey,20,15,SSDDDA,ἄνδρ ἀγνοιήσασ ,ὑλάει μέμονέν τε μάχεσθαι
odyssey,20,16,DDDDDA,ὥς ῥα τοῦ ἔνδον ὑλάκτει ,ἀγαιομένου κακὰ ἔργα
odyssey,20,17,SSDSDA,στῆθος δὲ πλήξας ,κραδίην ἠνίπαπε μύθῳ
odyssey,20,18,DDSDDA,τέτλαθι δή κραδίη ,καὶ κύντερον ἄλλο ποτ ἔτλης
odyssey,20,19,DDDDDA,ἤματι τῷ ὅτε μοι ,μένος ἄσχετος ἤσθιε κύκλωψ
odyssey,20,20,SDDSDA,ἰφθίμους ἑτάρους ,σὺ δ ἐτόλμας ὄφρα σε μῆτις
odyssey,20,21,DSDDDA,ἐξάγαγ ἐξ ἄντροιο ,ὀϊόμενον θανέεσθαι
odyssey,20,22,DSDDDA,ὣς ἔφατ ἐν στήθεσσι ,καθαπτόμενος φίλον ἦτορ
odyssey,20,23,DSDDSA,τῷ δὲ μάλ ἐν πείσῃ ,κραδίη μένε τετληυῖα
odyssey,20,24,DDDDDA,νωλεμέως ἀτὰρ αὐτὸς ,ἑλίσσετο ἔνθα καὶ ἔνθα
odyssey,20,25,DDDDDA,ὡς δ ὅτε γαστέρ ἀνὴρ ,πολέος πυρὸς αἰθομένοιο
odyssey,20,26,SSDDDA,ἐμπλείην κνίσης ,τε καὶ αἵματος ἔνθα καὶ ἔνθα
odyssey,20,27,SDDDSA,αἰόλλῃ μάλα δ ὦκα ,λιλαίεται ὀπτηθῆναι
odyssey,20,28,DDDDSA,ὣς ἄρ ὅ γ ἔνθα καὶ ἔνθα ,ἑλίσσετο μερμηρίζων
odyssey,20,29,SSDDDA,ὅππως δὴ μνηστῆρσιν ,ἀναιδέσι χεῖρας ἐφήσει
odyssey,20,30,DDDDDA,μοῦνος ἐὼν πολέσι ,σχεδόθεν δέ οἱ ἦλθεν ἀθήνη
odyssey,20,31,DDDSDA,οὐρανόθεν καταβᾶσα ,δέμας δ ἤϊκτο γυναικί
odyssey,20,32,DDSSDA,στῆ δ ἄρ ὑπὲρ κεφαλῆς ,καί μιν πρὸς μῦθον ἔειπε
odyssey,20,33,SSSDDA,τίπτ αὖτ ἐγρήσσεις ,πάντων περὶ κάμμορε φωτῶν
odyssey,20,34,SDDDDA,οἶκος μέν τοι ὅδ ἐστί ,γυνὴ δέ τοι ἥδ ἐνὶ οἴκῳ
odyssey,20,35,DSDDDA,καὶ πάϊς οἷόν πού ,τις ἐέλδεται ἔμμεναι υἷα
odyssey,20,36,DDDDDA,τὴν δ ἀπαμειβόμενος ,προσέφη πολύμητις ὀδυσσεύς
odyssey,20,37,SDDDDA,‘ναὶ δὴ ταῦτά γε πάντα ,θεά κατὰ μοῖραν ἔειπες
odyssey,20,38,DDDDSA,ἀλλά τί μοι τόδε θυμὸς ,ἐνὶ φρεσὶ μερμηρίζει
odyssey,20,39,SSDDDA,ὅππως δὴ μνηστῆρσιν ,ἀναιδέσι χεῖρας ἐφήσω
odyssey,20,40,DSDDDA,μοῦνος ἐών οἱ δ αἰὲν ,ἀολλέες ἔνδον ἔασι
odyssey,20,41,DDDDSA,πρὸς δ ἔτι καὶ τόδε μεῖζον ,ἐνὶ φρεσὶ μερμηρίζω
odyssey,20,42,SSDDDA,εἴ περ γὰρ κτείναιμι ,διός τε σέθεν τε ἕκητι
odyssey,20,43,DDDSDA,πῆ κεν ὑπεκπροφύγοιμι ,τά σε φράζεσθαι ἄνωγα
odyssey,20,44,SDDSDA,τὸν δ αὖτε προσέειπε ,θεὰ γλαυκῶπις ἀθήνη
odyssey,20,45,DSDDDA,‘σχέτλιε καὶ μέν τίς ,τε χερείονι πείθεθ ἑταίρῳ
odyssey,20,46,SSDDDA,ὅς περ θνητός τ ἐστὶ ,καὶ οὐ τόσα μήδεα οἶδεν
odyssey,20,47,DDDDDA,αὐτὰρ ἐγὼ θεός εἰμι ,διαμπερὲς ἥ σε φυλάσσω
odyssey,20,48,SDDDDA,ἐν πάντεσσι πόνοις ,ἐρέω δέ τοι ἐξαναφανδόν
odyssey,20,49,SSDDSA,εἴ περ πεντήκοντα ,λόχοι μερόπων ἀνθρώπων
odyssey,20,50,DSSDDA,νῶϊ περισταῖεν ,κτεῖναι μεμαῶτες ἄρηϊ
odyssey,20,51,SDDSDA,καί κεν τῶν ἐλάσαιο ,βόας καὶ ἴφια μῆλα
odyssey,20,52,DDDSDA,ἀλλ ἑλέτω σε καὶ ὕπνος ,ἀνίη καὶ τὸ φυλάσσειν
odyssey,20,53,DSDDDA,πάννυχον ἐγρήσσοντα ,κακῶν δ ὑποδύσεαι ἤδη
odyssey,20,54,DDDDDA,ὣς φάτο καί ῥά οἱ ὕπνον ,ἐπὶ βλεφάροισιν ἔχευεν
odyssey,20,55,SDDDDA,αὐτὴ δ ἂψ ἐς ὄλυμπον ,ἀφίκετο δῖα θεάων
odyssey,20,56,DDDDDA,εὖτε τὸν ὕπνος ἔμαρπτε ,λύων μελεδήματα θυμοῦ
odyssey,20,57,DDDDDA,λυσιμελής ἄλοχος ,δ ἄρ ἐπέγρετο κεδνὰ ἰδυῖα
odyssey,20,58,DSDDDA,κλαῖε δ ἄρ ἐν λέκτροισι ,καθεζομένη μαλακοῖσιν
odyssey,20,59,DSDDDA,αὐτὰρ ἐπεὶ κλαίουσα ,κορέσσατο ὃν κατὰ θυμόν
odyssey,20,60,DSDDDA,ἀρτέμιδι πρώτιστον ,ἐπεύξατο δῖα γυναικῶν
odyssey,20,61,DDDDDA,ἄρτεμι πότνα θεά ,θύγατερ διός αἴθε μοι ἤδη
odyssey,20,62,DSDSDA,ἰὸν ἐνὶ στήθεσσι ,βαλοῦσ ἐκ θυμὸν ἕλοιο
odyssey,20,63,DDDSDA,αὐτίκα νῦν ἢ ἔπειτα ,μ ἀναρπάξασα θύελλα
odyssey,20,64,SDDDDA,οἴχοιτο προφέρουσα ,κατ ἠερόεντα κέλευθα
odyssey,20,65,DDSDDA,ἐν προχοῇς δὲ βάλοι ,ἀψορρόου ὠκεανοῖο
odyssey,20,66,DDSDDA,ὡς δ ὅτε πανδαρέου ,κούρας ἀνέλοντο θύελλαι
odyssey,20,67,DSSDDA,τῇσι τοκῆας μὲν ,φθῖσαν θεοί αἱ δ ἐλίποντο
odyssey,20,68,DDDDDA,ὀρφαναὶ ἐν μεγάροισι ,κόμισσε δὲ δῖ ἀφροδίτη
odyssey,20,69,SDDSDA,τυρῷ καὶ μέλιτι ,γλυκερῷ καὶ ἡδέϊ οἴνῳ
odyssey,20,70,SSDSDA,ἥρη δ αὐτῇσιν ,περὶ πασέων δῶκε γυναικῶν
odyssey,20,71,SDSDDA,εἶδος καὶ πινυτήν ,μῆκος δ ἔπορ ἄρτεμις ἁγνή
odyssey,20,72,DSDDSA,ἔργα δ ἀθηναίη ,δέδαε κλυτὰ ἐργάζεσθαι
odyssey,20,73,DSDDDA,εὖτ ἀφροδίτη δῖα ,προσέστιχε μακρὸν ὄλυμπον
odyssey,20,74,SSDDDA,κούρῃς αἰτήσουσα ,τέλος θαλεροῖο γάμοιο—
odyssey,20,75,DDDSDA,ἐς δία τερπικέραυνον ,ὁ γάρ τ εὖ οἶδεν ἅπαντα
odyssey,20,76,SDDSSA,μοῖράν τ ἀμμορίην ,τε καταθνητῶν ἀνθρώπων—
odyssey,20,77,DSSDSA,τόφρα δὲ τὰς κούρας ,ἅρπυιαι ἀνηρείψαντο
odyssey,20,78,DDDDDA,καί ῥ ἔδοσαν στυγερῇσιν ,ἐρινύσιν ἀμφιπολεύειν
odyssey,20,79,DSDDDA,ὣς ἔμ ἀϊστώσειαν ,ὀλύμπια δώματ ἔχοντες
odyssey,20,80,DDDDDA,ἠέ μ ἐϋπλόκαμος ,βάλοι ἄρτεμις ὄφρ ὀδυσῆα
odyssey,20,81,DSDDDA,ὀσσομένη καὶ γαῖαν ,ὕπο στυγερὴν ἀφικοίμην
odyssey,20,82,DDDSDA,μηδέ τι χείρονος ἀνδρὸς ,ἐϋφραίνοιμι νόημα
odyssey,20,83,DDDDDA,ἀλλὰ τὸ μὲν καὶ ἀνεκτὸν ,ἔχει κακόν ὁππότε κέν τις
odyssey,20,84,DSDDDA,ἤματα μὲν κλαίῃ ,πυκινῶς ἀκαχήμενος ἦτορ
odyssey,20,85,SDDDDA,νύκτας δ ὕπνος ἔχῃσιν—ὁ γάρ ,τ ἐπέλησεν ἁπάντων
odyssey,20,86,SDDDDA,ἐσθλῶν ἠδὲ κακῶν ,ἐπεὶ ἄρ βλέφαρ ἀμφικαλύψῃ—
odyssey,20,87,DDDSDA,αὐτὰρ ἐμοὶ καὶ ὀνείρατ ,ἐπέσσευεν κακὰ δαίμων
odyssey,20,88,DSDDDA,τῇδε γὰρ αὖ μοι νυκτὶ ,παρέδραθεν εἴκελος αὐτῷ
odyssey,20,89,NNNNNN,NA,NA
odyssey,20,90,DDDDDA,χαῖρ ἐπεὶ οὐκ ἐφάμην ,ὄναρ ἔμμεναι ἀλλ ὕπαρ ἤδη
odyssey,20,91,DSDDDA,ὣς ἔφατ αὐτίκα ,δὲ χρυσόθρονος ἤλυθεν ἠώς
odyssey,20,92,NNNNNN,NA,NA
odyssey,20,93,SDDDDA,μερμήριζε δ ἔπειτα ,δόκησε δέ οἱ κατὰ θυμὸν
odyssey,20,94,SSDDDA,ἤδη γιγνώσκουσα ,παρεστάμεναι κεφαλῆφι
odyssey,20,95,SDSDDA,χλαῖναν μὲν συνελὼν ,καὶ κώεα τοῖσιν ἐνεῦδεν
odyssey,20,96,DDDDDA,ἐς μέγαρον κατέθηκεν ,ἐπὶ θρόνου ἐκ δὲ βοείην
odyssey,20,97,DDDDDA,θῆκε θύραζε φέρων ,διὶ δ εὔξατο χεῖρας ἀνασχών
odyssey,20,98,DDDDDA,ζεῦ πάτερ εἴ μ ἐθέλοντες ,ἐπὶ τραφερήν τε καὶ ὑγρὴν
odyssey,20,99,DSDDDA,ἤγετ ἐμὴν ἐς γαῖαν ,ἐπεί μ ἐκακώσατε λίην
odyssey,20,100,SSDDSA,φήμην τίς μοι φάσθω ,ἐγειρομένων ἀνθρώπων
odyssey,20,101,DSDDDA,ἔνδοθεν ἔκτοσθεν ,δὲ διὸς τέρας ἄλλο φανήτω
odyssey,20,102,DDSDDA,ὣς ἔφατ εὐχόμενος ,τοῦ δ ἔκλυε μητίετα ζεύς
odyssey,20,103,DSDSDA,αὐτίκα δ ἐβρόντησεν ,ἀπ αἰγλήεντος ὀλύμπου
odyssey,20,104,DDSDDA,ὑψόθεν ἐκ νεφέων ,γήθησε δὲ δῖος ὀδυσσεύς
odyssey,20,105,SSDDDA,φήμην δ ἐξ οἴκοιο ,γυνὴ προέηκεν ἀλετρὶς
odyssey,20,106,DDDDDA,πλησίον ἔνθ ἄρα οἱ ,μύλαι ἥατο ποιμένι λαῶν
odyssey,20,107,SDDSDA,τῇσιν δώδεκα πᾶσαι ,ἐπερρώοντο γυναῖκες
odyssey,20,108,DSDDDA,ἄλφιτα τεύχουσαι ,καὶ ἀλείατα μυελὸν ἀνδρῶν
odyssey,20,109,DSDDDA,αἱ μὲν ἄρ ἄλλαι εὗδον ,ἐπεὶ κατὰ πυρὸν ἄλεσσαν
odyssey,20,110,DSDDDA,ἡ δὲ μί οὔπω παύετ ,ἀφαυροτάτη δ ἐτέτυκτο
odyssey,20,111,DSDDDA,ἥ ῥα μύλην στήσασα ,ἔπος φάτο σῆμα ἄνακτι
odyssey,20,112,DDDSDA,ζεῦ πάτερ ὅς τε θεοῖσι ,καὶ ἀνθρώποισιν ἀνάσσεις
odyssey,20,113,DSDDDA,ἦ μεγάλ ἐβρόντησας ,ἀπ οὐρανοῦ ἀστερόεντος
odyssey,20,114,DDDDDA,οὐδέ ποθι νέφος ἐστί ,τέρας νύ τεῳ τόδε φαίνεις
odyssey,20,115,SDSDDA,κρῆνον νῦν καὶ ἐμοὶ ,δειλῇ ἔπος ὅττι κεν εἴπω
odyssey,20,116,SDDDDA,μνηστῆρες πύματόν ,τε καὶ ὕστατον ἤματι τῷδε
odyssey,20,117,DDDDDA,ἐν μεγάροις ὀδυσῆος ,ἑλοίατο δαῖτ ἐρατεινήν
odyssey,20,118,SDSDDA,οἳ δή μοι καμάτῳ ,θυμαλγέι γούνατ ἔλυσαν
odyssey,20,119,DSSDSA,ἄλφιτα τευχούσῃ ,νῦν ὕστατα δειπνήσειαν
odyssey,20,120,DSSDDA,ὣς ἄρ ἔφη χαῖρεν ,δὲ κλεηδόνι δῖος ὀδυσσεὺς
odyssey,20,121,SSDSDA,ζηνός τε βροντῇ ,φάτο γὰρ τίσασθαι ἀλείτας
odyssey,20,122,SSDDDA,αἱ δ ἄλλαι δμῳαὶ ,κατὰ δώματα κάλ ὀδυσῆος
odyssey,20,123,DDDDDA,ἀγρόμεναι ἀνέκαιον ,ἐπ ἐσχάρῃ ἀκάματον πῦρ
odyssey,20,124,DSDDDA,τηλέμαχος δ εὐνῆθεν ,ἀνίστατο ἰσόθεος φώς
odyssey,20,125,DDDDDA,εἵματα ἑσσάμενος ,περὶ δὲ ξίφος ὀξὺ θέτ ὤμῳ
odyssey,20,126,DDDDDA,ποσσὶ δ ὑπὸ λιπαροῖσιν ,ἐδήσατο καλὰ πέδιλα
odyssey,20,127,DDDDDA,εἵλετο δ ἄλκιμον ἔγχος ,ἀκαχμένον ὀξέι χαλκῷ
odyssey,20,128,DDSSDA,στῆ δ ἄρ ἐπ οὐδὸν ἰών ,πρὸς δ εὐρύκλειαν ἔειπε
odyssey,20,129,DSDSDA,μαῖα φίλη τὸν ξεῖνον ,ἐτιμήσασθ ἐνὶ οἴκῳ
odyssey,20,130,SSSSDA,εὐνῇ καὶ σίτῳ ,ἦ αὔτως κεῖται ἀκηδής
odyssey,20,131,SDSDDA,τοιαύτη γὰρ ἐμὴ ,μήτηρ πινυτή περ ἐοῦσα
odyssey,20,132,SDDDSA,ἐμπλήγδην ἕτερόν ,γε τίει μερόπων ἀνθρώπων
odyssey,20,133,DDDSDA,χείρονα τὸν δέ τ ἀρείον ,ἀτιμήσασ ἀποπέμπει
odyssey,20,134,SDDSSA,τὸν δ αὖτε προσέειπε ,περίφρων εὐρύκλεια
odyssey,20,135,SSDDDA,‘οὐκ ἄν μιν νῦν τέκνον ,ἀναίτιον αἰτιόῳο
odyssey,20,136,SSDDDA,οἶνον μὲν γὰρ πῖνε ,καθήμενος ὄφρ ἔθελ αὐτός
odyssey,20,137,SDSDDA,σίτου δ οὐκέτ ἔφη ,πεινήμεναι εἴρετο γάρ μιν
odyssey,20,138,DSDSSA,ἀλλ ὅτε δὴ κοίτοιο ,καὶ ὕπνου μιμνήσκοιτο
odyssey,20,139,SDDDSA,ἡ μὲν δέμνι ἄνωγεν ,ὑποστορέσαι δμῳῇσιν
odyssey,20,140,DSDSDA,αὐτὰρ ὅ γ ὥς τις πάμπαν ,ὀϊζυρὸς καὶ ἄποτμος
odyssey,20,141,DSDSDA,οὐκ ἔθελ ἐν λέκτροισι ,καὶ ἐν ῥήγεσσι καθεύδειν
odyssey,20,142,DSDSDA,ἀλλ ἐν ἀδεψήτῳ ,βοέῃ καὶ κώεσιν οἰῶν
odyssey,20,143,DDSDDA,ἔδραθ ἐνὶ προδόμῳ ,χλαῖναν δ ἐπιέσσαμεν ἡμεῖς
odyssey,20,144,DDDDDA,ὣς φάτο τηλέμαχος ,δὲ διὲκ μεγάροιο βεβήκει
odyssey,20,145,DDDDDA,ἔγχος ἔχων ἅμα τῷ ,γε δύω κύνες ἀργοὶ ἕποντο
odyssey,20,146,DDDSDA,βῆ δ ἴμεν εἰς ἀγορὴν ,μετ ἐϋκνήμιδας ἀχαιούς
odyssey,20,147,SSDDDA,ἡ δ αὖτε δμῳῇσιν ,ἐκέκλετο δῖα γυναικῶν
odyssey,20,148,SSDSDA,εὐρύκλει ὦπος ,θυγάτηρ πεισηνορίδαο
odyssey,20,149,SSDDSA,ἀγρεῖθ αἱ μὲν δῶμα ,κορήσατε ποιπνύσασαι
odyssey,20,150,DDSSDA,ῥάσσατέ τ ἔν τε θρόνοις ,εὐποιήτοισι τάπητας
odyssey,20,151,DDSSDA,βάλλετε πορφυρέους ,αἱ δὲ σπόγγοισι τραπέζας
odyssey,20,152,SDDDSA,πάσας ἀμφιμάσασθε ,καθήρατε δὲ κρητῆρας
odyssey,20,153,DDDDDA,καὶ δέπα ἀμφικύπελλα ,τετυγμένα ταὶ δὲ μεθ ὕδωρ
odyssey,20,154,SSDDDA,ἔρχεσθε κρήνηνδε ,καὶ οἴσετε θᾶσσον ἰοῦσαι
odyssey,20,155,SSDSDA,οὐ γὰρ δὴν μνηστῆρες ,ἀπέσσονται μεγάροιο
odyssey,20,156,DDDSDA,ἀλλὰ μάλ ἦρι νέονται ,ἐπεὶ καὶ πᾶσιν ἑορτή
odyssey,20,157,DDDDDA,ὣς ἔφαθ αἱ δ ἄρα τῆς ,μάλα μὲν κλύον ἠδ ἐπίθοντο
odyssey,20,158,DDDSDA,αἱ μὲν ἐείκοσι βῆσαν ,ἐπὶ κρήνην μελάνυδρον
odyssey,20,159,SDDDDA,αἱ δ αὐτοῦ κατὰ δώματ ,ἐπισταμένως πονέοντο
odyssey,20,160,SSDSDA,ἐς δ ἦλθον δρηστῆρες ,ἀχαιῶν οἱ μὲν ἔπειτα
odyssey,20,161,DDDDDA,εὖ καὶ ἐπισταμένως ,κέασαν ξύλα ταὶ δὲ γυναῖκες
odyssey,20,162,DSDDDA,ἦλθον ἀπὸ κρήνης ,ἐπὶ δέ σφισιν ἦλθε συβώτης
odyssey,20,163,DDDDDA,τρεῖς σιάλους κατάγων ,οἳ ἔσαν μετὰ πᾶσιν ἄριστοι
odyssey,20,164,SSDDDA,καὶ τοὺς μέν ῥ εἴασε ,καθ ἕρκεα καλὰ νέμεσθαι
odyssey,20,165,SDDSDA,αὐτὸς δ αὖτ ὀδυσῆα ,προσηύδα μειλιχίοισι
odyssey,20,166,SDDSDA,ξεῖν ἦ ἄρ τί σε μᾶλλον ,ἀχαιοὶ εἰσορόωσιν
odyssey,20,167,DSDDDA,ἦέ σ ἀτιμάζουσι ,κατὰ μέγαρ ὡς τὸ πάρος περ
odyssey,20,168,DDDDDA,τὸν δ ἀπαμειβόμενος ,προσέφη πολυμήτις ὀδυσσεύς
odyssey,20,169,SSDSDA,‘αἲ γὰρ δή εὔμαιε ,θεοὶ τισαίατο λώβην
odyssey,20,170,SSDDDA,ἣν οἵδ ὑβρίζοντες ,ἀτάσθαλα μηχανόωνται
odyssey,20,171,DDSSDA,οἴκῳ ἐν ἀλλοτρίῳ ,οὐδ αἰδοῦς μοῖραν ἔχουσιν
odyssey,20,172,SSDSDA,ὣς οἱ μὲν τοιαῦτα ,πρὸς ἀλλήλους ἀγόρευον
odyssey,20,173,DSDDDA,ἀγχίμολον δέ σφ ἦλθε ,μελάνθιος αἰπόλος αἰγῶν
odyssey,20,174,DSDDDA,αἶγας ἄγων αἳ πᾶσι ,μετέρεπον αἰπολίοισι
odyssey,20,175,SSDDDA,δεῖπνον μνηστήρεσσι ,δύω δ ἅμ ἕποντο νομῆες
odyssey,20,176,SDDSDA,καὶ τὰς μὲν κατέδησεν ,ὑπ αἰθούσῃ ἐριδούπῳ
odyssey,20,177,SDDSDA,αὐτὸς δ αὖτ ὀδυσῆα ,προσηύδα κερτομίοισι
odyssey,20,178,DSDSDA,ξεῖν ἔτι καὶ νῦν ἐνθάδ ,ἀνιήσεις κατὰ δῶμα
odyssey,20,179,DSDSDA,ἀνέρας αἰτίζων ,ἀτὰρ οὐκ ἔξεισθα θύραζε
odyssey,20,180,SDDDDA,πάντως οὐκέτι νῶϊ ,διακρινέεσθαι ὀΐω
odyssey,20,181,SSDDDA,πρὶν χειρῶν γεύσασθαι ,ἐπεὶ σύ περ οὐ κατὰ κόσμον
odyssey,20,182,SSDSDA,αἰτίζεις εἰσὶν ,δὲ καὶ ἄλλαι δαῖτες ἀχαιῶν
odyssey,20,183,DSDDDA,ὣς φάτο τὸν δ οὔ τι ,προσέφη πολύμητις ὀδυσσεύς
odyssey,20,184,DSDDDA,ἀλλ ἀκέων κίνησε ,κάρη κακὰ βυσσοδομεύων
odyssey,20,185,DDDDDA,τοῖσι δ ἐπὶ τρίτος ἦλθε ,φιλοίτιος ὄρχαμος ἀνδρῶν
odyssey,20,186,SSDSDA,βοῦν στεῖραν μνηστῆρσιν ,ἄγων καὶ πίονας αἶγας
odyssey,20,187,SDDDDA,πορθμῆες δ ἄρα τούς ,γε διήγαγον οἵ τε καὶ ἄλλους
odyssey,20,188,SSDDDA,ἀνθρώπους πέμπουσιν ,ὅτις σφέας εἰσαφίκηται
odyssey,20,189,DDDSDA,καὶ τὰ μὲν εὖ κατέδησεν ,ὑπ αἰθούσῃ ἐριδούπῳ
odyssey,20,190,SDDSDA,αὐτὸς δ αὖτ ἐρέεινε ,συβώτην ἄγχι παραστάς
odyssey,20,191,DSDSDA,τίς δὴ ὅδε ξεῖνος ,νέον εἰλήλουθε συβῶτα
odyssey,20,192,DSDSDA,ἡμέτερον πρὸς δῶμα ,τέων δ ἐξ εὔχεται εἶναι
odyssey,20,193,SDDSDA,ἀνδρῶν ποῦ δέ νύ οἱ ,γενεὴ καὶ πατρὶς ἄρουρα
odyssey,20,194,DDDDDA,δύσμορος ἦ τε ἔοικε ,δέμας βασιλῆϊ ἄνακτι
odyssey,20,195,DDDSSA,ἀλλὰ θεοὶ δυόωσι ,πολυπλάγκτους ἀνθρώπους
odyssey,20,196,DDDSDA,ὁππότε καὶ βασιλεῦσιν ,ἐπικλώσωνται ὀϊζύν
odyssey,20,197,SDSDDA,ἦ καὶ δεξιτερῇ ,δειδίσκετο χειρὶ παραστάς
odyssey,20,198,SSDDDA,καί μιν φωνήσας ,ἔπεα πτερόεντα προσηύδα
odyssey,20,199,DSDDDA,χαῖρε πάτερ ὦ ξεῖνε ,γένοιτό τοι ἔς περ ὀπίσσω
odyssey,20,200,DSDDDA,ὄλβος ἀτὰρ μὲν νῦν ,γε κακοῖς ἔχεαι πολέεσσι
odyssey,20,201,DSDDDA,ζεῦ πάτερ οὔ τις σεῖο ,θεῶν ὀλοώτερος ἄλλος
odyssey,20,202,DSDSDA,οὐκ ἐλεαίρεις ἄνδρας ,ἐπὴν δὴ γείνεαι αὐτός
odyssey,20,203,DDDDDA,μισγέμεναι κακότητι ,καὶ ἄλγεσι λευγαλέοισιν
odyssey,20,204,DDDSDA,ἴδιον ὡς ἐνόησα ,δεδάκρυνται δέ μοι ὄσσε
odyssey,20,205,DDDSDA,μνησαμένῳ ὀδυσῆος ,ἐπεὶ καὶ κεῖνον ὀΐω
odyssey,20,206,DDDSDA,τοιάδε λαίφε ἔχοντα ,κατ ἀνθρώπους ἀλάλησθαι
odyssey,20,207,DSDDDA,εἴ που ἔτι ζώει ,καὶ ὁρᾷ φάος ἠελίοιο
odyssey,20,208,SSDDDA,εἰ δ ἤδη τέθνηκε ,καὶ εἰν ἀΐδαο δόμοισιν
odyssey,20,209,DDDDDA,ὤ μοι ἔπειτ ὀδυσῆος ,ἀμύμονος ὅς μ ἐπὶ βουσὶν
odyssey,20,210,DDDSDA,εἷσ ἔτι τυτθὸν ἐόντα ,κεφαλλήνων ἐνὶ δήμῳ
odyssey,20,211,SSDDDA,νῦν δ αἱ μὲν γίγνονται ,ἀθέσφατοι οὐδέ κεν ἄλλως
odyssey,20,212,DDDDDA,ἀνδρί γ ὑποσταχύοιτο ,βοῶν γένος εὐρυμετώπων
odyssey,20,213,SDDDDA,τὰς δ ἄλλοι με κέλονται ,ἀγινέμεναί σφισιν αὐτοῖς
odyssey,20,214,DDDDDA,ἔδμεναι οὐδέ τι παιδὸς ,ἐνὶ μεγάροις ἀλέγουσιν
odyssey,20,215,DDDDDA,οὐδ ὄπιδα τρομέουσι ,θεῶν μεμάασι γὰρ ἤδη
odyssey,20,216,DSSDDA,κτήματα δάσσασθαι ,δὴν οἰχομένοιο ἄνακτος
odyssey,20,217,DDDSDA,αὐτὰρ ἐμοὶ τόδε θυμὸς ,ἐνὶ στήθεσσι φίλοισι
odyssey,20,218,DSDDDA,πόλλ ἐπιδινεῖται ,μάλα μὲν κακὸν υἷος ἐόντος
odyssey,20,219,SDDSDA,ἄλλων δῆμον ἱκέσθαι ,ἰόντ αὐτῇσι βόεσσιν
odyssey,20,220,DDDDDA,ἄνδρας ἐς ἀλλοδαπούς ,τὸ δὲ ῥίγιον αὖθι μένοντα
odyssey,20,221,DDDDDA,βουσὶν ἐπ ἀλλοτρίῃσι ,καθήμενον ἄλγεα πάσχειν
odyssey,20,222,SDDDDA,καί κεν δὴ πάλαι ἄλλον ,ὑπερμενέων βασιλήων
odyssey,20,223,DSDDDA,ἐξικόμην φεύγων ,ἐπεὶ οὐκέτ ἀνεκτὰ πέλονται
odyssey,20,224,DSDDDA,ἀλλ ἔτι τὸν δύστηνον ,ὀΐομαι εἴ ποθεν ἐλθὼν
odyssey,20,225,SSDDDA,ἀνδρῶν μνηστήρων ,σκέδασιν κατὰ δώματα θείῃ
odyssey,20,226,DDDDDA,τὸν δ ἀπαμειβόμενος ,προσέφη πολύμητις ὀδυσσεύς
odyssey,20,227,NNNNNN,NA,NA
odyssey,20,228,SDDDDA,γιγνώσκω δὲ καὶ αὐτὸς ,ὅ τοι πινυτὴ φρένας ἵκει
odyssey,20,229,DDDDDA,τοὔνεκά τοι ἐρέω ,καὶ ἐπὶ μέγαν ὅρκον ὀμοῦμαι
odyssey,20,230,SSDDDA,ἴστω νῦν ζεὺς πρῶτα ,θεῶν ξενίη τε τράπεζα
odyssey,20,231,SDDDDA,ἱστίη τ ὀδυσῆος ,ἀμύμονος ἣν ἀφικάνω
odyssey,20,232,DDDDDA,ἦ σέθεν ἐνθάδ ἐόντος ,ἐλεύσεται οἴκαδ ὀδυσσεύς
odyssey,20,233,SSDDDA,σοῖσιν δ ὀφθαλμοῖσιν ,ἐπόψεαι αἴ κ ἐθέλῃσθα
odyssey,20,234,DSDDDA,κτεινομένους μνηστῆρας ,οἳ ἐνθάδε κοιρανέουσιν
odyssey,20,235,SDDDDA,’ τὸν δ αὖτε προσέειπε ,βοῶν ἐπιβουκόλος ἀνήρ
odyssey,20,236,SSDDDA,‘αἲ γὰρ τοῦτο ξεῖνε ,ἔπος τελέσειε κρονίων
odyssey,20,237,SDDSDA,γνοίης χ οἵη ἐμὴ ,δύναμις καὶ χεῖρες ἕπονται
odyssey,20,238,SSDDDA,ὣς δ αὔτως εὔμαιος ,ἐπεύξατο πᾶσι θεοῖσι
odyssey,20,239,SDDDDA,νοστῆσαι ὀδυσῆα ,πολύφρονα ὅνδε δόμονδε
odyssey,20,240,SSDSDA,ὣς οἱ μὲν τοιαῦτα ,πρὸς ἀλλήλους ἀγόρευον
odyssey,20,241,SDDDDA,μνηστῆρες δ ἄρα τηλεμάχῳ ,θάνατόν τε μόρον τε
odyssey,20,242,DDDDDA,ἤρτυον αὐτὰρ ὁ τοῖσιν ,ἀριστερὸς ἤλυθεν ὄρνις
odyssey,20,243,DDDSDA,αἰετὸς ὑψιπέτης ,ἔχε δὲ τρήρωνα πέλειαν
odyssey,20,244,SDDDDA,τοῖσιν δ ἀμφίνομος ,ἀγορήσατο καὶ μετέειπεν
odyssey,20,245,DSSDDA,ὦ φίλοι οὐχ ἡμῖν ,συνθεύσεται ἥδε γε βουλή
odyssey,20,246,DDSSDA,τηλεμάχοιο φόνος ,ἀλλὰ μνησώμεθα δαιτός
odyssey,20,247,DDSDDA,ὣς ἔφατ ἀμφίνομος ,τοῖσιν δ ἐπιήνδανε μῦθος
odyssey,20,248,SSDSSA,ἐλθόντες δ ἐς δώματ ,ὀδυσσῆος θείοιο
odyssey,20,249,SDDSDA,χλαίνας μὲν κατέθεντο ,κατὰ κλισμούς τε θρόνους τε
odyssey,20,250,DDDSDA,οἱ δ ἱέρευον ὄϊς ,μεγάλους καὶ πίονας αἶγας
odyssey,20,251,SDDSDA,ἵρευον δὲ σύας ,σιάλους καὶ βοῦν ἀγελαίην
odyssey,20,252,DSDSDA,σπλάγχνα δ ἄρ ὀπτήσαντες ,ἐνώμων ἐν δέ τε οἶνον
odyssey,20,253,SDDDDA,κρητῆρσιν κερόωντο ,κύπελλα δὲ νεῖμε συβώτης
odyssey,20,254,SDDDDA,σῖτον δέ σφ ἐπένειμε ,φιλοίτιος ὄρχαμος ἀνδρῶν
odyssey,20,255,SDDDDA,καλοῖς ἐν κανέοισιν ,ἐῳνοχόει δὲ μελανθεύς
odyssey,20,256,DDDDDA,οἱ δ ἐπ ὀνείαθ ἑτοῖμα ,προκείμενα χεῖρας ἴαλλον
odyssey,20,257,DDDDDA,τηλέμαχος δ ὀδυσῆα ,καθίδρυε κέρδεα νωμῶν
odyssey,20,258,DDDDDA,ἐντὸς ἐϋσταθέος ,μεγάρου παρὰ λάϊνον οὐδόν
odyssey,20,259,DDDDDA,δίφρον ἀεικέλιον ,καταθεὶς ὀλίγην τε τράπεζαν
odyssey,20,260,DSSSDA,πὰρ δ ἐτίθει σπλάγχνων ,μοίρας ἐν δ οἶνον ἔχευεν
odyssey,20,261,DDSSDA,ἐν δέπαϊ χρυσέῳ ,καί μιν πρὸς μῦθον ἔειπεν
odyssey,20,262,SSDDDA,ἐνταυθοῖ νῦν ἧσο ,μετ ἀνδράσιν οἰνοποτάζων
odyssey,20,263,DDDSDA,κερτομίας δέ τοι αὐτὸς ,ἐγὼ καὶ χεῖρας ἀφέξω
odyssey,20,264,SSDSDA,πάντων μνηστήρων ,ἐπεὶ οὔ τοι δήμιός ἐστιν
odyssey,20,265,DDDSDA,οἶκος ὅδ ἀλλ ὀδυσῆος ,ἐμοὶ δ ἐκτήσατο κεῖνος
odyssey,20,266,SSDDDA,ὑμεῖς δέ μνηστῆρες ,ἐπίσχετε θυμὸν ἐνιπῆς
odyssey,20,267,SDDSDA,καὶ χειρῶν ἵνα μή ,τις ἔρις καὶ νεῖκος ὄρηται
odyssey,20,268,DDDSDA,ὣς ἔφαθ οἱ δ ἄρα πάντες ,ὀδὰξ ἐν χείλεσι φύντες
odyssey,20,269,DSDDDA,τηλέμαχον θαύμαζον ,ὃ θαρσαλέως ἀγόρευε
odyssey,20,270,SDDSDA,τοῖσιν δ ἀντίνοος ,μετέφη εὐπείθεος υἱός
odyssey,20,271,DDDDDA,καὶ χαλεπόν περ ἐόντα ,δεχώμεθα μῦθον ἀχαιοί
odyssey,20,272,DDDSDA,τηλεμάχου μάλα δ ἧμιν ,ἀπειλήσας ἀγορεύει
odyssey,20,273,SSDSDA,οὐ γὰρ ζεὺς εἴασε ,κρονίων τῷ κέ μιν ἤδη
odyssey,20,274,DDDDDA,παύσαμεν ἐν μεγάροισι ,λιγύν περ ἐόντ ἀγορητήν
odyssey,20,275,DDDSDA,ὣς ἔφατ ἀντίνοος ,ὁ δ ἄρ οὐκ ἐμπάζετο μύθων
odyssey,20,276,SDDDDA,κήρυκες δ ἀνὰ ἄστυ ,θεῶν ἱερὴν ἑκατόμβην
odyssey,20,277,SDDDDA,ἦγον τοὶ δ ἀγέροντο ,κάρη κομόωντες ἀχαιοὶ
odyssey,20,278,DDDDSA,ἄλσος ὕπο σκιερὸν ,ἑκατηβόλου ἀπόλλωνος
odyssey,20,279,DSDDDA,οἱ δ ἐπεὶ ὤπτησαν ,κρέ ὑπέρτερα καὶ ἐρύσαντο
odyssey,20,280,SDSDDA,μοίρας δασσάμενοι ,δαίνυντ ἐρικυδέα δαῖτα
odyssey,20,281,DSSDDA,πὰρ δ ἄρ ὀδυσσῆϊ ,μοῖραν θέσαν οἳ πονέοντο
odyssey,20,282,SSDDDA,ἴσην ὡς αὐτοί ,περ ἐλάγχανον ὣς γὰρ ἀνώγει
odyssey,20,283,DDDSSA,τηλέμαχος φίλος υἱὸς ,ὀδυσσῆος θείοιο
odyssey,20,284,SSDDDA,μνηστῆρας δ οὐ πάμπαν ,ἀγήνορας εἴα ἀθήνη
odyssey,20,285,SSSDDA,λώβης ἴσχεσθαι ,θυμαλγέος ὄφρ ἔτι μᾶλλον
odyssey,20,286,DDSDDA,δύη ἄχος κραδίην ,λαερτιάδην ὀδυσῆα
odyssey,20,287,DSDDDA,ἦν δέ τις ἐν μνηστῆρσιν ,ἀνὴρ ἀθεμίστια εἰδώς
odyssey,20,288,SDDDDA,κτήσιππος δ ὄνομ ἔσκε ,σάμῃ δ ἐνὶ οἰκία ναῖεν
odyssey,20,289,SDDSDA,ὃς δή τοι κτεάτεσσι ,πεποιθὼς θεσπεσίοισι
odyssey,20,290,DSSDDA,μνάσκετ ὀδυσσῆος ,δὴν οἰχομένοιο δάμαρτα
odyssey,20,291,DSDDDA,ὅς ῥα τότε μνηστῆρσιν ,ὑπερφιάλοισι μετηύδα
odyssey,20,292,DSDDDA,κέκλυτέ μευ μνηστῆρες ,ἀγήνορες ὄφρα τι εἴπω
odyssey,20,293,SSDDDA,μοῖραν μὲν δὴ ξεῖνος ,ἔχει πάλαι ὡς ἐπέοικεν
odyssey,20,294,SSDSDA,ἴσην οὐ γὰρ καλὸν ,ἀτέμβειν οὐδὲ δίκαιον
odyssey,20,295,SDSDDA,ξείνους τηλεμάχου ,ὅς κεν τάδε δώμαθ ἵκηται
odyssey,20,296,DDSDDA,ἀλλ ἄγε οἱ καὶ ἐγὼ ,δῶ ξείνιον ὄφρα καὶ αὐτὸς
odyssey,20,297,DDSDDA,ἠὲ λοετροχόῳ ,δώῃ γέρας ἠέ τῳ ἄλλῳ
odyssey,20,298,SDDSSA,δμώων οἳ κατὰ δώματ ,ὀδυσσῆος θείοιο
odyssey,20,299,SSDDDA,ὣς εἰπὼν ἔρριψε ,βοὸς πόδα χειρὶ παχείῃ
odyssey,20,300,DDDDDA,κείμενον ἐκ κανέοιο ,λαβών ὁ δ ἀλεύατ ὀδυσσεὺς
odyssey,20,301,DSDSDA,ἦκα παρακλίνας ,κεφαλήν μείδησε δὲ θυμῷ
odyssey,20,302,DDDSDA,σαρδάνιον μάλα τοῖον ,ὁ δ εὔδμητον βάλε τοῖχον
odyssey,20,303,SDDSDA,κτήσιππον δ ἄρα τηλέμαχος ,ἠνίπαπε μύθῳ
odyssey,20,304,SDDDDA,κτήσιππ ἦ μάλα τοι ,τόδε κέρδιον ἔπλετο θυμῷ
odyssey,20,305,DSDDDA,οὐκ ἔβαλες τὸν ξεῖνον ,ἀλεύατο γὰρ βέλος αὐτός
odyssey,20,306,SDDDDA,ἦ γάρ κέν σε μέσον ,βάλον ἔγχεϊ ὀξυόεντι
odyssey,20,307,DDDDDA,καί κέ τοι ἀντὶ γάμοιο ,πατὴρ τάφον ἀμφεπονεῖτο
odyssey,20,308,DSDSDA,ἐνθάδε τῷ μή τίς ,μοι ἀεικείας ἐνὶ οἴκῳ
odyssey,20,309,DSDSDA,φαινέτω ἤδη γὰρ ,νοέω καὶ οἶδα ἕκαστα
odyssey,20,310,DDDDDA,ἐσθλά τε καὶ τὰ χέρηα ,πάρος δ ἔτι νήπιος ἦα
odyssey,20,311,SDSDDA,ἀλλ ἔμπης τάδε μὲν ,καὶ τέτλαμεν εἰσορόωντες
odyssey,20,312,SDSDDA,μήλων σφαζομένων ,οἴνοιό τε πινομένοιο
odyssey,20,313,SDDDDA,καὶ σίτου χαλεπὸν ,γὰρ ἐρυκακέειν ἕνα πολλούς
odyssey,20,314,DDDDDA,ἀλλ ἄγε μηκέτι μοι ,κακὰ ῥέζετε δυσμενέοντες
odyssey,20,315,SSSDDA,εἰ δ ἤδη μ αὐτὸν ,κτεῖναι μενεαίνετε χαλκῷ
odyssey,20,316,DSSDDA,καί κε τὸ βουλοίμην ,καί κεν πολὺ κέρδιον εἴη
odyssey,20,317,DDDDDA,τεθνάμεν ἢ τάδε γ αἰὲν ,ἀεικέα ἔργ ὁράασθαι
odyssey,20,318,SDDSDA,ξείνους τε στυφελιζομένους ,δμῳάς τε γυναῖκας
odyssey,20,319,SDDDDA,ῥυστάζοντας ἀεικελίως ,κατὰ δώματα καλά
odyssey,20,320,DDDDDA,ὣς ἔφαθ οἱ δ ἄρα πάντες ,ἀκὴν ἐγένοντο σιωπῇ
odyssey,20,321,DDDDDA,ὀψὲ δὲ δὴ μετέειπε ,δαμαστορίδης ἀγέλαος
odyssey,20,322,DSDSDA,ὦ φίλοι οὐκ ἂν δή ,τις ἐπὶ ῥηθέντι δικαίῳ
odyssey,20,323,DDDDDA,ἀντιβίοις ἐπέεσσι ,καθαπτόμενος χαλεπαίνοι
odyssey,20,324,DSDDDA,μήτε τι τὸν ξεῖνον ,στυφελίζετε μήτε τιν ἄλλον
odyssey,20,325,SDDSSA,δμώων οἳ κατὰ δώματ ,ὀδυσσῆος θείοιο
odyssey,20,326,DDDSDA,τηλεμάχῳ δέ κε μῦθον ,ἐγὼ καὶ μητέρι φαίην
odyssey,20,327,DSDDDA,ἤπιον εἴ σφωϊν ,κραδίῃ ἅδοι ἀμφοτέροιϊν
odyssey,20,328,DSDSDA,ὄφρα μὲν ὑμῖν θυμὸς ,ἐνὶ στήθεσσιν ἐώλπει
odyssey,20,329,SDDDDA,νοστήσειν ὀδυσῆα ,πολύφρονα ὅνδε δόμονδε
odyssey,20,330,SDDSDA,τόφρ οὔ τις νέμεσις ,μενέμεν τ ἦν ἰσχέμεναί τε
odyssey,20,331,SDDDDA,μνηστῆρας κατὰ δώματ ,ἐπεὶ τόδε κέρδιον ἦεν
odyssey,20,332,SDDDDA,εἰ νόστησ ὀδυσεὺς ,καὶ ὑπότροπος ἵκετο δῶμα
odyssey,20,333,SDDDDA,νῦν δ ἤδη τόδε δῆλον ,ὅ τ οὐκέτι νόστιμός ἐστιν
odyssey,20,334,DDDDDA,ἀλλ ἄγε σῇ τάδε μητρὶ ,παρεζόμενος κατάλεξον
odyssey,20,335,SDDSDA,γήμασθ ὅς τις ἄριστος ,ἀνὴρ καὶ πλεῖστα πόρῃσιν
odyssey,20,336,DSSDDA,ὄφρα σὺ μὲν χαίρων ,πατρώϊα πάντα νέμηαι
odyssey,20,337,SSSSDA,ἔσθων καὶ πίνων ,ἡ δ ἄλλου δῶμα κομίζῃ
odyssey,20,338,SDSDDA,τὸν δ αὖ τηλέμαχος ,πεπνυμένος ἀντίον ηὔδα
odyssey,20,339,SDDDDA,‘οὐ μὰ ζῆν ἀγέλαε ,καὶ ἄλγεα πατρὸς ἐμοῖο
odyssey,20,340,SDSDDA,ὅς που τῆλ ἰθάκης ,ἢ ἔφθιται ἢ ἀλάληται
odyssey,20,341,SDSDDA,οὔ τι διατρίβω ,μητρὸς γάμον ἀλλὰ κελεύω
odyssey,20,342,SDDDDA,γήμασθ ᾧ κ ἐθέλῃ ,ποτὶ δ ἄσπετα δῶρα δίδωμι
odyssey,20,343,DDDDDA,αἰδέομαι δ ἀέκουσαν ,ἀπὸ μεγάροιο δίεσθαι
odyssey,20,344,DSSDDA,μύθῳ ἀναγκαίῳ ,μὴ τοῦτο θεὸς τελέσειεν
odyssey,20,345,DDSDDA,ὣς φάτο τηλέμαχος ,μνηστῆρσι δὲ παλλὰς ἀθήνη
odyssey,20,346,SDDSDA,ἄσβεστον γέλω ὦρσε ,παρέπλαγξεν δὲ νόημα
odyssey,20,347,SSDSDA,οἱ δ ἤδη γναθμοῖσι ,γελοίων ἀλλοτρίοισιν
odyssey,20,348,DDDDDA,αἱμοφόρυκτα δὲ δὴ ,κρέα ἤσθιον ὄσσε δ ἄρα σφέων
odyssey,20,349,DSDSDA,δακρυόφιν πίμπλαντο ,γόον δ ὠΐετο θυμός
odyssey,20,350,DDDDDA,τοῖσι δὲ καὶ μετέειπε ,θεοκλύμενος θεοειδής
odyssey,20,351,SDDDDA,ἆ δειλοί τί κακὸν ,τόδε πάσχετε νυκτὶ μὲν ὑμέων
odyssey,20,352,DDDDDA,εἰλύαται κεφαλαί ,τε πρόσωπά τε νέρθε τε γοῦνα
odyssey,20,353,SDDSDA,οἰμωγὴ δὲ δέδηε ,δεδάκρυνται δὲ παρειαί
odyssey,20,354,DDSSDA,αἵματι δ ἐρράδαται ,τοῖχοι καλαί τε μεσόδμαι
odyssey,20,355,SSDSDA,εἰδώλων δὲ πλέον ,πρόθυρον πλείη δὲ καὶ αὐλή
odyssey,20,356,DDDDDA,ἱεμένων ἔρεβόσδε ,ὑπὸ ζόφον ἠέλιος δὲ
odyssey,20,357,DDDDDA,οὐρανοῦ ἐξαπόλωλε ,κακὴ δ ἐπιδέδρομεν ἀχλύς
odyssey,20,358,DDDSDA,ὣς ἔφαθ οἱ δ ἄρα πάντες ,ἐπ αὐτῷ ἡδὺ γέλασσαν
odyssey,20,359,SDDDDA,τοῖσιν δ εὐρύμαχος ,πολύβου πάϊς ἦρχ ἀγορεύειν
odyssey,20,360,SSDDSA,ἀφραίνει ξεῖνος ,νέον ἄλλοθεν εἰληλουθώς
odyssey,20,361,DDDSDA,ἀλλά μιν αἶψα νέοι ,δόμου ἐκπέμψασθε θύραζε
odyssey,20,362,DSDDDA,εἰς ἀγορὴν ἔρχεσθαι ,ἐπεὶ τάδε νυκτὶ ἐΐσκει
odyssey,20,363,SDDDDA,τὸν δ αὖτε προσέειπε ,θεοκλύμενος θεοειδής
odyssey,20,364,DDDSDA,‘εὐρύμαχ οὔ τί σ ἄνωγα ,ἐμοὶ πομπῆας ὀπάζειν
odyssey,20,365,DSDDDA,εἰσί μοι ὀφθαλμοί ,τε καὶ οὔατα καὶ πόδες ἄμφω
odyssey,20,366,DSDDDA,καὶ νόος ἐν στήθεσσι ,τετυγμένος οὐδὲν ἀεικής
odyssey,20,367,SDDDDA,τοῖς ἔξειμι θύραζε ,ἐπεὶ νοέω κακὸν ὔμμιν
odyssey,20,368,DDDDDA,ἐρχόμενον τό κεν οὔ ,τις ὑπεκφύγοι οὐδ ἀλέαιτο
odyssey,20,369,SSDDDA,μνηστήρων οἳ δῶμα ,κάτ ἀντιθέου ὀδυσῆος
odyssey,20,370,DSDDDA,ἀνέρας ὑβρίζοντες ,ἀτάσθαλα μηχανάασθε
odyssey,20,371,SSDSDA,ὣς εἰπὼν ἐξῆλθε ,δόμων εὖ ναιεταόντων
odyssey,20,372,DSDSDA,ἵκετο δ ἐς πείραιον ,ὅ μιν πρόφρων ὑπέδεκτο
odyssey,20,373,SDDSDA,μνηστῆρες δ ἄρα πάντες ,ἐς ἀλλήλους ὁρόωντες
odyssey,20,374,DDDSDA,τηλέμαχον ἐρέθιζον ,ἐπὶ ξείνοις γελόωντες
odyssey,20,375,DSDDDA,ὧδε δέ τις εἴπεσκε ,νέων ὑπερηνορεόντων
odyssey,20,376,DSDSDA,τηλέμαχ οὔ τις σεῖο ,κακοξεινώτερος ἄλλος
odyssey,20,377,SDDDDA,οἷον μέν τινα τοῦτον ,ἔχεις ἐπίμαστον ἀλήτην
odyssey,20,378,SSSDDA,σίτου καὶ οἴνου ,κεχρημένον οὐδέ τι ἔργων
odyssey,20,379,NNNNNN,NA,NA
odyssey,20,380,SDDSSA,ἄλλος δ αὖτέ τις οὗτος ,ἀνέστη μαντεύεσθαι
odyssey,20,381,SDDDDA,ἀλλ εἴ μοί τι πίθοιο ,τό κεν πολὺ κέρδιον εἴη
odyssey,20,382,SSDSDA,τοὺς ξείνους ἐν νηῒ ,πολυκληῗδι βαλόντες
odyssey,20,383,DSDDDA,ἐς σικελοὺς πέμψωμεν ,ὅθεν κέ τοι ἄξιον ἄλφοι
odyssey,20,384,DSDSDA,ὣς ἔφασαν μνηστῆρες ,ὁ δ οὐκ ἐμπάζετο μύθων
odyssey,20,385,DDDDDA,ἀλλ ἀκέων πατέρα ,προσεδέρκετο δέγμενος αἰεί
odyssey,20,386,DSDDDA,ὁππότε δὴ μνηστῆρσιν ,ἀναιδέσι χεῖρας ἐφήσει
odyssey,20,387,DSDDDA,ἡ δὲ κατ ἄντηστιν ,θεμένη περικαλλέα δίφρον
odyssey,20,388,SDDSDA,κούρη ἰκαρίοιο ,περίφρων πηνελόπεια
odyssey,20,389,SDDSDA,ἀνδρῶν ἐν μεγάροισιν ,ἑκάστου μῦθον ἄκουεν
odyssey,20,390,SSDSDA,δεῖπνον μὲν γάρ τοί ,γε γελοίωντες τετύκοντο
odyssey,20,391,DDDDDA,ἡδὺ τε καὶ μενοεικές ,ἐπεὶ μάλα πόλλ ἱέρευσαν
odyssey,20,392,SSDDDA,δόρπου δ οὐκ ἄν πως ,ἀχαρίστερον ἄλλο γένοιτο
odyssey,20,393,SDDSDA,οἷον δὴ τάχ ἔμελλε ,θεὰ καὶ καρτερὸς ἀνὴρ
odyssey,20,394,DDDDDA,θησέμεναι πρότεροι ,γὰρ ἀεικέα μηχανόωντο
